0,0,900
0,16,816
0,17,1836
0,18,65
0,32,565
0,71,3011.0000000000005
0,74,58
0,75,14
0,76,888
0,79,660
0,111,2245
0,112,515
0,113,1524
0,116,1882
0,119,494
0,121,612
0,154,1574
0,155,418
0,176,1154
0,177,1733
0,181,876
0,182,464
0,183,1707
0,184,187
0,185,1989
0,186,1186
0,187,502
0,241,1601
0,242,1650
0,243,2410
0,244,1386
0,247,1123
0,248,600
0,277,2705
0,278,558
0,294,384
0,298,780
0,308,599
0,310,971
0,311,738
0,317,5
0,318,77
0,335,1072
0,336,1793
0,358,1669
0,359,2002
0,360,1903
0,361,2129
0,362,1717
0,363,1098
0,364,1399
0,365,1774
0,366,897
0,367,161
0,368,934
0,369,900
0,370,684
0,371,1083
0,372,1688
0,373,1329
0,374,2071
0,375,1546
0,376,740
0,377,1630
0,378,2852
0,379,1877
0,380,2193
0,381,2427
0,382,1414
0,383,1963
0,384,1246
0,385,2088
0,386,1581
0,387,2019
0,405,799
0,406,1165
0,407,836
0,408,1263
0,409,1668
0,410,1656
0,411,1602
0,412,1657
0,413,1682
0,414,924
0,415,631
0,416,2130
0,417,2443
0,418,2514
0,448,1491
0,449,1005
0,451,1398
0,457,1973
0,461,1378
0,463,1343
0,464,531
0,465,1631
0,466,2419
0,467,936
0,474,2132
0,475,2181
0,476,1284
0,477,846
0,478,1161
0,479,1041
0,480,5192
0,481,2362
0,482,1287
0,483,1537
0,484,1596
0,485,2178
0,486,1350
0,487,1244
0,488,2198
0,489,1487
0,490,2060
0,491,948
0,492,4429
0,493,1434
0,494,2830
0,495,0.01
0,496,1771
0,514,1801
0,515,1866
0,516,1372
0,517,721
0,518,197
0,519,1320
0,520,1559
0,521,1830
0,522,2272
0,523,0.01
0,524,2239
0,525,1038
0,526,1242
0,527,1105
0,528,3584
0,529,1232
0,530,1786
0,542,1447
0,543,1722
0,544,1564
0,545,297
0,583,1633
0,584,858
0,605,1056
0,606,2072
0,607,657
0,608,954
0,609,1105
0,610,386
0,611,1707
0,612,1727
0,613,589
0,614,940
0,615,796
0,616,2879
0,617,1299
0,618,275
0,619,2775
0,628,1131
0,629,1534
0,630,0.01
0,631,0.01
0,632,1356
0,633,1551
0,634,1729
0,670,2404
0,671,1399
0,675,1190
0,676,1141
0,677,722
0,681,783
0,682,546
0,683,0.01
0,684,1292
0,685,1462
0,686,901
0,687,535
0,688,1001
0,689,721
0,690,206
0,1793,828
0,1794,567
0,1795,449
0,1796,676
0,1797,69
0,1809,1905
0,1811,1284
0,1812,1348
0,1813,2181
0,1818,1038
0,1819,228
0,1820,2001
0,1821,846
0,1822,517
0,1831,690
0,1832,1142
0,1835,2172
0,1836,916
0,1837,1124
0,1838,541
0,1841,1574
0,1842,1326
0,1850,2399
0,1851,2847
0,1855,2071
0,1856,919
0,1867,1807
0,1868,585
0,1869,0.01
0,1873,2563.0000000000005
0,1874,29
0,1875,24
0,1876,1082
0,1877,194
0,1878,2467
0,1879,1062
0,1880,665
0,1881,1167
0,1883,559
0,1895,839
0,1899,159
0,1900,1274
0,1902,2836
0,1903,0.01
0,1904,1877
0,1905,0.01
0,1906,264
0,1907,461
0,1908,244
0,1909,215
0,1910,60
0,1911,264
0,1912,565
0,1913,890
0,1914,0.01
0,1915,960
0,1916,583
0,1919,1390
0,1920,37
0,1924,548
0,1925,537
0,1929,957
0,1930,87
0,1931,387
0,1933,1084
0,1934,114
0,1935,149
0,1936,917
0,1938,1273
0,1942,594
0,1948,1535
0,1949,1473
0,1950,1536
0,1956,2887
0,1976,731
0,1977,1064
0,1978,1031
0,1982,1042
0,1983,325
0,1984,385
0,1985,330
0,1986,704
0,1987,973
0,1988,339
0,1989,884
0,1990,92
0,1993,849
0,1998,1679
0,1999,386
0,2000,1106
0,2002,640
0,2005,1483
0,2006,1219
0,2007,664
0,2008,1179
0,2009,2296
0,2010,1511
0,2011,930
0,2012,189
0,2013,2559
0,2014,50
0,2015,2333
0,2016,111
0,2017,173
0,2018,85
0,2019,1962
0,2020,115
0,2021,1706
0,2022,144
0,2023,2389
0,2024,946
0,2025,637
0,2026,249
0,2027,1144
0,2028,1125
0,2029,1333
0,2030,1225
0,2031,1024
0,2032,1239
0,2037,280
0,2038,163
0,2039,1348
0,2040,579
0,2041,1454
0,2213,1061
0,2433,1306
0,2434,950
0,2435,674
0,2436,2173
0,2437,1493
0,2438,1784
0,2444,302
0,2452,546
0,2453,436
0,2454,1216
0,2455,761
0,2456,13
0,2457,136
0,2458,0.01
0,2459,1579
0,2460,207
0,2462,465
0,2464,312.9371286680689
0,2468,3556
0,2475,939
0,2476,1209
0,2478,1109
0,2479,1093
0,2482,230
0,2489,110
0,2490,1355
0,2491,0.01
0,2503,547
0,2514,675
0,2516,1888
0,2519,1026
0,2520,1947
0,2523,773
0,2524,3949.9999999999995
0,2525,1566
0,2526,2031
0,2527,1300
0,2528,2339
0,2530,1606
0,2531,2272
0,2532,0.01
0,2536,1735
0,2537,1699
0,2538,2018
0,2539,369
0,2540,2232
0,2541,752
0,2542,901
0,2548,1220
0,2549,1288
0,2550,2779
0,2551,2979.9999999999995
0,2552,612
0,2553,63
0,2562,1066
0,2569,705
0,2570,52
0,2573,32
0,2574,1827
0,2577,955
0,2579,1650
0,2582,2644.9999999999995
0,2583,1599
0,2584,2073
0,2585,515
0,2586,524
0,2588,2473
0,2589,3484
0,2594,1514
0,2595,1053
0,2596,1257
0,2597,416
0,2604,1172
0,2607,1490
0,2608,1767
0,2610,1139
0,2627,1239
0,2628,1209
0,2629,1134
0,2872,404
0,2873,1342
0,2874,198
0,2875,848
0,2881,2107
0,2890,759
0,2895,645
0,2896,738
0,2903,2943
0,2905,576
0,2907,7
0,2910,384
0,2911,483
0,2912,372
0,2913,1882
0,2917,650
0,2918,451
0,2919,134
0,2920,440
0,2921,1237
0,2922,509
0,2923,1247
0,2924,1163
0,2927,2015
0,2930,2825
0,2931,390
0,2932,500
0,2933,218
0,2940,974
0,2941,241
0,2945,2050
0,2946,750
0,2947,941
0,2950,1966
0,2951,1999
0,2954,1644
0,2955,1477
0,2974,445
0,2979,936
0,2980,111
0,2983,1493
0,2989,1960
0,2990,2229
0,2991,1226
0,2992,814
0,2997,1448
0,3118,460
0,3119,1189
0,3123,781
0,3135,2100
0,3138,141
0,3140,559
0,3141,2018
0,3145,41
0,3146,1906
0,3148,642
0,3149,799
0,3151,1551
0,3152,2328
0,3153,570
0,3156,1158
0,3157,774
0,3159,1015
0,3161,588.3651417492656
0,3171,1198
0,3172,452
0,3175,903
0,3184,1784
0,3189,1478
0,3190,1687
0,3191,1441
0,3193,663
0,3194,80
0,3195,38
0,3196,101
0,3197,2127
0,3198,26
0,3201,436
0,3202,434
0,3203,1609
0,3204,1916
0,3207,267
0,3208,1215
0,3209,902
0,3210,168
0,3211,306
0,3212,281
0,3213,1064
0,3214,1156
0,3215,477
0,3216,1244
0,3221,885
0,3222,234
0,3223,126
0,3311,1105
0,3312,576
0,3313,445
0,3314,561
0,3317,0.01
0,3318,0.01
0,3319,2025
0,3327,1240
0,3328,1136
0,3329,293
0,3337,1260
0,3338,1094
0,3339,147
0,3340,890
0,3344,948
0,3347,866
0,3357,1209
0,3360,659
0,3361,1531
0,3363,485
0,3364,1480
0,3365,740
0,3382,1686
0,3390,1237
0,3391,697
0,3392,815
0,3393,331
0,3394,238
0,3395,0.01
0,3396,540
0,3397,982
0,3398,127
0,3402,1502
0,3403,499
0,3408,1277
0,3409,0.01
0,3456,0.01
0,3465,967
0,3466,1597
0,3467,1104
0,3468,1530
0,3469,1357
0,3472,1290
0,3477,1536
0,3478,1673
0,3479,1591
0,3480,0.01
0,3482,981
0,3483,968
0,3484,37
0,3487,139
0,3488,474
0,3493,0.01
0,3494,1934
0,3499,542
0,3500,11
0,3502,2024
0,3504,0.01
0,3505,414
0,3506,14
0,3519,1091
0,3521,1523
0,3524,2132
0,3525,104
0,3584,1003
0,3585,17
0,3586,756
0,3587,0.01
0,3592,714
0,3598,792
0,3611,1153
0,3622,2353
0,3624,1235
0,3625,1033
0,3630,213
0,3638,691
0,3639,702
0,3642,800
0,3643,473
0,3646,1499
0,3647,561
0,3649,467
0,3650,1054
0,3652,973
0,3653,598
0,3654,1010
0,3655,1843
0,3692,1157
0,3694,1494
0,3695,201
0,3696,1407
0,3698,907
0,3702,1069
0,3703,1705
0,3704,2164
0,3706,0.01
0,3707,118
0,3710,485
0,3718,651
0,3721,1223
0,3722,2233
0,3724,105
0,3726,1269
0,3728,844
0,3729,902
0,3731,762
0,3734,806
0,3736,1827
0,3738,864
0,3778,3365
0,3779,1046
0,3782,1978
0,3783,266
0,3784,471
0,3789,148
0,3790,1374
0,3791,0.01
0,3792,86
0,3795,232
0,3798,1406
0,3799,1068
0,3800,442
0,3801,535
0,3806,2642
0,3809,824
0,3840,344
0,3845,0.01
0,3846,795
0,3847,34
0,3848,561
0,3855,148
0,3859,661
0,3860,1047
0,3861,5
0,3862,704
0,3866,483
0,3869,0.01
0,3894,319
0,3897,2299
0,3898,0.01
0,3899,663
0,3905,0.01
0,3906,75
0,3908,0.01
0,3909,1486
0,3911,541
0,3912,540
0,3913,0.01
0,3914,1048
0,3917,530
0,3920,1213
0,3921,510
0,3943,0.01
0,3944,344
0,3947,1782
0,3949,559
0,3960,296
0,3961,346
0,3962,1845
0,3963,0.01
0,3964,507
0,3966,1122
0,3967,0.01
0,3983,993
0,3984,691
0,3985,36
0,3988,0.01
0,3990,857
0,3991,1449
0,3993,895
0,3995,249
0,3997,1030
0,4000,853
0,4002,1557
0,4004,1528
0,4005,18
0,4006,21
0,4007,456
0,4012,1893
0,4033,2619
0,4034,0.01
0,4035,2385
0,4038,0.01
0,4041,650
0,4043,858
0,4044,445
0,4050,1092
0,4063,797
0,4064,529
0,4068,927
0,4069,407
0,4071,0.01
0,4072,890
0,4073,0.01
0,4086,1764
0,4091,505
0,4092,1898
0,4094,372
0,4095,2315
0,4100,461
0,4103,844
0,4104,1319
0,4113,362
0,4119,431
0,4120,224
0,4122,1100
0,4127,950
0,4137,394
0,4140,1469
0,4144,642
0,4147,1439
0,4149,1014
0,4150,1546
0,4152,0.01
0,4162,191
0,4163,598
0,4165,0.01
0,4169,472
0,4170,1604
0,4172,862
0,4179,1630
0,4182,482
0,4183,0.01
0,4184,221
0,4196,75
0,4204,196
0,4205,199
0,4211,5
0,4214,435
0,4217,835
0,4219,200
0,4220,378
0,4222,0.01
0,4227,215
0,4235,1323
0,4237,177
0,4239,56
0,4249,982
0,4251,709
0,4252,255
0,4255,150
0,4256,440
0,4258,50
0,4259,251
0,4260,237
0,4261,1134
0,4268,240
0,4269,62
0,4274,1092
0,4280,629
0,4287,90
0,4290,48
0,4292,508
0,4293,700
0,4294,283
0,4295,63
0,4297,0.01
0,4298,1015
0,4300,914
0,4301,1176
0,4302,111
0,4303,0.01
0,4305,0.01
0,4306,814
0,4308,330
0,4313,1056
0,4314,0.01
0,4318,178
0,4320,386
0,4337,0.01
0,4352,79
0,4356,439
0,4360,103
0,4362,3084
0,4367,215
0,4368,0.01
0,4378,528
0,4379,202
0,4380,198
0,4381,469
0,4382,1429
0,4383,312
0,4384,122
0,4386,326
0,4389,25
0,4393,6
0,4394,57
0,4395,608
0,4399,0.01
0,4401,857
0,4406,0.01
0,4409,0.01
0,4411,79
0,4413,16
0,4415,361
0,4420,395
0,4431,0.01
0,4433,63
0,4434,29
0,4435,0.01
0,4452,457
0,4455,0.01
0,4456,21
0,4461,0.01
0,4464,145
0,4468,660
0,4469,22
0,4470,328
0,4474,218
0,4476,0.01
0,4481,7
0,4482,0.01
0,4484,0.01
0,4487,236
0,4488,73
0,4495,52
0,4497,624
0,4498,1311
0,4499,647
0,4502,1
0,4508,0.01
0,4510,150
0,4511,55
0,4513,235
0,4516,545
0,4521,0.01
0,4527,172
0,4531,8
0,4535,0.01
0,4540,69
0,4542,129
0,4543,435
0,4545,31
0,4547,0.01
0,4548,147
0,4549,160
0,4551,9
0,4556,0.01
0,4558,100
0,4559,243
0,4568,26
0,4570,54
0,4571,331
0,4573,31
0,4574,0.01
0,4577,6
0,4581,45
0,4586,24
0,4593,0.01
0,4594,4
0,4595,0.01
0,4596,42
0,4602,0.01
1,1,2612
1,2,2002
1,3,5193
1,4,3906
1,5,1152
1,6,3867
1,7,3415
1,20,1406
1,21,2156
1,22,962
1,53,2346
1,55,1733
1,56,1418
1,67,649
1,90,3058
1,91,3404
1,92,759
1,99,3962
1,100,918
1,101,3201
1,102,1185
1,103,2276
1,104,730
1,105,4438
1,106,946
1,110,1679
1,118,2027
1,126,4527
1,127,193
1,128,1303
1,129,3116
1,130,2843
1,139,2258
1,140,2602
1,142,4764
1,173,2023
1,174,1634
1,175,3011
1,189,1367
1,228,41
1,229,2038
1,230,995
1,231,1017
1,232,903
1,256,710
1,257,214
1,267,565
1,297,1953
1,305,872
1,322,1473
1,324,2959
1,325,346
1,326,906
1,327,272
1,329,1716
1,330,197
1,331,4180
1,332,2728
1,394,806
1,395,2314
1,396,1314
1,447,197
1,450,1589
1,460,1922
1,470,318
1,471,508
1,506,5638
1,507,1622
1,508,1480
1,509,489
1,532,18
1,533,439
1,534,1087
1,535,2844
1,559,572
1,560,413
1,561,2422
1,581,929
1,582,653
1,586,724
1,587,1582
1,588,654
1,589,2299
1,590,1153
1,649,288
1,650,224
1,651,185
1,652,2855
1,653,879
1,664,1819
1,667,532
1,668,765
1,669,217
1,680,658
1,691,1484
1,696,899
1,697,1663
1,698,1044
1,712,719
1,720,1532
1,721,152
1,724,2123
1,725,1151
1,726,208
1,727,113
1,728,754
1,836,546
1,861,3548
1,862,4010
1,863,1581
1,864,902
1,866,1422
1,867,1420
1,868,1892
1,869,1392
1,870,1768
1,871,1112
1,872,5301
1,873,1211
1,874,660
1,876,3719
1,877,4482
1,878,4558
1,879,3205
1,880,442
1,881,3181
1,882,2678
1,883,1690
1,884,854
1,885,1309
1,899,898
1,900,1316
1,901,2669
1,906,5439
1,907,4834
1,908,5272
1,914,239
1,919,615
1,923,772
1,947,4571
1,948,2889
1,988,1030
1,989,3590
1,990,3202
1,991,3190
1,992,1866
1,993,764
1,994,1395
1,998,953
1,999,2467
1,1000,3034
1,1001,1197
1,1002,1295
1,1003,2636
1,1011,5359
1,1012,3007
1,1019,2988
1,1020,2552
1,1021,2593
1,1023,4209
1,1024,1565
1,1025,897
1,1026,1232
1,1027,950
1,1028,661
1,1029,4818
1,1030,644
1,1031,4100
1,1037,3328
1,1038,5284
1,1039,194
1,1056,5994
1,1057,2303
1,1087,2866
1,1088,500
1,1089,878
1,1090,150
1,1091,2029
1,1092,3442
1,1105,495
1,1125,2243
1,1209,1773
1,1210,1759
1,1211,2259
1,1213,1306
1,1214,1115
1,1215,2622
1,1216,1104
1,1217,1833
1,1229,3627
1,1230,127
1,1231,20
1,1232,438
1,1233,568
1,1234,309
1,1240,3179
1,1241,1096
1,1265,2001
1,1266,515
1,1267,3153
1,1268,1460
1,1269,2742
1,1270,8917
1,1271,2112
1,1272,5216
1,1285,1341
1,1286,431
1,1287,1458
1,1291,99
1,1294,1605
1,1309,742
1,1323,2346
1,1366,1092
1,1367,1756
1,1368,648
1,1369,334
1,1370,159
1,1373,2388
1,1383,190
1,1384,262
1,1405,717
1,1475,772
1,1490,608
1,1491,1496
1,1492,1126
1,1493,3951
1,1494,3134
1,1495,349
1,1496,1019.6591821779148
1,1498,1857
1,1501,282
1,1502,529
1,1505,251
1,1506,705
1,1522,785
1,1535,1447
1,1602,415
1,1615,1703
1,1620,2231
1,1622,177
1,1623,1045
1,1624,1259
1,1664,4478
1,1676,847
1,1677,1570
1,1685,1724
1,1691,4905
1,1692,1473
1,1707,1862
1,1708,2989
1,1709,639
1,1710,415
1,1711,3848
1,1712,449
1,1713,580
1,1714,5475
1,1719,922
1,1720,209
1,1721,2843
1,1746,1008
1,1767,1463
1,1768,2116
1,1769,742
1,1772,3686
1,1773,849
1,1774,1305
1,1776,4586
1,1778,764
1,1779,917
1,1787,1175
1,1788,3063
1,1799,634
1,1804,1419
1,1805,700
1,1871,2250
1,1872,1345
1,1886,1562
1,1887,643
1,1892,1371
1,1927,1803
1,1953,816
1,1958,2279
1,1960,4175
1,1961,3596
1,2001,1677
1,2003,185
1,2045,618
1,2047,523
1,2050,229
1,2055,171
1,2056,243
1,2057,143
1,2064,801
1,2065,1316
1,2066,3760
1,2069,1101
1,2070,2701
1,2072,1217
1,2073,996
1,2088,1691
1,2089,2527
1,2090,2749
1,2091,1715
1,2103,2230
1,2104,4661
1,2106,1041
1,2114,6485
1,2115,4228
1,2116,2561
1,2119,123
1,2120,719
1,2121,1180
1,2122,807
1,2168,930
1,2174,988
1,2203,1128
1,2242,3366
1,2243,3095
1,2244,1085
1,2245,2287
1,2246,495
1,2285,407
1,2286,853
1,2293,1357
1,2294,1726
1,2305,1195
1,2307,242
1,2308,4539
1,2309,4585
1,2310,869
1,2318,3576
1,2319,1380
1,2320,598
1,2327,333
1,2330,293
1,2333,892
1,2334,155
1,2335,328
1,2336,410
1,2343,5
1,2345,1801
1,2348,415
1,2349,803
1,2350,6766
1,2364,1612
1,2367,1297
1,2384,1164
1,2385,515
1,2386,1497
1,2387,1218
1,2423,1147
1,2429,1231
1,2449,3157
1,2450,566
1,2451,33
1,2464,316.0628713319311
1,2465,180
1,2483,967
1,2498,105
1,2502,118
1,2529,804
1,2559,574
1,2560,219
1,2561,1576
1,2567,2192
1,2568,986
1,2587,433
1,2592,160
1,2601,259
1,2602,37
1,2623,177
1,2624,123
1,2626,427
1,2639,749
1,2645,2054
1,2659,76
1,2660,6715
1,2678,2044
1,2694,1032
1,2695,1479
1,2696,3320
1,2707,1167
1,2711,2921
1,2712,975
1,2713,468
1,2714,3529
1,2743,885
1,2751,2310
1,2761,487
1,2777,411
1,2780,1212
1,2783,1505
1,2792,2458
1,2798,443
1,2804,3038
1,2809,830
1,2811,1013
1,2828,273
1,2830,733
1,2831,2807
1,2832,2325
1,2839,431
1,2840,830
1,2847,359
1,2854,116
1,2868,1380
1,2906,767
1,2958,529
1,2969,693
1,2970,1199
1,2999,236
1,3001,185
1,3003,183
1,3005,5487
1,3024,292
1,3066,1545
1,3067,2653
1,3068,2823
1,3069,1503
1,3072,970
1,3081,275
1,3082,209
1,3084,4268
1,3099,1403
1,3115,890
1,3129,470
1,3130,148
1,3137,3019
1,3217,344
1,3218,65
1,3227,206
1,3231,234
1,3235,76
1,3250,6016
1,3251,2293
1,3254,329
1,3255,2069
1,3285,284
1,3286,62
1,3300,1246
1,3342,1552.794428563735
1,3343,2566
1,3369,4074
1,3410,615
1,3413,615
1,3422,447
1,3440,1465
1,3446,51
1,3447,298
1,3485,1005
1,3498,111
1,3520,523
1,3527,120
1,3529,219
1,3543,1161
1,3562,962
1,3570,134
1,3572,1016
1,3573,646
1,3575,134
1,3582,195
1,3658,327
1,3660,55
1,3677,276
1,3687,287
1,3697,410
1,3720,1238
1,3737,161
1,3739,30
1,3742,331
1,3744,192
1,3749,434
1,3804,1946
1,3832,535
1,3834,132
1,3841,3063
1,3856,91
1,3874,209
1,3875,238
1,3876,100
1,3877,1329
1,3923,58
1,3955,101
1,4022,124
1,4029,587
1,4048,196
1,4056,312
1,4065,34
1,4082,233
1,4089,389
1,4101,753
1,4129,952
1,4131,609
1,4197,1616
1,4212,1004
1,4241,195
1,4242,1543
1,4245,211
1,4262,1113
1,4281,2784
1,4283,77
1,4361,529
1,4366,73
1,4388,125
1,4467,152
1,4485,0.01
1,4500,1177
1,4554,259
2,8,1882
2,9,2539
2,10,3549
2,11,2508
2,12,2698
2,13,3848
2,14,964
2,15,165
2,23,3377
2,24,3712
2,25,3596
2,26,7281
2,27,2330
2,28,5119
2,45,2796
2,46,523
2,47,8561
2,48,4166
2,49,5119
2,50,3419
2,51,1933
2,52,250
2,68,803
2,69,6816
2,70,533
2,141,698
2,215,1143
2,216,833
2,217,925
2,218,2432
2,219,763
2,233,2149
2,234,1843
2,252,886
2,253,4136
2,254,202
2,255,3933
2,279,3401
2,280,3020
2,281,5133
2,282,797
2,283,2903
2,284,1736
2,285,7208
2,291,7774
2,292,4951
2,306,840
2,337,2205
2,338,1215
2,339,4569
2,340,5471
2,341,3973
2,342,1924
2,343,5089
2,344,1458
2,345,1482
2,346,5850
2,347,5121
2,348,4054
2,349,4157
2,351,450.6018163313274
2,353,4216
2,354,5072
2,355,3374
2,356,2779
2,357,3466
2,397,4302
2,398,745
2,399,4621
2,400,1065
2,401,673
2,402,682
2,419,2113
2,420,3133
2,421,2335
2,422,1657
2,423,5355
2,424,2827
2,425,4497
2,426,3860
2,427,1222
2,428,3413
2,429,4167
2,430,7703
2,431,3378
2,432,3159
2,433,2513
2,434,3310
2,435,1717
2,436,909
2,437,3262
2,439,4090
2,440,1290
2,442,1615
2,443,1896
2,444,2260
2,445,2737
2,459,1088
2,501,1871
2,502,1729
2,503,2081
2,504,3363
2,505,2700
2,512,1158
2,513,1589
2,536,2784
2,537,2958
2,546,1493
2,547,1831
2,548,1889
2,549,2600
2,550,3867
2,554,2762
2,555,1287
2,558,3208
2,623,2476
2,635,2540
2,636,2695
2,637,6127
2,692,1027
2,693,873
2,694,2573
2,695,380
2,701,2540
2,702,1004
2,703,4341
2,722,865
2,731,2494
2,732,3882
2,733,1672
2,734,1410
2,737,2785
2,740,1511
2,741,3131
2,742,1182
2,743,2012
2,744,1095
2,745,3347
2,752,4655
2,753,3416
2,754,2683
2,755,2685
2,756,3199
2,757,3292
2,758,1892
2,759,1126
2,760,3899
2,761,2459
2,762,1802
2,763,4025
2,764,2337
2,765,555
2,766,2193
2,767,1472
2,768,3343
2,769,2034
2,770,2513
2,771,4530
2,772,4956
2,773,1710
2,774,3470
2,779,3613
2,780,699
2,781,1365
2,782,1165
2,783,518
2,784,575
2,785,2324
2,856,2787
2,886,1402
2,887,1588
2,888,1180
2,889,1885
2,892,563
2,920,2628
2,974,1433
2,975,653
2,976,1185
2,977,2556
2,978,553
2,979,1674
2,1040,1211
2,1065,4170
2,1066,4591
2,1067,4953
2,1068,1506
2,1076,5139
2,1077,1490
2,1078,3862
2,1082,791
2,1083,1967
2,1097,775
2,1102,1807
2,1150,843
2,1151,4054
2,1152,3833
2,1153,2464
2,1166,4447
2,1167,2038
2,1196,2316
2,1204,813
2,1327,614
2,1328,642
2,1349,1639
2,1350,1147
2,1351,803
2,1363,1031
2,1374,785
2,1385,604
2,1477,1017
2,1542,55.51213026762707
2,1559,871
2,1578,292
2,1596,1810
2,1597,1166
2,1607,1567
2,1614,641
2,1617,601
2,1618,1330
2,1627,1466
2,1665,1264
2,1666,1407
2,1668,1112
2,1673,2807
2,1674,3784
2,1675,762
2,1679,599
2,1680,2523
2,1681,710
2,1690,1782
2,1723,804
2,1724,698
2,1751,2915
2,1752,1579
2,1753,3182
2,1754,3126
2,1755,1341
2,1756,2264
2,1757,1347
2,1758,5859
2,1800,3071
2,1801,4934
2,1803,3950
2,1865,2398
2,1866,3360
2,1889,6727
2,1891,1382
2,1893,2896
2,1926,1852
2,1944,1327
2,1954,2323
2,1955,2442
2,1962,1616
2,1964,7717
2,1966,1200
2,1971,2554
2,1972,820
2,2033,1877
2,2034,1586
2,2035,1553
2,2036,2231
2,2058,1437
2,2059,1336
2,2060,1874
2,2061,2246
2,2074,409
2,2155,1521
2,2248,412
2,2280,901
2,2281,1797
2,2340,439
2,2341,792
2,2342,1643
2,2441,363
2,2487,242
2,2506,4671
2,2533,2003
2,2534,5518
2,2535,994
2,2546,3642
2,2547,250
2,2554,1507
2,2555,4533
2,2556,1963
2,2557,5059
2,2558,2328
2,2590,1252
2,2591,867
2,2611,2238
2,2612,1714
2,2613,2857
2,2614,1246
2,2632,831
2,2633,2499
2,2634,1036
2,2635,3133
2,2636,2922
2,2657,1374
2,2756,1012
2,2795,530
2,2837,540
2,2846,1807
2,2853,262
2,2953,613
2,2972,2301
2,2975,1523
2,2976,1254
2,2977,1240
2,2987,2949
2,2993,1250
2,2994,1540
2,2996,1067
2,3011,417
2,3026,1627
2,3188,1087
2,3192,2826
2,3229,2643
2,3230,1764
2,3341,2117
2,3407,2953
2,3411,588
2,3417,434
2,3463,793
2,3497,1841
2,3651,1654
2,3719,403
2,3812,2577
2,3870,1454
2,3871,1364
2,3873,2611
2,3918,1734
2,3946,260
2,3956,160
2,3957,93
2,4051,2126
2,4102,1334
2,4198,696
2,4296,1801
3,19,1149
3,57,2538
3,58,2630
3,59,1677
3,60,2500
3,61,1641
3,62,249
3,63,719
3,64,2776
3,83,2616
3,84,3142
3,85,1962
3,86,1969
3,87,5352
3,88,6088
3,89,4109
3,567,573
3,568,296
3,572,1011
3,573,739
3,574,775
3,575,472
3,576,2113
3,603,1877
3,921,907
3,922,770
3,935,518
3,936,451
3,937,424
3,938,1825
3,939,2245
3,940,1539
3,945,715
3,946,1266
3,950,1125
3,951,206
3,952,352
3,957,2001
3,958,2718
3,962,1622
3,963,2418
3,967,1120
3,968,1245
3,969,1297
3,970,2865
3,971,1810
3,972,2723
3,995,1928
3,996,1069
3,997,803
3,1062,2132
3,1094,2022
3,1095,2170
3,1099,104
3,1100,211
3,1101,662
3,1106,2081
3,1107,2129
3,1108,317
3,1109,1572
3,1110,688
3,1113,2093
3,1114,785
3,1115,885
3,1116,692
3,1117,1838
3,1118,2168
3,1119,2262
3,1120,871
3,1121,966
3,1122,1116
3,1123,863
3,1124,1472
3,1126,1793
3,1127,3183
3,1128,1805
3,1129,1185
3,1130,2763
3,1131,11
3,1133,2044
3,1134,1470
3,1135,1378
3,1136,1619
3,1137,868
3,1139,1976
3,1140,122
3,1141,0.01
3,1142,1096
3,1143,1729
3,1144,261
3,1145,61
3,1146,288
3,1147,437
3,1148,0.01
3,1154,2002
3,1155,1887
3,1156,1791
3,1157,0.01
3,1158,1392
3,1159,3488
3,1160,70
3,1162,1950
3,1173,2846
3,1174,3464
3,1175,1702
3,1176,766
3,1179,459
3,1180,921
3,1182,2702
3,1183,1201
3,1184,1024
3,1185,898
3,1186,68
3,1188,1837
3,1189,1653
3,1195,2828
3,1202,661
3,1203,2646
3,1218,2653
3,1219,1495
3,1221,2007
3,1222,1071
3,1223,1594
3,1224,802
3,1225,62
3,1238,3690
3,1242,865
3,1243,789
3,1244,1037
3,1245,2348
3,1246,0.01
3,1247,8
3,1248,1317
3,1249,565
3,1250,448
3,1251,755
3,1252,2
3,1253,0.01
3,1254,9
3,1255,3738
3,1256,1228
3,1257,2117
3,1258,4037
3,1259,3981
3,1260,2399
3,1262,46
3,1307,2659
3,1308,2506
3,1310,863
3,1311,967
3,1312,24
3,1313,383
3,1314,660
3,1315,1544
3,1316,1554
3,1317,681
3,1318,694
3,1319,65
3,1320,11
3,1321,1378
3,1322,1743
3,1324,1227
3,1329,1748
3,1356,765
3,1380,1338
3,1386,3769.204777244362
3,1387,1569
3,1415,2289
3,1421,786
3,1422,1996
3,1489,1041
3,1523,1738
3,1524,1540
3,1541,830
3,1542,434.4878697323729
3,1576,822
3,1577,738
3,1599,1757
3,1612,2649
3,1639,2493
3,1693,2965
3,1694,1144
3,1695,3969
3,1696,3797
3,1697,576
3,1698,5690
3,1699,2210
3,1700,3022
3,1701,1614
3,1702,376
3,1703,1437
3,1705,2561
3,1715,483
3,1716,5619
3,1717,1742
3,1718,2998
3,1725,3615
3,1726,1805
3,1730,2452
3,1731,2905
3,1732,737
3,1733,1694
3,1734,1953
3,1736,2311
3,1738,1180
3,1739,2680
3,1740,3989
3,1741,367
3,1759,1616
3,1760,390
3,1761,538
3,1762,2556
3,1763,802
3,1777,2004
3,1780,593
3,1781,492
3,2063,722
3,2108,1261
3,2109,544
3,2110,209
3,2111,628
3,2124,571
3,2125,2315
3,2137,3037
3,2138,1937
3,2139,1469
3,2140,1560
3,2141,289
3,2142,470
3,2143,514
3,2144,58
3,2157,1730
3,2158,1684
3,2159,2346
3,2161,1373
3,2182,1516
3,2183,3092
3,2184,1828
3,2186,3500
3,2187,2523
3,2188,1338
3,2189,2617
3,2190,1578
3,2191,209
3,2192,982
3,2193,91
3,2194,19
3,2196,0.01
3,2197,1468
3,2198,756
3,2199,504
3,2200,565
3,2201,767
3,2202,1576
3,2204,1069
3,2206,618
3,2207,686
3,2208,2
3,2209,975
3,2210,1594
3,2220,600
3,2222,630
3,2228,1321
3,2229,1507
3,2352,1133
3,2353,3402
3,2365,1197
3,2366,586
3,2368,1637
3,2369,1731
3,2370,493
3,2371,1366
3,2372,231
3,2375,162
3,2377,2058
3,2378,714
3,2379,649
3,2380,2211
3,2381,620
3,2382,1724
3,2383,2226
3,2391,2513
3,2392,2072
3,2405,540
3,2406,594
3,2407,1322
3,2408,2089
3,2409,1701
3,2410,1509
3,2411,2400
3,2412,3364
3,2413,2940
3,2414,1456
3,2415,1225
3,2417,1509
3,2418,2500
3,2440,2666
3,2446,1998
3,2603,410
3,2666,646
3,2669,1719
3,2670,2151
3,2671,3237
3,2673,801
3,2674,1210
3,2675,499
3,2676,0.01
3,2677,1883
3,2680,1505
3,2681,3275
3,2682,944
3,2683,603
3,2684,233
3,2685,3149
3,2686,820
3,2687,201
3,2688,3153
3,2689,2328
3,2690,0.01
3,2691,692
3,2692,4116
3,2697,1240
3,2698,1143
3,2699,423
3,2715,1747
3,2716,756
3,2717,1414
3,2718,24
3,2720,1283
3,2721,706
3,2722,364
3,2723,3143
3,2724,1365
3,2725,1360
3,2726,704
3,2727,0.01
3,2728,66
3,2729,917
3,2731,2018
3,2732,280
3,2733,439
3,2734,244
3,2735,259
3,2736,1946
3,2737,826
3,2739,1067
3,2740,452
3,2741,1495
3,2742,4905
3,2744,1373
3,2745,187
3,2746,2956
3,2748,1805
3,2749,2056
3,2750,961
3,2753,1006
3,2754,907
3,2755,1693
3,2757,297
3,2758,92
3,2759,507
3,2760,3263
3,2766,1508
3,2767,786
3,2768,164
3,2769,198
3,2770,3025
3,2771,754
3,2772,1832
3,2773,1119
3,2774,1576
3,2775,577
3,2785,868
3,2786,341
3,2787,850
3,2788,1372
3,2789,607
3,2790,0.01
3,2791,1574
3,2793,1908
3,2794,79
3,2799,5127
3,2812,1657
3,2859,3642
3,2860,791
3,2861,1614
3,2862,1247
3,2863,1889
3,2866,2507
3,2867,427
3,2870,1046
3,3006,772
3,3009,1144
3,3020,1843
3,3021,1720
3,3022,2228
3,3023,1753
3,3027,694
3,3039,484
3,3040,397
3,3041,5
3,3042,1023
3,3043,183
3,3044,969
3,3045,1424
3,3046,2937
3,3047,939
3,3051,247
3,3052,257
3,3053,277
3,3054,1361
3,3055,357
3,3056,3150
3,3058,919
3,3088,29
3,3089,546
3,3090,297
3,3091,2524
3,3094,1272
3,3096,2064
3,3097,1461
3,3098,1991
3,3106,785
3,3107,295
3,3108,2841
3,3113,372
3,3114,922
3,3131,2229
3,3220,1507
3,3238,18
3,3242,1200
3,3243,1175
3,3244,65
3,3245,1892
3,3246,747
3,3247,1526
3,3248,972
3,3256,1467
3,3257,176
3,3259,2962
3,3260,18
3,3261,1624
3,3262,1402
3,3263,868
3,3264,302
3,3268,835
3,3269,997
3,3270,1888
3,3271,1227
3,3272,14
3,3273,565
3,3274,609
3,3275,1104
3,3276,341
3,3277,1055
3,3278,1087
3,3279,1036
3,3289,1498
3,3294,492
3,3415,677
3,3420,1244
3,3426,936
3,3427,1045
3,3428,1691
3,3429,1184
3,3430,1112
3,3431,0.01
3,3432,1793
3,3433,929
3,3444,664
3,3445,1356
3,3449,534
3,3450,1689
3,3453,357
3,3455,2027
3,3522,990
3,3537,283
3,3538,411
3,3541,4171
3,3542,1882
3,3545,732
3,3546,1258
3,3547,383
3,3548,691
3,3549,1044
3,3550,981
3,3551,1174
3,3553,170
3,3554,14
3,3555,30
3,3556,1336
3,3557,670
3,3558,681
3,3559,318
3,3560,1093
3,3561,1569
3,3563,852
3,3564,1324
3,3565,2444
3,3566,0.01
3,3567,18
3,3569,1207
3,3576,553
3,3577,2638
3,3663,1077
3,3667,0.01
3,3668,11
3,3669,999
3,3670,2191
3,3671,964
3,3672,244
3,3681,182
3,3682,1500
3,3683,1388
3,3684,32
3,3685,294
3,3688,564
3,3689,1394
3,3690,1212
3,3752,607
3,3754,529
3,3755,1267
3,3756,440.4084993126453
3,3757,661
3,3758,822
3,3759,432
3,3760,353
3,3762,1248
3,3763,635
3,3764,673
3,3767,2761
3,3768,793
3,3769,353
3,3815,992
3,3816,1148
3,3817,54
3,3818,105
3,3819,0.01
3,3821,1666
3,3825,894
3,3826,1488
3,3827,1306
3,3828,407
3,3829,498
3,3835,2110
3,3836,1033
3,3837,720
3,3838,14
3,3878,940
3,3879,157
3,3881,989
3,3882,913
3,3883,1587
3,3884,0.01
3,3886,292
3,3887,1230
3,3888,937
3,3926,898
3,3927,423
3,3928,762
3,3929,1444
3,3931,1193
3,3934,112
3,3935,733
3,3936,697
3,3937,481
3,3938,981
3,3973,1026
3,3974,733
3,3976,1004
3,3977,162
3,3978,0.01
3,3979,2091
3,3980,950
3,4014,636
3,4016,601
3,4023,706
3,4025,677
3,4026,156
3,4049,6
3,4052,295
3,4053,2241
3,4054,890
3,4088,0.01
3,4107,390
3,4108,2557
3,4109,2322
3,4132,459
3,4133,66
3,4135,835
3,4155,1137
3,4156,843
3,4157,653
3,4158,809
3,4160,409
3,4185,0.01
3,4186,801
3,4188,0.01
3,4199,664
3,4200,0.01
3,4201,49
3,4265,1447
3,4310,153
3,4311,28
3,4319,1070
3,4329,24
3,4338,904
3,4339,0.01
3,4357,0.01
3,4377,253
3,4432,1546
3,4442,1
3,4443,0.01
3,4466,414
3,4472,344
3,4514,0.01
3,4515,9
3,4529,25
3,4534,358
3,4552,140
3,4589,0.01
4,29,614
4,30,89
4,31,0.01
4,72,736
4,73,22
4,77,416
4,78,1080
4,114,1229
4,115,1598
4,117,820
4,120,1198
4,156,1294
4,157,809
4,158,178
4,159,0.01
4,160,1870
4,161,552
4,162,0.01
4,163,0.01
4,164,1275
4,165,676
4,178,838
4,179,1507
4,180,131
4,188,737
4,190,1754
4,191,0.01
4,220,1488
4,221,651
4,222,1249
4,223,0.01
4,224,528
4,246,104
4,269,2145
4,270,487
4,271,394
4,272,570
4,273,1459
4,274,9
4,275,12
4,276,165
4,295,776
4,296,308
4,299,630
4,300,1169
4,301,1459
4,302,305
4,303,3520
4,304,1973
4,307,1233
4,309,1505
4,312,209
4,313,29
4,314,379
4,315,902
4,316,617
4,454,1952
4,455,1633
4,456,767
4,458,735
4,462,878
4,468,1768
4,469,1585
4,472,75
4,789,4313
4,790,4927
4,791,2378
4,792,4352
4,793,2361
4,794,4153
4,795,2878
4,796,4970
4,797,5688.999999999999
4,798,2256
4,799,3575
4,800,4794
4,803,4790
4,807,7579
4,808,2443
4,809,1566
4,813,3437
4,818,4227
4,819,2324
4,820,1534
4,821,3158
4,822,2709
4,823,2143
4,824,1758
4,825,4200
4,826,4932
4,827,4664
4,830,5257
4,831,3871
4,848,2977
4,875,3346
4,893,4045
4,894,3097
4,895,2809.9999999999995
4,902,6040
4,903,5497
4,904,89
4,905,155
4,1013,1150
4,1014,3165
4,1015,1160
4,1281,2449
4,1282,1491
4,1790,632
4,1807,1907
4,1808,589
4,1810,2762
4,1814,1790
4,1815,36
4,1816,803
4,1817,1940
4,1823,1395
4,1824,1675
4,1825,0.01
4,1826,1216
4,1827,16
4,1828,888
4,1829,88
4,1830,366
4,1833,960
4,1834,1873
4,1839,161
4,1840,326
4,1843,780
4,1844,1148
4,1845,0.01
4,1846,576
4,1847,60
4,1848,754
4,1849,1881
4,1852,1537
4,1853,157
4,1854,1039
4,1857,1584
4,1858,887
4,1859,34
4,1860,0.01
4,1861,1251
4,1862,1054
4,1863,1115
4,1864,671
4,1870,1198
4,1882,1848
4,1884,1060
4,1885,0.01
4,1888,0.01
4,1894,263
4,1896,1884
4,1897,2126
4,1898,2180
4,1901,1107
4,1917,695
4,1918,1444
4,1921,723
4,1922,448
4,1923,150
4,1928,0.01
4,1932,669
4,1937,2310
4,1939,1753
4,1940,1271
4,1941,713
4,1945,1496
4,1946,0.01
4,1947,1511
4,1951,1079
4,1957,598
4,1979,1542
4,1980,177
4,1981,643
4,1991,1009
4,1992,448
4,1994,460
4,1995,0.01
4,1997,1208
4,2075,2670
4,2076,2419
4,2080,5840
4,2081,3290
4,2085,1294
4,2087,6255
4,2147,1671
4,2148,3038.9999999999995
4,2154,1437
4,2160,1528
4,2164,6541
4,2165,4572
4,2171,3249.8818407299113
4,2172,1711
4,2211,4746
4,2212,2845
4,2214,831
4,2215,4563
4,2216,2139
4,2217,2374
4,2227,2296
4,2232,1586
4,2282,1350
4,2283,2664
4,2284,2389
4,2430,2220
4,2431,494
4,2432,840
4,2439,974
4,2442,820
4,2443,124
4,2461,1758
4,2463,1053
4,2466,889
4,2467,555
4,2469,0.01
4,2470,449
4,2474,496
4,2477,1180
4,2480,2
4,2481,1
4,2488,31
4,2492,859
4,2493,569
4,2494,1054
4,2495,606
4,2496,40
4,2497,304
4,2505,939
4,2509,0.01
4,2510,1223
4,2512,10
4,2513,855
4,2515,413
4,2517,1109
4,2518,390
4,2521,158
4,2522,1773
4,2563,0.01
4,2564,866
4,2565,2705
4,2566,252
4,2571,24
4,2572,0.01
4,2575,1326
4,2576,1167
4,2580,581
4,2581,564
4,2646,1818
4,2648,3441.0000000000005
4,2650,3633
4,2651,3128
4,2658,1932
4,2703,237
4,2878,1738
4,2879,534
4,2880,1844
4,2882,1761
4,2883,0.01
4,2884,1192
4,2885,423
4,2886,12
4,2887,1556
4,2888,1904
4,2889,1246
4,2891,1832
4,2892,1669
4,2893,374
4,2894,1058
4,2897,1490
4,2898,1350
4,2899,0.01
4,2900,877
4,2901,764
4,2902,0.01
4,2904,1023
4,2908,1935
4,2909,1072
4,2915,1248
4,2916,0.01
4,2925,1231
4,2926,1277
4,2928,0.01
4,2929,0.01
4,2934,2466
4,2935,12
4,2936,1302
4,2943,461
4,2944,530
4,2948,1778
4,2949,2134
4,2952,101
4,2956,455
4,2957,853
4,2959,202
4,2960,536
4,2961,26
4,2962,544
4,2963,320
4,2964,53
4,2965,48
4,2966,754
4,2967,571
4,2968,107
4,2981,1566
4,2982,1412
4,2984,109
4,2985,280
4,2986,117
4,2988,725
4,3025,3788
4,3031,1925
4,3032,3704
4,3048,2148
4,3049,4203
4,3050,5155
4,3117,0.01
4,3120,15
4,3121,572
4,3122,834
4,3124,0.01
4,3125,23
4,3126,911
4,3127,55
4,3128,640
4,3132,2
4,3133,5
4,3134,606
4,3136,1486
4,3139,1246
4,3142,1723
4,3143,1235
4,3144,1858
4,3147,1371
4,3154,690
4,3155,0.01
4,3158,1330
4,3160,2
4,3161,1391.6348582507344
4,3162,259
4,3163,347
4,3164,620
4,3165,0.01
4,3166,683
4,3167,1096
4,3168,606
4,3173,2167
4,3174,247
4,3176,1415
4,3177,0.01
4,3178,447
4,3179,1332
4,3180,0.01
4,3181,0.01
4,3182,916
4,3183,1172
4,3199,1209
4,3200,1066
4,3205,549
4,3206,896
4,3233,3188
4,3234,2668
4,3308,337
4,3309,1170
4,3310,1130
4,3315,1004
4,3316,0.01
4,3320,652
4,3321,418
4,3322,1382
4,3323,542
4,3324,1063
4,3325,8
4,3326,0.01
4,3330,2236
4,3331,857
4,3332,476
4,3333,1111
4,3334,1199
4,3335,0.01
4,3336,72
4,3342,331.205571436265
4,3345,0.01
4,3346,1598
4,3348,0.01
4,3349,1162
4,3350,219
4,3351,35
4,3352,1676
4,3353,62
4,3354,0.01
4,3355,1676
4,3356,8
4,3358,902
4,3359,275
4,3362,1249
4,3366,482
4,3367,771
4,3368,23
4,3370,1986
4,3371,1002
4,3372,822
4,3374,1101
4,3375,669
4,3376,1281
4,3377,0.01
4,3378,947
4,3379,0.01
4,3380,856
4,3381,682
4,3385,387
4,3388,0.01
4,3389,0.01
4,3399,2468
4,3400,1697
4,3401,846
4,3404,752
4,3405,674
4,3406,365
4,3457,0.01
4,3458,1787
4,3459,1597
4,3460,1799
4,3461,3169
4,3464,177
4,3470,991
4,3471,623
4,3473,1076
4,3475,707
4,3476,491
4,3481,1589
4,3486,370
4,3489,2000
4,3490,1522
4,3491,8
4,3492,1946
4,3495,845
4,3503,1844
4,3507,1276
4,3508,1
4,3509,486
4,3510,341
4,3511,0.01
4,3512,0.01
4,3513,511
4,3514,1079
4,3515,2511
4,3516,19
4,3517,0.01
4,3518,7
4,3531,1873
4,3534,1618
4,3583,730
4,3588,1995
4,3589,30
4,3590,0.01
4,3591,14
4,3593,1719
4,3594,1322
4,3595,806
4,3596,293
4,3597,1536
4,3599,1164
4,3600,189
4,3601,1563
4,3602,1185
4,3603,578
4,3604,1019
4,3605,1911
4,3606,1242
4,3607,0.01
4,3608,517
4,3609,1101
4,3610,503
4,3612,1168
4,3613,0.01
4,3614,1136
4,3615,535
4,3616,0.01
4,3617,124
4,3618,727
4,3619,415
4,3620,162
4,3621,0.01
4,3623,549
4,3626,1778
4,3627,2341
4,3628,143
4,3629,152
4,3631,1447
4,3632,0.01
4,3633,1782
4,3634,151
4,3635,1136
4,3636,419
4,3637,61
4,3640,5
4,3641,29
4,3644,1252
4,3645,1218
4,3648,619
4,3656,0.01
4,3657,628
4,3662,2092
4,3666,2537
4,3674,1740
4,3693,6
4,3699,214
4,3700,957
4,3701,21
4,3705,0.01
4,3708,0.01
4,3709,163
4,3711,2064
4,3712,846
4,3713,790
4,3714,459
4,3715,376
4,3716,431
4,3717,1076
4,3723,1072
4,3725,1216
4,3732,2248
4,3733,217
4,3735,244
4,3747,2143
4,3748,1629
4,3780,1250
4,3781,595
4,3785,14
4,3786,2395
4,3787,107
4,3788,415
4,3793,465
4,3794,147
4,3796,1518
4,3797,532
4,3802,1208
4,3803,294
4,3805,743
4,3807,605
4,3808,629
4,3810,507
4,3811,690
4,3820,1881
4,3839,0.01
4,3842,95
4,3843,20
4,3844,0.01
4,3849,1684
4,3850,2005
4,3851,173
4,3852,57
4,3853,762
4,3854,0.01
4,3863,0.01
4,3864,411
4,3865,368
4,3867,320
4,3868,132
4,3895,713
4,3896,54
4,3900,850
4,3901,1934
4,3902,257
4,3903,231
4,3904,533
4,3907,1364
4,3910,30
4,3915,1536
4,3916,13
4,3919,74
4,3922,0.01
4,3930,1674
4,3932,689
4,3945,1642
4,3948,298
4,3950,5
4,3951,1080
4,3952,4
4,3953,0.01
4,3954,0.01
4,3958,0.01
4,3959,0.01
4,3965,208
4,3968,123
4,3969,0.01
4,3970,671
4,3971,254
4,3972,0.01
4,3982,73
4,3986,0.01
4,3987,199
4,3989,1401
4,3992,43
4,3994,2296
4,3996,0.01
4,3998,396
4,3999,300
4,4001,688
4,4003,255
4,4008,610
4,4009,289
4,4010,44
4,4011,0.01
4,4027,608
4,4028,29
4,4030,530
4,4031,569
4,4032,0.01
4,4036,276
4,4037,632
4,4039,243
4,4040,763
4,4042,1
4,4046,1918
4,4047,983
4,4058,1192
4,4059,605
4,4060,605
4,4061,541
4,4062,0.01
4,4066,1619
4,4067,127
4,4070,1220
4,4074,0.01
4,4075,69
4,4076,399
4,4077,0.01
4,4078,0.01
4,4079,1166
4,4080,0.01
4,4081,35
4,4083,303
4,4084,519
4,4085,1616
4,4090,8
4,4093,0.01
4,4096,58
4,4097,332
4,4098,626
4,4099,231
4,4111,0.01
4,4112,588
4,4114,1071
4,4115,0.01
4,4116,530
4,4117,6
4,4118,535
4,4121,81
4,4123,1263
4,4124,357
4,4125,0.01
4,4126,1148
4,4128,1158
4,4130,491
4,4136,0.01
4,4138,209
4,4139,521
4,4141,1461
4,4142,15
4,4143,0.01
4,4145,15
4,4146,36
4,4148,340
4,4151,181
4,4161,1598
4,4164,247
4,4166,307
4,4167,134
4,4168,467
4,4171,1161
4,4173,1036
4,4174,0.01
4,4175,1038
4,4176,191
4,4177,717
4,4178,9
4,4180,14
4,4181,935
4,4189,361
4,4190,81
4,4191,0.01
4,4192,0.01
4,4193,6
4,4194,733
4,4195,131
4,4203,0.01
4,4206,1202
4,4207,10
4,4208,753
4,4209,134
4,4210,918
4,4213,30
4,4216,494
4,4218,738
4,4221,455
4,4224,382
4,4225,0.01
4,4226,983
4,4228,0.01
4,4229,0.01
4,4230,13
4,4231,241
4,4232,779
4,4233,0.01
4,4234,123
4,4236,701
4,4238,483
4,4240,74
4,4246,641
4,4247,831
4,4248,0.01
4,4250,272
4,4253,434
4,4254,31
4,4257,0.01
4,4263,416
4,4264,867
4,4266,667
4,4267,808
4,4270,64
4,4271,179
4,4272,279
4,4273,531
4,4275,379
4,4276,1931
4,4277,0.01
4,4278,108
4,4279,669
4,4284,419
4,4285,676
4,4286,1425
4,4288,597
4,4289,53
4,4299,0.01
4,4304,452
4,4307,1103
4,4309,300
4,4315,190
4,4316,215
4,4317,1109
4,4321,950
4,4322,219
4,4323,596
4,4324,4
4,4325,996
4,4326,319
4,4327,1570
4,4328,693
4,4330,776
4,4331,62
4,4332,536
4,4333,264
4,4334,1261
4,4335,779
4,4336,443
4,4340,483
4,4341,0.01
4,4342,6
4,4343,7
4,4344,9
4,4345,89
4,4346,520
4,4347,73
4,4348,260
4,4349,1548
4,4350,0.01
4,4351,630
4,4353,1372
4,4354,50
4,4355,54
4,4358,0.01
4,4359,392
4,4363,602
4,4364,223
4,4365,621
4,4369,716
4,4370,248
4,4371,24
4,4373,431
4,4374,721
4,4375,175
4,4385,139
4,4387,260
4,4390,674
4,4391,375
4,4392,0.01
4,4396,0.01
4,4397,296
4,4398,0.01
4,4400,0.01
4,4402,425
4,4403,0.01
4,4404,237
4,4405,20
4,4407,806
4,4408,78
4,4410,949
4,4412,0.01
4,4414,509
4,4416,223
4,4417,350
4,4418,17
4,4419,347
4,4421,405
4,4422,33
4,4423,350
4,4424,1482
4,4425,0.01
4,4426,394
4,4427,1669
4,4428,0.01
4,4429,351
4,4430,488
4,4436,419
4,4437,226
4,4438,1842
4,4439,0.01
4,4440,266
4,4441,696
4,4444,88
4,4445,193
4,4446,981
4,4447,372
4,4448,11
4,4449,158
4,4450,319
4,4451,612
4,4453,792
4,4454,163
4,4457,68
4,4458,5
4,4459,66
4,4460,2
4,4462,336
4,4463,71
4,4465,389
4,4471,344
4,4473,400
4,4475,8
4,4477,173
4,4478,125
4,4479,13
4,4480,495
4,4483,99
4,4486,10
4,4489,0.01
4,4490,812
4,4491,126
4,4492,0.01
4,4493,0.01
4,4494,2
4,4496,113
4,4501,120
4,4503,253
4,4504,546
4,4505,21
4,4506,72
4,4507,400
4,4509,590
4,4512,48
4,4517,1178
4,4518,0.01
4,4519,68
4,4520,547
4,4522,0.01
4,4523,5
4,4526,27
4,4528,633
4,4530,0.01
4,4532,20
4,4533,0.01
4,4536,5
4,4537,9
4,4538,161
4,4539,553
4,4541,0.01
4,4544,12
4,4546,90
4,4550,0.01
4,4553,107
4,4555,253
4,4557,70
4,4560,164
4,4561,160
4,4562,0.01
4,4563,97
4,4564,0.01
4,4565,26
4,4566,461
4,4567,0.01
4,4569,468
4,4572,117
4,4575,0.01
4,4576,13
4,4578,498
4,4579,0.01
4,4580,13
4,4582,203
4,4583,0.01
4,4584,0.01
4,4585,139
4,4587,3
4,4588,7
4,4590,13
4,4591,3
4,4592,0.01
4,4597,0.01
4,4598,0.01
4,4599,226
4,4600,42
4,4601,57
4,4603,0.01
5,33,2041
5,65,276
5,66,1782
5,107,582
5,108,254
5,109,2369
5,137,1431
5,138,2218
5,149,4799
5,150,1579
5,151,2254
5,167,569
5,168,729
5,169,728
5,170,1143
5,192,980
5,193,319
5,194,1598
5,198,1946
5,199,1863
5,200,2923
5,201,528
5,202,4321.96743134479
5,203,622
5,204,2467
5,205,3699
5,206,1885
5,207,3821
5,208,3318
5,209,1659
5,210,1663
5,211,3316
5,212,1085
5,213,966
5,214,4416
5,227,3211
5,235,465
5,249,2559
5,258,1539
5,259,419
5,260,587
5,261,650
5,262,999
5,263,304
5,264,3187
5,265,763
5,266,4188
5,333,184
5,334,355
5,350,3392
5,351,2506.3981836686726
5,352,1605
5,403,497
5,404,211
5,441,3191
5,446,4573
5,538,763
5,539,2545
5,540,2321
5,541,1564
5,557,1459
5,562,1541
5,563,2947
5,564,3075
5,565,1344
5,600,2597
5,601,1113
5,602,3331
5,604,9791
5,638,1201
5,643,2408
5,658,680
5,659,562
5,663,453
5,678,379
5,679,206
5,705,653
5,706,222
5,707,721
5,708,687
5,709,3725
5,710,3885
5,711,3847
5,719,3187
5,723,4476
5,738,1837
5,739,4831
5,746,525
5,775,497
5,776,3956
5,777,3071
5,778,28809
5,855,5788
5,857,878
5,858,1799
5,865,4046
5,890,1698
5,953,1229
5,954,1209
5,955,3644
5,956,4373
5,980,1133
5,1004,957
5,1010,1128
5,1022,828
5,1041,1120
5,1045,781
5,1047,362
5,1048,492
5,1059,1083
5,1060,822
5,1061,2566
5,1072,138
5,1079,11468
5,1080,3703
5,1081,1443
5,1084,1598
5,1096,1787
5,1098,1153
5,1103,1069
5,1104,597
5,1170,1006
5,1193,1581
5,1194,3841
5,1197,2487
5,1198,1280
5,1226,767
5,1228,1742
5,1288,1877
5,1289,3421
5,1290,2289
5,1298,1335
5,1299,1271
5,1300,742
5,1301,1446
5,1325,1875
5,1326,2353
5,1336,597
5,1360,646
5,1361,182
5,1362,665
5,1364,2621
5,1371,1037
5,1375,1896
5,1376,5831
5,1377,909
5,1381,870
5,1382,1822
5,1386,1257.795222755638
5,1388,659
5,1389,1265
5,1390,372
5,1391,2609
5,1392,2320
5,1393,1319
5,1394,4862
5,1395,797
5,1396,336
5,1397,451
5,1398,574
5,1400,3878
5,1401,4703
5,1402,2618
5,1403,4025
5,1404,687
5,1406,1540
5,1407,71
5,1409,3025
5,1410,3434
5,1411,3636
5,1413,2974
5,1414,1474
5,1416,260
5,1426,2467
5,1427,1050
5,1428,1797
5,1429,1787
5,1445,562
5,1446,630
5,1447,2325
5,1448,3020
5,1449,1318
5,1451,2656
5,1452,1413
5,1453,1842
5,1454,1455
5,1455,1816
5,1467,2512
5,1468,2932
5,1469,452
5,1484,371.57851328805555
5,1486,4729
5,1487,7802
5,1488,643
5,1499,3161
5,1500,548
5,1511,461
5,1512,1454
5,1513,1598
5,1514,1519
5,1515,7819
5,1516,701
5,1517,868
5,1519,1976
5,1525,635
5,1527,1076
5,1528,826
5,1529,647
5,1537,772
5,1538,192
5,1539,296
5,1540,293
5,1543,2019
5,1544,1264
5,1545,621
5,1546,929
5,1547,198
5,1548,1407
5,1549,620
5,1550,498
5,1551,356
5,1552,232
5,1560,3471
5,1562,730
5,1563,1334
5,1564,1319
5,1565,5306
5,1570,3050
5,1571,1887
5,1572,1650
5,1573,2940
5,1574,1037
5,1585,1217
5,1586,2030
5,1587,2046
5,1588,2842
5,1600,1107
5,1601,558
5,1603,378.44278906751424
5,1604,696
5,1605,707
5,1606,161
5,1616,722
5,1619,517
5,1621,288
5,1625,1230
5,1626,1109
5,1633,627
5,1634,1213
5,1637,1067
5,1638,1254
5,1640,668
5,1641,2191
5,1642,1782
5,1643,1556
5,1644,1677
5,1647,1966
5,1648,618
5,1649,151
5,1650,630
5,1657,3453
5,1658,1678
5,1662,3547
5,1663,1498
5,1667,735
5,1670,769
5,1671,1342
5,1684,556
5,1687,445
5,1688,3406
5,1704,839
5,1706,622
5,1722,1540
5,1727,709
5,1728,252
5,1729,269
5,1735,2988
5,1737,917
5,1742,1125
5,1743,2929
5,1744,219
5,1745,877
5,1749,1596
5,1764,2603
5,1765,709
5,1766,838
5,1782,1415
5,1783,426
5,1784,199
5,1890,2884
5,1952,408
5,1959,2426
5,1963,1970
5,1967,427
5,1968,1151
5,1974,294
5,1996,1258
5,2004,2495
5,2062,768
5,2067,4030
5,2068,1014
5,2077,1176
5,2078,689
5,2079,2275
5,2082,851
5,2083,144
5,2086,1613
5,2093,1041
5,2100,2853
5,2101,1763
5,2105,642
5,2117,5373
5,2126,978
5,2128,1562
5,2129,1783
5,2130,738
5,2131,589
5,2162,2985
5,2163,2500
5,2169,2123
5,2237,2847
5,2238,472
5,2257,492
5,2268,2438
5,2269,2072
5,2270,2336
5,2271,1875
5,2272,410
5,2276,167
5,2279,1490
5,2328,3828
5,2329,975
5,2331,360
5,2337,390
5,2344,1035
5,2351,608
5,2354,4778
5,2355,654
5,2356,2206
5,2357,1857
5,2358,4714
5,2360,5584
5,2389,2288
5,2393,424
5,2397,370
5,2399,346
5,2422,558
5,2427,1742
5,2428,3162
5,2473,979
5,2484,401
5,2485,27
5,2486,4347
5,2504,1599
5,2507,622
5,2508,915
5,2593,453
5,2599,518
5,2605,1398
5,2615,1026
5,2616,1217
5,2617,1553
5,2618,2716
5,2619,1744
5,2620,1802
5,2621,407
5,2622,3256
5,2637,284
5,2638,993
5,2656,2207
5,2702,1526
5,2704,995
5,2706,1329
5,2708,647
5,2709,375
5,2710,354
5,2781,484
5,2784,4964
5,2800,164
5,2802,435
5,2806,1273
5,2810,1046
5,2813,1583
5,2815,625
5,2817,1682
5,2820,471
5,2824,1449
5,2826,903
5,2829,328
5,2842,980
5,2844,699
5,2845,249
5,2848,242
5,2850,421
5,2851,631
5,2852,444
5,2855,391
5,2856,1075
5,2857,1256
5,2864,664
5,2876,2496
5,2877,480
5,2937,4783
5,2938,3310
5,2939,2991
5,2942,694
5,2971,682
5,2973,605
5,2978,2506
5,2995,1210
5,3010,706
5,3012,2107
5,3014,592
5,3015,900
5,3016,1158
5,3017,1982
5,3018,1496
5,3028,971
5,3038,505
5,3059,1660
5,3060,115
5,3064,1028
5,3065,358
5,3085,1535
5,3100,1984
5,3105,642
5,3109,229
5,3110,1269
5,3111,429
5,3170,353
5,3185,1693
5,3226,2024
5,3252,2868
5,3284,359
5,3288,221
5,3297,272
5,3299,955
5,3301,354
5,3303,1674
5,3304,128
5,3305,297
5,3373,515
5,3384,135
5,3386,563
5,3387,446
5,3418,1739
5,3419,2132
5,3423,521
5,3434,1679
5,3443,1497
5,3452,1479
5,3462,172
5,3496,227
5,3526,1205
5,3532,892
5,3568,139
5,3571,381
5,3581,211
5,3680,445
5,3691,716
5,3727,185
5,3740,325
5,3743,395.47456822899403
5,3765,996
5,3771,1234
5,3775,129
5,3776,532
5,3777,505
5,3813,577
5,3857,53
5,3858,710
5,3893,313
5,3924,56
5,3939,172
5,3981,2497
5,4018,1175
5,4019,394
5,4057,364
5,4110,2264
5,4134,304
5,4153,356
5,4215,105
5,4243,1410
5,4244,516
5,4282,611
5,4291,70
6,34,3911
6,35,535
6,36,456
6,37,9985
6,38,1240
6,39,1425
6,40,2975
6,41,4036
6,42,3644
6,43,5847
6,44,3386
6,122,1780
6,123,1211
6,124,6875
6,125,3749
6,145,3715
6,146,2199
6,147,5672
6,148,2972
6,166,1848
6,195,4679
6,196,3569
6,197,1333
6,225,857
6,226,1000
6,250,3347
6,251,4851
6,323,1765
6,328,636
6,388,4053
6,389,4849
6,390,7014
6,391,953
6,392,1385
6,393,890
6,438,1059
6,569,1865
6,570,3
6,571,631
6,585,4258
6,591,679
6,592,4732
6,593,1032
6,594,6735
6,595,129
6,596,135
6,597,196
6,598,709
6,599,1406
6,620,3922.9999999999995
6,621,2077
6,622,2129
6,624,391
6,625,132
6,626,400
6,627,559
6,665,1459
6,666,443
6,699,265
6,700,197
6,704,389
6,717,1989
6,718,592
6,729,5319
6,730,256
6,735,1066
6,736,359
6,748,3125
6,749,6612
6,750,1433
6,751,2528
6,837,5464
6,838,6445
6,839,3682
6,840,3010
6,841,2741
6,842,2540
6,843,3294
6,897,1226
6,898,759
6,915,6387
6,916,7078
6,917,2072
6,918,4415
6,924,1987
6,925,3314
6,926,4903
6,927,5372
6,928,1322
6,929,871
6,930,3608
6,931,6163
6,932,3634
6,933,3741
6,934,2685
6,941,43
6,942,192
6,943,2087
6,944,140
6,949,1583
6,959,2647
6,960,1775
6,961,1532
6,964,1547
6,965,1325
6,966,417
6,973,821
6,981,1747
6,982,1769
6,1005,2254
6,1006,386
6,1007,165
6,1008,883
6,1009,184
6,1036,3958
6,1042,1428.0477063773433
6,1044,98
6,1046,282
6,1058,698
6,1073,783
6,1074,253
6,1075,537
6,1111,2360
6,1112,2568
6,1132,2302
6,1138,2239
6,1149,398
6,1161,646
6,1163,3536
6,1164,3234
6,1165,2456
6,1171,1286
6,1172,0.01
6,1177,2760
6,1178,615
6,1181,4649
6,1187,2277
6,1205,2946
6,1206,987
6,1207,2360
6,1208,436
6,1212,366
6,1220,1609
6,1235,2878
6,1236,18
6,1237,65
6,1239,1011
6,1261,351
6,1283,1244
6,1284,1014
6,1292,532
6,1293,1393
6,1295,266
6,1302,534
6,1303,441
6,1304,1481
6,1305,109
6,1306,1244
6,1330,3001
6,1331,1006
6,1332,787
6,1333,174
6,1334,167
6,1335,678
6,1337,1309
6,1359,205
6,1365,1356
6,1372,968
6,1378,407
6,1379,246
6,1399,2479
6,1417,1458
6,1418,2022
6,1419,2203
6,1420,166
6,1423,782
6,1424,251
6,1425,201
6,1430,129
6,1431,482
6,1432,791
6,1433,226
6,1434,193
6,1435,2891
6,1436,638
6,1437,361
6,1439,114
6,1440,97
6,1441,931
6,1442,297
6,1443,2179
6,1444,834
6,1450,1476
6,1456,1357
6,1457,1723
6,1458,1365
6,1459,1568
6,1476,491
6,1478,1363
6,1479,431
6,1480,326
6,1481,529
6,1482,272
6,1483,871
6,1484,233.42148671194445
6,1485,736
6,1497,4467
6,1503,287
6,1504,2449
6,1507,1637
6,1508,1046
6,1509,1642
6,1510,4276
6,1526,498
6,1530,1315
6,1531,3105
6,1536,737
6,1567,695
6,1568,543
6,1569,3324
6,1595,1255
6,1598,2248
6,1613,663
6,1635,382
6,1636,645
6,1651,2571
6,1652,7422
6,1653,5512
6,1654,2022
6,1655,2330
6,1656,2445
6,1660,127
6,1661,4070
6,1669,4371
6,1689,586
6,2042,1936
6,2043,289
6,2044,131
6,2046,1561
6,2048,298
6,2051,236
6,2052,1337
6,2053,1113
6,2054,362
6,2071,6830
6,2092,626
6,2094,633
6,2095,3299
6,2096,1951
6,2097,736
6,2098,3842
6,2099,6836
6,2107,5096
6,2112,623
6,2113,478
6,2145,163
6,2156,1587
6,2175,4045
6,2176,2796
6,2177,2616
6,2178,3154
6,2180,182
6,2181,1893
6,2185,1301
6,2195,205
6,2205,339
6,2218,1190
6,2219,1089
6,2230,927
6,2231,1908
6,2292,470
6,2295,2620
6,2296,7553
6,2297,4544
6,2298,2659
6,2299,2848
6,2300,5250
6,2301,4445
6,2303,354
6,2304,915
6,2311,1934
6,2312,2743
6,2313,378
6,2314,326
6,2315,1228
6,2316,1842
6,2317,484
6,2321,2233
6,2322,1557
6,2323,398
6,2324,5044
6,2325,755
6,2326,1778
6,2338,176
6,2346,323
6,2347,120
6,2373,33
6,2374,1852
6,2376,3098
6,2388,605
6,2390,285
6,2395,954
6,2396,563
6,2398,2282
6,2400,1003
6,2401,96
6,2402,505
6,2403,1211
6,2404,200
6,2416,2857
6,2419,2958
6,2420,3186
6,2421,3326
6,2471,713
6,2543,6694
6,2544,229
6,2545,1032
6,2606,92
6,2609,5816
6,2630,260
6,2631,220
6,2640,193.99999995261896
6,2644,1697
6,2653,4620
6,2654,2698
6,2655,3304
6,2661,1469
6,2662,3056
6,2663,2157
6,2664,1518
6,2665,0.01
6,2667,2459
6,2668,409
6,2672,1291
6,2679,1064
6,2719,262
6,2730,3044
6,2738,386
6,2747,2692
6,2762,368
6,2763,2244
6,2764,1185
6,2765,1400
6,2776,1079
6,2796,456
6,2801,527
6,2803,120
6,2805,171
6,2821,260
6,2827,356
6,2833,100
6,2834,139
6,2835,932
6,2836,373
6,2841,1343
6,2858,148
6,2871,1834
6,2998,5434
6,3000,1794
6,3002,2532
6,3033,1116
6,3034,3122
6,3035,6066
6,3036,1208
6,3037,2153
6,3057,2722
6,3061,170
6,3070,3118
6,3071,1639
6,3073,729
6,3074,6711
6,3075,2667
6,3076,2370
6,3077,3440
6,3078,690
6,3079,585
6,3083,197
6,3087,112
6,3092,1849
6,3093,140
6,3095,605
6,3102,649
6,3103,10
6,3104,125
6,3116,556
6,3186,891
6,3187,340
6,3236,3638
6,3241,1477
6,3249,886
6,3258,658
6,3265,860
6,3266,240
6,3267,1263
6,3280,411
6,3281,174
6,3290,378
6,3291,345
6,3292,722
6,3298,132
6,3307,1530
6,3414,268
6,3416,914
6,3424,1298
6,3425,2692
6,3441,2522
6,3442,590
6,3448,1176
6,3454,663
6,3474,1944
6,3501,888
6,3523,844
6,3528,214
6,3533,2277
6,3535,1075
6,3536,389
6,3539,927
6,3540,1768
6,3544,1663
6,3552,236
6,3574,932
6,3580,2090
6,3661,291
6,3664,339
6,3673,267
6,3679,1793
6,3686,1003
6,3730,394
6,3741,667
6,3745,113
6,3746,6046
6,3751,706
6,3756,1683.5915006873547
6,3761,716
6,3766,2020
6,3773,122
6,3774,436
6,3823,466
6,3824,923
6,3833,539
6,3872,715
6,3880,1055
6,3885,1048
6,3891,2315
6,3933,813
6,3940,1025
6,3941,602
6,3942,743
6,3975,671
6,4013,251
6,4015,675
6,4020,135
6,4021,2993
6,4024,1058
6,4106,122
6,4154,316
6,4159,527
6,4187,97
6,4223,745
6,4312,0.01
6,4372,462
6,4376,38
6,4524,408
6,4525,45
7,54,2276
7,80,658
7,81,2313
7,82,621
7,93,3138
7,94,1140
7,95,1117
7,96,966
7,97,1659
7,98,549
7,131,368
7,132,1091
7,133,664
7,134,744
7,135,1054
7,136,771
7,143,2193
7,144,382
7,152,2545
7,153,849
7,171,2005
7,172,3209
7,202,953.0325686552096
7,236,1524
7,237,1276
7,238,464
7,239,460
7,240,982
7,245,328
7,268,686
7,286,1363
7,287,2045
7,288,595
7,289,231
7,290,764
7,293,4310
7,319,2225
7,320,2082
7,321,1132
7,452,2055
7,453,3597
7,473,3493
7,497,1457
7,498,634
7,499,778
7,500,391
7,510,2343
7,511,2132
7,531,128
7,551,1864
7,552,560
7,553,3052
7,556,281
7,566,606
7,577,930
7,578,266
7,579,735
7,580,1258
7,639,1357
7,640,1237
7,641,1269
7,642,529
7,644,3051
7,645,461
7,646,1865
7,647,2929
7,648,947
7,654,849
7,655,2120
7,656,1827
7,657,1194
7,660,1462
7,661,3127
7,662,1275
7,672,1534
7,673,647
7,674,408
7,713,2282
7,714,2546
7,715,3111
7,716,2771
7,747,2336
7,786,4120
7,787,7495
7,788,7294
7,801,3216
7,802,2067
7,804,4233
7,805,3470
7,806,3123
7,810,5214
7,811,1798
7,812,5856
7,814,1575
7,815,1834
7,816,2297
7,817,6268
7,828,2236
7,829,3489
7,832,837
7,833,936
7,834,1099
7,835,1179
7,844,2734
7,845,400
7,846,857
7,847,1231
7,849,2080
7,850,10349
7,851,4439
7,852,4109
7,853,4770
7,854,3401.000000000001
7,859,2398
7,860,1407
7,891,2415
7,896,1217
7,909,3122
7,910,2522
7,911,1796
7,912,5011
7,913,2968
7,983,3707
7,984,300
7,985,396
7,986,1447
7,987,1606
7,1016,2903
7,1017,3189
7,1018,4145
7,1032,231
7,1033,254
7,1034,246
7,1035,626
7,1042,72.95229362265673
7,1043,641
7,1049,3567
7,1050,3114
7,1051,2906
7,1052,2022
7,1053,709
7,1054,3847
7,1055,5048
7,1063,7613
7,1064,3301
7,1069,641
7,1070,232
7,1071,331
7,1085,804
7,1086,1160
7,1093,539
7,1168,454
7,1169,834
7,1190,1533
7,1191,1785
7,1192,3802
7,1199,2661
7,1200,5512
7,1201,3277
7,1227,1438
7,1263,232
7,1264,1374
7,1273,7029
7,1274,455
7,1275,1547
7,1276,17
7,1277,756
7,1278,600
7,1279,1124
7,1280,78
7,1296,1079
7,1297,1081
7,1338,2918
7,1339,1993
7,1340,2639
7,1341,3362
7,1342,2601
7,1343,3678
7,1344,2866
7,1345,4166
7,1346,2438
7,1347,2376
7,1348,641
7,1352,985
7,1353,3799.0000000000005
7,1354,3596
7,1355,1618
7,1357,4145
7,1358,467
7,1408,892
7,1412,2994
7,1438,137
7,1460,441
7,1461,1930
7,1462,297
7,1463,1473
7,1464,126
7,1465,1133
7,1466,919
7,1470,333
7,1471,824
7,1472,188
7,1473,724
7,1474,828
7,1496,458.3408178220852
7,1518,2629
7,1520,452
7,1521,1678
7,1532,722
7,1533,1542
7,1534,174
7,1553,827
7,1554,2393
7,1555,422
7,1556,2110
7,1557,1340
7,1558,695
7,1561,969
7,1566,829
7,1575,815
7,1579,390
7,1580,751
7,1581,3064
7,1582,1546
7,1583,2290
7,1584,2598
7,1589,2059
7,1590,917
7,1591,1564
7,1592,1467
7,1593,4541
7,1594,1343
7,1603,376.55721093248576
7,1608,1028
7,1609,1016
7,1610,551
7,1611,2727
7,1628,2000
7,1629,756
7,1630,1867
7,1631,2049
7,1632,2064
7,1645,873
7,1646,114
7,1659,7394
7,1672,1975
7,1678,184
7,1682,2069
7,1683,76
7,1686,664
7,1747,659
7,1748,263
7,1750,509
7,1770,649
7,1771,674
7,1775,616
7,1785,1025
7,1786,285
7,1789,418
7,1791,2187
7,1792,290
7,1798,772
7,1802,1706
7,1806,3635
7,1943,3538
7,1965,464
7,1969,2768
7,1970,2494
7,1973,278
7,1975,1958
7,2049,1308
7,2084,582
7,2102,1217
7,2118,368
7,2123,1523
7,2127,2867
7,2132,1911
7,2133,1111
7,2134,3248
7,2135,2291
7,2136,1031
7,2146,3015
7,2149,3292
7,2150,3759
7,2151,2254
7,2152,4626
7,2153,13002
7,2166,1200
7,2167,2987
7,2170,270
7,2171,46.118159270088654
7,2173,3475
7,2179,703
7,2221,926
7,2223,514
7,2224,4889
7,2225,2189
7,2226,2834
7,2233,2229
7,2234,752
7,2235,1413
7,2236,2133
7,2239,952
7,2240,536
7,2241,399
7,2247,1621
7,2249,2383
7,2250,3454
7,2251,3035
7,2252,176
7,2253,382
7,2254,2432
7,2255,1046
7,2256,783
7,2258,628
7,2259,727
7,2260,1497
7,2261,852
7,2262,1802
7,2263,1330
7,2264,1323
7,2265,2285
7,2266,2504
7,2267,2233
7,2273,879
7,2274,1576
7,2275,1604
7,2277,822
7,2278,5343
7,2287,711
7,2288,3071
7,2289,428
7,2290,821
7,2291,1510
7,2302,667
7,2306,398
7,2332,1152
7,2339,334
7,2359,1450
7,2361,4476
7,2362,2034
7,2363,4197
7,2394,81
7,2424,610
7,2425,763
7,2426,2499
7,2445,2230
7,2447,1159
7,2448,1124
7,2472,1790
7,2499,314
7,2500,571
7,2501,697
7,2511,1966
7,2578,934
7,2598,1848
7,2600,975
7,2625,1855
7,2641,972
7,2642,2470
7,2643,71
7,2647,3011
7,2649,2866
7,2652,518
7,2693,524
7,2700,129
7,2701,194
7,2705,689
7,2752,974
7,2778,627
7,2779,569
7,2782,1728
7,2797,195
7,2807,51
7,2808,978
7,2814,2469
7,2816,728
7,2818,514
7,2819,3578
7,2822,1009
7,2823,653
7,2825,1524
7,2838,1665
7,2843,1048
7,2849,972
7,2865,1254
7,2869,135
7,2914,780
7,3004,1242
7,3007,566
7,3008,1643
7,3013,1651
7,3019,1676
7,3029,112
7,3030,2138.9999999999995
7,3062,1952
7,3063,146
7,3080,754
7,3086,3894
7,3101,2206
7,3112,144
7,3150,1179
7,3169,1234
7,3219,436
7,3224,3557
7,3225,2819
7,3228,1238
7,3232,3178
7,3237,1395
7,3239,3338
7,3240,129
7,3253,195
7,3282,1137
7,3283,1479
7,3287,211
7,3293,1479
7,3295,182
7,3296,180
7,3302,844
7,3306,387
7,3383,1472
7,3412,1794
7,3421,5197
7,3435,2285
7,3436,409
7,3437,517
7,3438,1718
7,3439,102
7,3451,520
7,3530,425
7,3578,1274
7,3579,468
7,3659,2050
7,3665,2138
7,3675,525
7,3676,601
7,3678,1626
7,3743,624.525431771006
7,3750,1898
7,3753,302
7,3770,160
7,3772,497
7,3814,680
7,3822,185
7,3830,952
7,3831,2501
7,3889,1067
7,3890,126
7,3892,2293
7,3925,2081
7,4017,1941
7,4045,2130
7,4055,430
7,4087,2026
7,4105,2387
7,4202,1474
