35.52043632090992,-87.94566625058326,823.0
35.78348633331455,-87.8238943121676,1119.0
35.26428959292687,-88.2378988449217,2799.0
35.11411649604789,-89.97760797627716,3199.0
35.05621764847526,-89.88365015940721,7119.0
35.37385596567658,-87.47382612488937,692.0
35.28710122868807,-87.5057938476765,2368.0
35.39028956884495,-87.39362974595517,1714.0
35.31554057209976,-87.3492706926801,2410.0
35.26434779304129,-87.3942623787784,2617.0
35.25794388457152,-87.32265228522607,2510.0
35.28142541922249,-87.27200488137933,1213.0
35.31941764061905,-87.25832990201974,1521.0
35.95736287380576,-88.27067442568749,441.0
36.03849379161536,-88.24884167166076,1837.0
36.06956279859423,-87.39822826898816,4569.0
36.02615318990254,-87.45747992771385,2266.0
36.00874952711736,-87.36993441084185,4401.0
35.58651831068419,-87.42463250739388,1336.0
36.29090186482384,-87.87141960933539,1218.0
36.41908636572486,-88.10436997775648,2847.0
36.28633469550665,-88.35392186905479,2673.0
36.35385735434202,-88.45095234422742,2289.0
35.19617655657009,-89.98062501770255,4999.0
35.0998444358843,-90.00961714647859,4610.0
35.19040357188284,-88.22237054624058,1388.0
35.20398886756439,-88.27076152391221,2551.0
35.22828092509038,-88.19923558297688,2768.0
35.19463790795458,-88.19666298748558,1292.0
35.11780161823105,-88.34719140653247,511.0
35.26955744607844,-88.14676457668627,1254.0
35.37296486091128,-88.2516360025488,787.0
35.19513941835499,-89.77418935453707,6720.0
35.13984307065811,-89.82978599906308,6863.0
35.16020874784444,-90.03056322195472,7654.0
35.21939392808792,-89.89493782114421,7802.0
35.24897814386014,-89.87731047267532,5393.0
35.03928778763076,-89.85406446714588,11095.0
35.06400000968473,-89.6768872612163,5327.0
35.01601006655043,-89.93777585927013,7889.0
35.17882459204245,-89.97020017613715,4380.0
35.1784362653118,-89.88425710133909,8138.0
35.19249280847453,-90.07038835142181,4361.0
35.19974478250375,-90.01893100902168,6459.0
36.02441392006061,-87.6108227763588,2692.0
35.94738952066569,-87.79609972009506,2798.0
36.1553095660903,-87.63902369771829,2838.0
36.16450659642413,-87.83337162384817,2011.0
36.10972293524355,-87.763497498633,2658.0
36.08195686558261,-87.76560994812579,2705.0
36.53425906113232,-84.96260783554328,605.0
36.42335383344197,-84.89747894368872,1786.0
36.38751823195737,-84.73931125852562,771.0
36.30821944516174,-84.98709316456814,2239.0
36.36294060276663,-84.83483452708609,1657.0
36.36254688684615,-84.91356501727581,1492.0
36.20942349844459,-84.95357411208253,1804.0
36.26347235732614,-87.71882223529431,1232.0
36.31418779860512,-87.69618875657336,1091.0
36.34556079695362,-87.67427458724313,1250.0
35.38762859827187,-87.26273119575055,2845.0
35.42848389118414,-87.3485780843376,2409.0
35.05254767265455,-87.395140881104,2410.0
36.45116487873999,-88.36299565026495,2583.0
35.49359931529573,-87.62686324581517,1405.0
35.59640664091336,-87.57699017083135,1453.0
35.519263,-87.54658827915765,1475.0
36.30124086862572,-88.29023753297832,3740.0
36.19450245128291,-88.25019710585056,1670.0
36.24915630570903,-88.1955732929411,1629.0
36.34448163197452,-88.2004377303459,3082.0
36.2984427262475,-88.30560922221942,3482.0
36.33920308644487,-88.33088607255048,3140.0
36.20811387829438,-88.4143109191817,3095.0
35.05031447300654,-85.95394937506998,408.0
35.01764709625004,-85.86790232140709,5.0
35.29443527095994,-86.07174108219657,2006.0
35.15619634147089,-89.99514429387851,4481.0
35.07980032840049,-89.7700846244216,3131.0
35.0587720067426,-89.71064750867451,6020.0
35.2479606688286,-89.82429226563495,6659.0
35.16778384300558,-90.05065616382304,8974.0
35.78081618197569,-88.38037573642012,1567.0
35.65084033596912,-88.3743119837719,3949.0
36.02639149428528,-89.3972264486384,3082.0
35.9582594046866,-89.39226952645686,1865.0
36.0460282717159,-89.38388752037143,3918.0
36.14988507500624,-89.34810124483236,2374.0
36.104120726708,-89.25584200255435,3828.0
36.16168690128161,-89.46772688369197,1504.0
36.084842287294,-89.35809179479857,1466.0
36.06355844971988,-89.3572447182921,2416.0
35.29275350241323,-88.39829962019762,3174.0
35.05199268072548,-88.63669317071114,1614.0
36.37268716236046,-86.15148485384914,889.0
36.39175278594029,-86.20861398037064,817.0
36.34509254792167,-86.16778758571247,900.0
35.20555724312172,-89.87562466688048,5079.0
35.1072592635829,-89.81948619663638,6501.0
35.08965078915968,-89.90576016299838,7320.0
35.13386272553229,-89.88698065142404,4310.0
35.99342774340192,-89.57782089856678,1681.0
35.50847347969672,-87.35338433473665,1532.0
35.46442604658912,-87.50007592206978,1485.0
35.13936432586875,-89.95257842740405,4389.0
35.13243939599916,-90.03511914408445,5305.0
36.06863328520696,-89.12285919819405,1069.0
36.00126987791025,-87.93615395847398,2676.0
36.04888091739441,-87.95772975762817,612.0
36.10175920265625,-88.47368080070335,2760.0
36.12072046432888,-88.42523824849424,365.0
35.03000504559503,-87.47729593925764,1084.0
35.05140512745066,-87.54480505682807,836.0
35.15415940293023,-87.49986490900088,1380.0
36.3229304200763,-84.40044071640033,3196.0
36.3087604960155,-84.53171203608518,1555.0
36.58081464640922,-84.903648806173,387.0
36.59788491909827,-85.0974512469473,808.0
35.13037463735836,-86.92973192097769,1568.0
35.03820688609261,-86.88514251668751,2504.0
35.20242036750652,-87.0168062280457,1940.0
35.36724653103151,-87.02156228468012,2445.0
35.34759916979643,-87.14972336566375,2414.0
35.06901784351767,-87.15029261302224,2783.0
35.15447637130021,-87.10779208115922,1328.0
35.18066095177848,-84.89249351077731,10025.0
35.19998176754248,-84.86318208469797,5780.0
36.49740597869193,-84.40140111281077,1171.0
35.1721495913645,-85.91714866300546,3562.0
35.210039,-85.86445458087027,1.0
35.17195399144079,-86.0107771644275,2971.0
35.26322687446921,-85.9790038779686,1629.0
35.22278816172698,-86.08171038392315,2612.0
35.27264196418209,-86.14217186532028,2851.0
35.21311046345067,-86.1228125600328,5460.0
35.99307933607367,-87.24952619101805,2741.0
36.02933703472746,-87.29597961484943,2098.0
35.24755059154209,-86.19350448485149,2650.0
36.08514226063296,-87.21818992480564,2781.0
36.04890337644058,-87.23574929365805,2122.0
36.09321653145923,-87.3197370674925,4920.0
36.16421212961401,-87.32438620124337,2664.0
36.26775992794866,-87.44589220316381,2918.0
36.15416223329395,-87.51059215565412,1404.0
35.60956575910473,-87.10854588383967,8456.0
35.62807197129287,-87.27118348266028,2298.0
35.6892588555809,-87.16182650493334,5243.0
35.48037511982284,-86.96223390645868,2696.0
35.553886,-87.03317634384746,4397.0
35.73531375620095,-86.9802401377643,5517.0
35.72990544361144,-86.92713745623037,14681.0
35.70340893345156,-86.93768645246129,3775.0
35.68341776380727,-86.85419927042095,2514.0
35.34002126367996,-89.85101256667933,9296.0
36.16893976293669,-89.22309933869685,1537.0
35.05553495342556,-88.44262963456596,2903.0
35.24961856758932,-88.60458735398525,1571.0
35.18681322972137,-88.71876488911525,1435.0
35.15902759778805,-88.6326214173515,1783.0
35.68554931568475,-88.42835598051558,4283.0
35.86838803612947,-84.70090717578967,2230.0
35.93363372197432,-84.3449970529234,2972.0
35.86362493735309,-84.37516037164497,1441.0
35.03145888994299,-90.09631081010394,6818.0
35.0942354878175,-90.05971010300931,3774.0
35.05222073933827,-90.17554683935607,1956.0
35.06839069392097,-89.89810098027182,5724.0
35.07483168554607,-89.84971421697912,8256.0
35.08295273167919,-89.81412060424665,5939.0
35.21604399611481,-90.00116000882468,5858.0
35.22303323215956,-89.97832971832136,6697.0
35.60590579732643,-87.02692884123275,7091.0
35.58546917424998,-86.91451652837611,5431.0
35.65811951805393,-87.0401585598276,3979.0
35.60894782288793,-87.05490698949536,2749.0
35.590565564795,-87.06139209745476,6209.0
35.51064832530131,-87.21853992693752,7267.0
35.48866565769955,-87.08491129198353,3686.0
35.96194463213888,-88.55503130668558,822.0
35.98511647457909,-88.47917850685721,2889.0
36.02337951662,-88.38854656946565,4201.0
35.86028654301568,-88.35993005408042,1616.0
35.94030262238708,-88.3681110767341,655.0
35.51526473764586,-86.82971521514688,3694.0
35.57695698713245,-86.79040904231522,3764.0
35.18541355267809,-87.04461613360385,2457.0
35.22019981910725,-86.9659582296975,2954.0
35.19253500222211,-87.01713514694346,1758.0
35.22262226990266,-87.14260792994783,1816.0
35.4470191606523,-86.84714709181937,3697.0
35.35646033728366,-86.84243514705344,3514.0
35.19175078117222,-86.26099369549355,1798.0
36.06223334982062,-87.34723295439382,4255.0
35.55487244242899,-88.48718424615224,906.0
35.59974646505391,-88.4428048432033,3904.0
35.30116582304217,-88.62839472829604,977.0
35.02134482527114,-88.54880565067961,515.0
35.63888573434809,-87.02546782182338,3934.0
35.66041445126928,-86.95295936749581,6155.0
35.77706302118448,-87.12378586629585,2055.0
36.36779197733981,-89.04015063629444,2585.0
36.43098038995671,-89.01990657387738,4616.0
36.408186,-89.08426263868091,4788.0
36.24355675287197,-89.05554671386501,1433.0
36.3445011245844,-89.17571182738497,3094.0
35.97976343423382,-88.97825419912768,1969.0
35.95865262956293,-88.94109537904909,3598.0
35.86702239890895,-88.84094983286961,1291.0
35.90919150789783,-88.89160116925041,1969.0
35.84764009828834,-88.74743868642523,1504.0
35.93237491374065,-88.73035316598299,2153.0
35.93095686603882,-88.76418644777947,2244.0
35.91341536305728,-88.76778969498824,1871.0
35.14693544387748,-84.97150358808997,3469.0
35.16635196169813,-84.86513342699989,8236.0
35.18494232432396,-86.14478430323358,5774.0
35.83266839313715,-84.64920779027857,2638.0
35.22192988490642,-84.83246054638663,9484.0
35.73317554730977,-87.03803789104224,2841.0
36.08573622830533,-88.97135558788605,2771.0
36.03931579410285,-89.0135015065068,900.0
36.03211261735758,-88.89648984991001,721.0
36.18038427404714,-89.09271349470177,1084.0
35.84095861767263,-88.89542595840561,839.0
35.83729715515749,-88.87327483744747,2020.0
35.87416723954129,-88.97031751217347,824.0
35.81462211747851,-88.86224063810646,2055.0
35.6658794150534,-88.56052152672679,3441.0
35.76729441962802,-88.51408677411209,2072.0
35.04586314704725,-84.91063742678622,5405.0
35.91603935223138,-84.58490084929878,3071.0
35.89343539469942,-84.65091061436276,4433.0
35.86229982011902,-84.44270990032442,3378.0
35.10156862218359,-84.8599574159949,3201.0
35.49678716344631,-86.4270137123747,5499.0
35.475037,-86.41467506745607,6005.0
35.47792818905479,-86.48088016930788,6171.0
35.5321905,-86.44872248699076,5961.0
35.59072190375263,-86.47790303355583,5441.0
35.45860271656059,-86.57412300093867,5649.0
35.60436477290737,-86.32310712478629,2264.0
36.5364323429235,-84.63893200289374,3470.0
36.52972734166912,-84.51185333370805,3174.0
35.18109653767691,-89.92993796657977,7890.0
35.11267889629323,-90.01987283518918,4191.0
35.06872077445846,-89.9177918216139,7420.0
36.25952034742923,-87.26557883430478,4312.0
36.15361090730376,-87.21941516295924,4388.0
36.17891808410433,-87.40318087896395,1991.0
36.11498282383224,-87.42104112383392,4353.0
36.13207142673795,-88.90867842510391,919.0
36.13762446553131,-89.02585893263115,1566.0
36.0545304902156,-88.80920428920129,1845.0
35.17068486968795,-84.76245489701081,7983.0
35.17638694133241,-84.83443013987173,8338.0
35.87767666758724,-84.57327757409372,1464.0
35.87314178314786,-88.571848905855,1469.0
36.04691894076674,-88.62263111728127,1674.0
36.25241013926965,-89.34649382164471,785.0
36.37058713146637,-89.26512932846725,2230.0
36.47546680076866,-89.1480012053736,1946.0
36.40923876614398,-87.94413941626208,2046.0
36.55930251812757,-84.38213685264553,1980.0
35.14149841683777,-88.53786876902157,3831.0
35.65783451383599,-88.21859744657995,636.0
35.62242499399071,-88.30636205869584,1688.0
36.20985591212165,-85.05788858407739,2221.0
35.14415277702983,-89.9752705342859,1957.0
35.14859711261948,-89.79144387555557,7565.0
35.15126270141321,-89.66853213646347,2261.0
35.30382591128257,-89.65206073121264,10052.0
35.19580830901223,-89.90958743880002,5415.0
35.0980663917919,-89.98089466156115,5191.0
35.14725890137192,-89.99768615144501,4109.0
35.0551766786834,-89.85490220414418,6612.0
35.32468745211188,-88.30934387315165,1580.0
35.62322414681302,-87.84779663728443,1366.0
35.5832367935952,-87.7539895368487,911.0
35.66764436574281,-87.8334694093358,342.0
36.56272752583352,-87.95660448994934,1947.0
35.8640493973222,-84.54903096414556,3079.0
36.09334101330049,-88.53912421410385,2723.0
36.54313428313358,-87.27314552542725,7315.0
36.52461057413255,-87.30092471368494,5138.0
36.50563462228564,-87.22163778111938,10901.0
36.60237339248344,-87.20836352255796,18830.0
36.58621478812215,-87.28984642277011,11805.0
36.3940838469869,-87.33348688794662,6431.0
36.46740091972467,-84.79606498361764,1484.0
36.50122411383656,-84.86536863431171,362.0
36.46060694981023,-84.95800619267992,1863.0
35.05127726813114,-87.28168237627058,1474.0
35.51292583414187,-86.77103274080605,3545.0
35.3849172602685,-86.69632067365187,3211.0
35.47645108537344,-86.75541979975219,4035.0
36.54051641829774,-87.32026870919877,2194.0
36.63064144359363,-87.45229115399154,5295.0
36.61686871448746,-87.40823086407428,12761.0
36.41705889372572,-87.42753115922365,6497.0
36.39523828033384,-87.53432598873411,1875.0
36.55378027346234,-87.36604975689852,8179.0
36.58946842424913,-87.38656225249856,10219.0
36.55268745915618,-87.40282577063353,8428.0
36.49311422947689,-85.48651196821184,1060.0
36.55766600102279,-85.49488469866051,1516.0
35.81106368149764,-88.91571481264799,1778.0
35.83316277298399,-88.9200232556189,1712.0
36.46703175230304,-89.02186885468912,2645.0
36.45445837012404,-88.88945145755528,4291.0
35.75312506752108,-84.56376943917877,1093.0
35.32941278920406,-87.90969421529276,511.0
35.32895299326439,-87.74630177267636,2201.0
35.37973637288039,-87.98425343917111,2495.0
35.41151179236329,-87.89654825531647,667.0
35.41009923020131,-87.76454131742997,1178.0
35.2665747943372,-87.87622297808252,448.0
35.1448756727582,-87.9019912364648,797.0
35.11346246187703,-87.63046747594069,724.0
35.19605611030838,-87.66119239522114,861.0
36.56565315971575,-87.425264139076,8641.0
36.5276495,-87.3557660804131,4796.0
36.52217686611753,-87.33263689384782,4171.0
36.49567425768245,-87.52406408596278,8355.0
36.58989219254845,-87.53694254559426,11649.0
35.86886003795912,-85.06761959924324,3686.0
35.98565118522541,-84.87780382397436,4790.0
36.02770488096366,-84.86283805941702,3547.0
35.97069606997536,-84.91772632576387,2498.0
35.89423659757193,-84.75817060336325,1603.0
35.94323564108894,-85.05751040547986,7203.0
35.881585820186,-85.12163125388719,1599.0
35.20962072676888,-87.76721223879176,1353.0
35.39696129249197,-87.65324762015369,901.0
36.46917214712462,-87.20416313918949,10887.0
36.618137,-87.36553506515222,12043.0
35.06646799038849,-87.70589293817568,1644.0
35.05379659631928,-87.83672273289382,1029.0
36.14455745360717,-88.52064052489797,1731.0
35.24815227910616,-87.33936484059868,2626.0
36.21158291533742,-86.37926681014368,6934.0
36.20768437450016,-86.31821526790407,5591.0
36.18127629501853,-86.29153961273254,3046.0
36.20571136770461,-86.27709516946881,5051.0
36.19690118558615,-86.23664739483253,1671.0
36.15745388226336,-86.19109613642438,1843.0
36.16347697025039,-86.31189467198041,3782.0
36.19904931710887,-86.56678394406126,5366.0
36.23932754903347,-86.5626270232184,5121.0
36.20927765814348,-86.51958922189624,5325.0
36.06676018212948,-86.31838546471651,2689.0
36.14374727192361,-86.40580790047878,6642.0
35.59498864507765,-85.68368192344013,2557.0
35.6877786648939,-85.7307334296677,2267.0
35.6995810890957,-85.93190139503979,1507.0
35.09192317296827,-87.44834981848778,1222.0
35.17642545601525,-87.3585339342605,1520.0
35.21823719750019,-87.312635759171,2550.0
35.15736072376681,-87.26319219855091,2279.0
35.23677160667523,-87.25548165833354,2463.0
35.13051887569272,-84.88767801016492,8903.0
35.14890003803194,-84.87778974871206,5538.0
35.2129875,-84.96490348214286,7096.0
35.26301982587881,-84.78163313691293,6870.0
35.11106523404906,-84.78556909145085,6640.0
35.19677897407659,-89.94195450473035,2938.0
35.25559531560825,-89.90599633028673,5029.0
35.06859798320934,-89.7740691116038,4243.0
35.04476014326876,-89.75905801278081,4686.0
35.06249592545869,-89.79112598300273,4357.0
35.05011677897662,-90.00642180340692,8195.0
35.95631493243533,-84.53384830382493,4012.0
35.55893238059146,-84.56481436319531,6965.0
35.52731158408022,-84.65414314264262,2940.0
36.43054430428374,-88.6960289158062,1771.0
36.35991799261331,-88.57894783825776,1755.0
36.28020519731287,-88.70807742103489,3701.0
36.14498077213786,-88.7702824603931,3425.0
36.17939075805506,-88.60274188854562,3843.0
36.34116656289319,-88.89304988264482,3954.0
36.2412431923515,-88.81678082108648,3523.0
36.33471221469924,-88.84165443942862,3608.0
36.37717569136876,-88.78074632734948,3734.0
35.11657954562477,-86.24483084192036,1113.0
35.11222203358747,-86.17447417192597,1015.0
35.13005274890498,-86.08191161288862,1299.0
36.10562599799878,-84.58148039478144,3661.0
36.04646508078745,-84.55026217718813,693.0
36.04157195419137,-84.44477970277704,3515.0
36.10766658235861,-84.43540222109132,440.0
36.04731014928431,-86.23972167929021,2488.0
36.09786214865249,-86.12649824370175,3699.0
36.20790500431561,-86.47429460589741,5743.0
36.19716531304685,-86.42765609863935,2680.0
36.16531764221356,-86.4811725755934,9743.0
36.24307870220876,-86.52029024780373,5584.0
36.18519133339969,-86.53347666200868,6911.0
36.14935145366221,-86.52129158562846,6888.0
36.33723914723205,-88.87345758109308,3588.0
35.24085033843658,-87.32045685886487,2379.0
35.48033517871501,-85.05292475567684,3465.0
35.5080968096739,-85.00544146937,3357.0
35.45636808943697,-85.09491540978557,1783.0
35.95903664159155,-84.48788063742873,1288.0
35.68055789349206,-84.56870657247364,760.0
36.26665140656769,-86.46299382686541,6269.0
36.29522916028743,-86.38219241250926,6739.0
36.22899902973813,-86.171791210381,4532.0
36.29582799588937,-86.24516836779189,4898.0
36.23876626407601,-86.344483074614,5617.0
36.23544814790907,-86.302293896568,6186.0
36.39311548483035,-86.15347945488627,968.0
35.9993090831897,-84.65871886212851,2044.0
35.99260273926123,-84.543619030104,1027.0
36.12391085647231,-84.72033872799277,2142.0
36.14430702294428,-83.47599252322675,4603.0
36.13373462814874,-83.51274264600846,5385.0
36.06578695330698,-83.4824892337369,5546.0
35.99946037625264,-83.49610589559157,5449.0
35.86605979008991,-84.48956536567421,5216.0
35.83764132219837,-84.50361208717626,735.0
35.95051588177645,-83.38907208824605,3075.0
35.99798744441373,-83.32019727087653,2427.0
36.43105064696174,-85.12179646488748,155.0
36.01189952685882,-88.1037753880749,2637.0
36.22868394752716,-84.02601893071626,3234.0
36.21174214770778,-84.06275813603442,1496.0
36.01351764243806,-84.24521452852282,2370.0
35.99950810673735,-84.271016813606,2873.0
35.96819184114268,-84.2628292323202,2758.0
36.13187013225439,-84.16261333714107,1809.0
36.19554590956374,-84.15799209968979,4120.0
36.10048541156959,-84.21009310985824,841.0
36.09221371781523,-84.17005318600005,2900.0
36.11484464122424,-84.1093631395787,3751.0
36.16648593478793,-84.09108358072113,4118.0
36.0715915,-84.10639956451612,5198.0
35.90522888378518,-84.97502615431938,2332.0
35.792708,-87.50599470533307,3547.0
35.80253036440389,-87.38779132453303,895.0
35.80773373929114,-87.51132274839388,852.0
35.743013,-84.44044078890299,3434.0
35.71859800588908,-84.27764966049631,1703.0
35.73583191310827,-84.36007510184803,5529.0
35.65508522777885,-84.19622547388022,2869.0
35.42451891030342,-84.55986863012109,5185.0
35.31365146346258,-84.56504146394178,2917.0
35.30164720279073,-84.73362047106725,1370.0
35.33610595692596,-84.51991050125255,5723.0
35.46885914062876,-84.60754616936201,4216.0
35.92616225284555,-87.24693445643284,3443.0
35.8921688652259,-87.32727324686981,2887.0
35.83578751768056,-87.27002583461439,1264.0
35.94329950161805,-87.36380612358187,3386.0
35.85427100236037,-84.28879398121275,6859.0
35.79557289937583,-84.32899476440882,4449.0
35.44549509635063,-84.48922260958439,3922.0
36.00778758274856,-84.19642032825628,3794.0
36.04072691117422,-84.15250693347045,4913.0
36.07944450012697,-84.13484028833554,2331.0
36.09277581337636,-84.14835646249072,3848.0
36.61719275955944,-86.51819354628786,8637.0
36.56913079906649,-86.50502863682821,7386.0
36.57697597114947,-86.39686543913201,6808.0
35.79886737982232,-84.27118862821504,8608.0
35.81507172367656,-84.25759135835303,2157.0
35.37860410298219,-85.93892048942341,2680.0
35.4268839034041,-86.00926678112634,2676.0
35.51026248260092,-85.96561621868804,2593.0
35.57650389619477,-85.97760081631688,1191.0
35.56931680649349,-86.06535836480265,2652.0
35.49122480721568,-86.07767381726877,2844.0
35.45895560828704,-86.04832919740734,3169.0
35.40109690320704,-86.11335760911273,2753.0
35.43835149832012,-86.09357786101343,3284.0
35.43299592749427,-86.21563704813663,1193.0
35.47428521938346,-86.16728818657116,1333.0
35.39855144498096,-86.1962111421221,2528.0
35.3747407612737,-86.18475096869851,2657.0
35.74693614750235,-87.30581031198753,1140.0
35.6902620728812,-87.46773690746076,1632.0
35.77123666083138,-87.63253358634327,645.0
36.32762799354084,-86.6463854228886,8635.0
36.30066726514976,-86.62147917793278,8664.0
36.08928438996207,-83.577378349296,5012.0
36.04137978119237,-84.208598772359,3760.0
36.01354602382354,-84.28403146424515,3577.0
36.16927630981228,-84.00096445073265,1794.0
36.02355339078108,-84.26740016386582,2143.0
36.07921143959071,-86.42115139351972,5267.0
36.37609080340798,-86.62419126315969,3546.0
35.31380305251681,-84.62955361758867,2043.0
35.42656405963882,-84.76583575276776,3397.0
35.87267434424707,-87.40784476395818,686.0
35.93878251192715,-87.481229960757,1779.0
35.67845059602934,-87.66809635389988,669.0
35.21620399282997,-89.83707925236449,4075.0
35.1633271699186,-89.93985973609597,9443.0
35.736529,-84.25458979897371,2703.0
35.67045947929489,-84.2910071583906,1529.0
35.67173303780358,-84.26632281826518,3692.0
35.717228122279,-85.78019718112726,3206.0
35.73154111504302,-85.74778344004292,3295.0
35.69930746941757,-85.80607387859393,3039.0
35.680352084156,-85.79668130578888,2034.0
35.68411842994723,-85.83566224926672,1783.0
35.64333919182377,-85.84132861119181,1531.0
35.08768555729254,-89.71985652527252,4641.0
35.09417711540198,-89.6628744914082,5751.0
35.08674549921029,-89.69405888142691,3537.0
35.21082493637093,-89.7475156018295,4019.0
35.02267171559077,-85.49832003260015,1018.0
35.23357820010641,-85.50416536130243,2879.0
35.18497096492152,-85.48311613033995,2813.0
36.28546340577547,-86.64025388319143,5814.0
36.35264999283926,-86.6859153840584,5902.0
36.32170333738179,-86.01179825295758,2434.0
36.22049005093824,-85.8632596729359,2170.0
36.23270989594391,-85.99410770222094,2625.0
35.90647825395446,-88.08057790029268,2674.0
36.26366185492262,-88.02919057913721,2620.0
36.10956736011323,-88.00769572409399,2560.0
35.39944554878168,-85.3526729462215,1693.0
35.34056300013633,-85.29659183395376,1881.0
35.30573073672788,-85.39732144317556,1857.0
36.26691190330923,-89.18619697462552,1340.0
35.52629596484112,-86.18762047097364,2647.0
35.47040571875547,-86.09299040356983,2915.0
35.81764485800762,-88.78313447447562,6798.0
35.93105137770083,-89.07316931121548,991.0
35.5232249050508,-86.33095970493233,2981.0
35.44562780713238,-86.3136731275554,1798.0
35.39505112752567,-86.42174393696757,3263.0
35.67611034600591,-84.91168259931851,3465.0
35.63269563092105,-84.82225460411917,1722.0
35.59918308188102,-84.92933084176342,1912.0
35.73082135629519,-84.780207692326,2871.0
35.76532912591249,-84.85334446734149,922.0
35.1472323467201,-86.41556052258696,1282.0
35.22264323658793,-86.47808976382964,762.0
35.18509246165155,-86.59306866853173,2578.0
35.06115073012086,-86.4003782634693,2135.0
35.49079048191953,-89.38480192037494,647.0
36.3729041717977,-86.43289030315307,8353.0
36.51800309684652,-86.58402757848363,8052.0
36.27566005035556,-84.78111549016863,1264.0
35.79008134418449,-85.44985708338831,595.0
35.75475099023301,-85.56406642951401,661.0
35.71808405343847,-85.4772556189525,992.0
35.97278239031444,-88.78653291603803,1210.0
36.03281685804821,-88.74153415314728,1257.0
36.07981010026684,-83.30323424817571,7766.0
36.02391313012752,-83.40647493456075,5650.0
35.24636969828591,-84.61580785933398,1875.0
35.14868914131126,-84.33981812379248,1583.0
35.62329146032505,-86.59014142876659,5205.0
36.06240679357615,-83.64530725488142,4776.0
35.56338096188063,-89.37059753938337,1479.0
35.53784618097755,-89.14717801936347,1732.0
35.5851872554838,-89.2239237143859,1616.0
36.0322816619957,-85.05283110837007,1811.0
36.05277588273026,-85.18338532936966,2595.0
35.95464091136923,-85.0254203900964,6278.0
35.97411278290543,-84.81367607681204,1164.0
35.81043511560056,-85.19617925666779,738.0
35.99924239951858,-85.097279044351,1832.0
35.92920172673671,-85.13214791209117,2697.0
35.27073197698457,-86.38273655129892,1191.0
36.2189891872894,-84.61775870356315,2080.0
36.19643373238546,-84.75714512646768,652.0
36.16942909000708,-84.85358034434887,638.0
36.06220105395847,-84.94495274953705,3032.0
35.80275029032171,-84.20566866552733,5377.0
35.11860548637612,-90.04889005360587,3853.0
36.35935243070698,-85.90338999849659,2431.0
36.25624429480823,-85.9426352817702,2291.0
35.35787934811651,-86.29183427389057,1237.0
35.07130985586749,-85.61223041185382,6064.0
35.13977671187634,-85.74560697539857,2057.0
35.11291529733544,-85.53989240941296,2563.0
35.30010360827087,-86.62852520670972,1268.0
35.21800637456423,-86.63933929028089,974.0
35.02189281549011,-86.50346059541141,3184.0
35.05816713005161,-89.81125186294553,5234.0
35.16879441500124,-89.98350218795221,5189.0
35.01316246959541,-89.81337003673268,7520.0
35.13274378847819,-89.98122625159277,3314.0
35.12214975149411,-89.9587029581178,7771.0
35.21885211385509,-89.7934453768311,7141.0
35.22810777562086,-89.76023678654694,3057.0
35.01531532319007,-89.67699932283855,6314.0
35.11133675945695,-89.86161510414206,5332.0
36.09941940257998,-88.35116484683394,954.0
35.10988666568434,-89.92395073311154,7657.0
35.03791889976333,-89.8238614000275,5133.0
35.03028284534657,-89.8149787313767,5338.0
35.11948707511486,-89.99935647554207,3222.0
35.0282551280191,-90.00752955770737,9017.0
35.20712447529608,-84.59621199659225,1800.0
35.14191,-86.56253832777777,2401.0
36.51102407966944,-86.93809673635201,4540.0
36.45714324149459,-86.88391057067828,5972.0
36.45922867728407,-87.01787405148515,1072.0
36.48978452589997,-86.89815072695058,6476.0
36.49562156633733,-86.84659182800841,6535.0
36.51694784469741,-86.7669684880178,2602.0
36.42087637452001,-86.80990453393375,6040.0
36.398695,-86.82853402879581,5970.0
36.45801988762327,-86.79382845575327,2616.0
36.4661242557343,-86.68141427746431,6631.0
36.58882136835321,-86.77717539670792,1730.0
36.4773476575135,-86.73079372011304,3241.0
35.99028251452584,-82.8646122830652,1956.0
36.0744788714898,-82.76735290137903,7012.0
36.17681794300181,-82.75698910176547,5271.0
35.28392345722517,-87.66577110505078,1423.0
36.50523134561917,-87.26393064126354,5639.0
36.50438318271112,-87.30076064471164,3844.0
36.49318068731819,-87.36207031470747,3061.0
36.57356885082579,-87.33676355653432,10429.0
36.5698890235576,-87.31425132376623,743.0
36.60975307491496,-87.33835821555796,10667.0
36.17290810391909,-82.28699491693449,1356.0
36.17268462050908,-82.36909543143871,1080.0
36.31340540555514,-86.53695422853114,6778.0
35.11437511394413,-86.52132199824177,2147.0
35.08193869582855,-85.78213462756317,397.0
35.056953,-85.84245693789464,3837.0
35.17716624665601,-85.83292126511203,1294.0
35.13766768939512,-90.05680122133182,8944.0
35.10063109303695,-89.79701421247448,5273.0
35.166933,-90.02005262150837,4867.0
35.98698764907337,-85.99302172868856,778.0
36.06024845392495,-85.99481045636844,1963.0
35.42353622380551,-88.20082629058015,368.0
35.50351842273492,-88.21516649215654,805.0
35.45790017579467,-88.09333780210676,1365.0
35.77571500109754,-88.13953136506944,830.0
35.08345299999999,-85.38885856482626,435.0
36.17579492517007,-82.78526970754446,5003.0
36.24039829711149,-82.83274933335323,3947.0
36.17074077386073,-82.82981195700519,4796.0
36.178424,-83.12567174590846,3376.0
35.62834056455686,-86.05007834027936,1671.0
35.62774508002855,-86.18389728286841,2828.0
35.55135247806604,-86.13034112406754,2646.0
35.35083956913954,-86.22896617246225,2700.0
35.35775094079223,-86.2400493743569,2412.0
35.38129715636788,-86.24391460292931,2847.0
35.35204620027103,-86.19925450260833,2877.0
35.76699635590173,-88.05191030151012,697.0
36.04823265594201,-82.96712598675347,1646.0
36.08812013939899,-85.80701566798804,149.0
36.06447780021306,-85.8923462026148,748.0
35.96029003567138,-85.68430628565125,738.0
36.06115104548818,-87.5022171928104,2132.0
35.01091936984381,-90.08084845179422,5572.0
35.15156882902309,-89.9581254911397,6903.0
35.24345569437411,-89.72864347116189,9009.0
36.11705237798265,-87.12021552470499,6378.0
36.24331316522041,-87.12069136859952,1757.0
36.46468962927703,-86.39351157777796,7961.0
36.33480670006504,-86.49918089704552,8489.0
36.39528603786266,-86.4260298083885,6824.0
36.10401564345888,-84.49476869568383,2879.0
36.33308286279443,-86.97852349889706,6835.0
36.26753810454701,-87.02994393666418,7383.0
36.1736339828437,-86.6180465610977,7761.0
36.19209282015813,-86.64310220145832,5889.0
36.15991297415223,-86.81061020739735,4151.0
36.16908496192521,-86.79719240115799,5816.0
36.22464750266354,-86.71718472890088,2532.0
36.24512837482783,-86.73136780585234,6587.0
36.09939003889338,-86.85627464747587,2901.0
36.12374194519932,-86.8296612924162,4590.0
36.26834823683791,-86.65685383420505,7934.0
36.18757817359263,-86.7388085922429,2822.0
36.18264658886081,-86.78865246543717,4231.0
36.18015878514958,-86.81319732948285,5620.0
36.07790764075795,-84.30682858429736,3628.0
36.15717037592155,-84.34467181496059,192.0
36.45253746908112,-82.17028111005729,2198.0
35.11238496634629,-86.61290494653036,1742.0
35.09371149184266,-86.68504318417307,888.0
35.15954804647221,-89.90695145475338,13546.0
35.25304842658325,-89.6810013256485,4778.0
35.01344482724848,-90.02086312380652,3774.0
35.09393940220959,-89.87832042627207,2798.0
35.10032089943255,-89.89319118119673,4628.0
35.089870207802,-89.93086400276346,9254.0
36.19779358046971,-86.8344386652986,2852.0
36.14474558215409,-82.37086609581507,3188.0
36.11611668097817,-82.41276067528828,3245.0
36.0848162596028,-82.49165330207164,1312.0
36.15378118201958,-82.4105820137089,2844.0
36.05974,-86.91101546430232,4373.0
36.07061135078595,-86.96401609629021,6076.0
36.06946157438476,-86.93438278466319,3042.0
36.05869599672833,-86.9731902530103,7823.0
36.04673846192493,-86.65407186424045,2455.0
36.05699338924673,-86.63751645382412,9635.0
36.12666541006235,-86.8362951667907,2189.0
36.11001786529288,-86.78794578481734,5430.0
36.09629131685711,-86.7808273968684,4125.0
36.38240645748055,-86.51613915134412,13729.0
36.56278411909682,-86.2717461449954,7113.0
36.337468,-86.55751303503558,10184.0
36.36247857302207,-86.58624945143701,10833.0
36.30171009903808,-86.5866200805721,7319.0
36.27413372509089,-86.58517319648857,6965.0
36.39157554971175,-86.70241324361898,5031.0
36.43485651208545,-86.6509276999239,8103.0
35.19843292971521,-85.65653978246357,1243.0
35.82386670336409,-84.98874028989023,1725.0
36.3757521339343,-86.3384493871428,6560.0
35.89716337971515,-89.42277387538654,3220.0
36.46659684833423,-85.8960646111732,2278.0
36.57870541314075,-85.84722105092595,2331.0
36.57360554617369,-85.94422241312931,2303.0
36.2479756873446,-85.59772972675297,1029.0
36.50019969326363,-85.99408259814265,2707.0
36.59344372058336,-86.0626318721014,2587.0
36.4192169036511,-85.5775718594744,993.0
36.36178760892849,-85.64964594901947,795.0
35.867433,-83.64851190165095,1334.0
35.78139037716032,-83.66048735480534,3433.0
35.67144519209081,-83.47923297483987,5006.0
35.76745012646354,-83.35876546268499,1587.0
35.73285966680332,-83.61337902353495,3699.0
35.80781299766099,-83.55590008726644,7924.0
35.92873416819972,-83.67779777647218,5362.0
35.86924572177655,-83.72486743395474,7813.0
35.90454216374749,-83.59051294148206,4599.0
35.8607915681234,-83.57906019050564,4232.0
35.85747297489171,-83.53724408691308,7934.0
35.83918109166276,-83.51278440717866,3759.0
35.00120128614834,-85.63966492428081,1092.0
36.15358475915559,-87.04064458785936,4420.0
36.097286693226,-82.88004534240532,3896.0
36.13151143580714,-82.94394515224391,5473.0
36.15424401980429,-82.81923202637722,3002.0
35.7177707548294,-88.91557620331051,5843.0
35.71914049248689,-88.8625850372403,6182.0
35.67476717750134,-88.8762149673101,3872.0
35.69519496861723,-88.81911468015869,5807.0
35.43505876646218,-89.60563945622282,6360.0
35.51580267652,-89.55715499408021,6381.0
35.56597025258617,-89.76977620132908,6050.0
35.59152172829651,-89.61636817192299,6424.0
35.38843068331042,-86.21766389522428,2793.0
36.34497449999999,-85.33599172558385,1999.0
36.47039145017943,-85.34217363192955,2893.0
36.37516783402812,-85.45016146734807,2622.0
36.27667656208914,-85.36005669453347,5132.0
36.45048258235037,-85.2293040787101,1247.0
36.37716457784502,-85.33008271812757,4359.0
35.67153204177081,-84.51236372711146,1086.0
35.2263913241127,-84.44823246974049,399.0
36.32069910648246,-82.8559595480355,2727.0
36.35224598970902,-82.70039898601627,2852.0
35.60290537829546,-89.27314654687065,1837.0
35.72861742036736,-85.33050815912131,1140.0
35.87227645323428,-87.59655901394926,2100.0
36.36060843640076,-82.5298193994765,6512.0
36.3047213407759,-82.58942840875744,3882.0
36.20042453409514,-82.62353731742338,2774.0
36.1664642336579,-82.07064532197568,3676.0
36.1015574868212,-85.28453755101,3015.0
36.14478896550668,-85.26415283832488,2788.0
36.20893754430301,-85.4831406554429,3521.0
36.17694581874801,-85.47772638665712,7075.0
36.15434801696518,-85.42609077930662,2165.0
36.13730862789554,-85.39616669693186,387.0
36.20882025144869,-85.406948723098,1910.0
36.19832088458882,-85.44682015873883,4099.0
36.1327863251546,-85.6434350842746,3726.0
36.15248627491859,-85.5356808811802,6761.0
36.0190763857315,-85.55385955163898,4516.0
35.94204845571233,-85.47729203514126,2220.0
35.95003008301892,-85.59387722971607,3080.0
36.00262936790789,-85.41750723547057,3787.0
35.92162847334669,-85.49756481641583,1572.0
35.95293899411249,-85.20910124153885,2598.0
35.93925640281223,-84.97361472074861,1008.0
35.84818020344786,-89.29539107968715,1106.0
35.78550369432108,-89.23714144667755,1059.0
36.4041685,-82.42966917118991,3220.0
36.36893995138094,-82.39988001602792,4691.0
36.32021899999999,-82.4047014346508,5929.0
36.350915,-82.46506435720215,1145.0
36.32767396884601,-82.43694688520797,2780.0
36.41136299999999,-82.48215497606203,54.0
36.37483349999999,-82.41333913067895,158.0
36.36578923072345,-82.35134351248232,7368.0
36.416454,-82.43243482949539,6124.0
36.34162831669411,-82.35113348578865,4299.0
36.37460634593579,-82.33498983900535,1565.0
36.3296685,-82.36490253298611,3832.0
36.38837957163223,-82.2301395308609,2599.0
36.05913851482008,-84.26418401272937,1760.0
36.03816340546763,-84.24404327157686,3463.0
36.22299353027314,-84.15441211444701,1597.0
35.84782113846624,-85.54490830716752,3816.0
35.90330404337301,-85.45544046410653,786.0
36.18132867940648,-85.52702444317865,3641.0
36.18182913045841,-85.50752008687925,6227.0
36.21227651157581,-85.53290854984381,3352.0
36.19827846808991,-85.71142083404146,1503.0
36.37389055319808,-84.13330288554054,2271.0
36.36067219795736,-84.12680902943764,894.0
36.36981416439076,-85.20011607463138,1273.0
36.22148901632243,-85.15215330878837,2070.0
36.09953174172661,-86.69549932870659,2650.0
36.07361783273458,-86.68173442653907,7230.0
36.0655999753737,-86.65733541123068,5967.0
36.15098563571884,-86.79139459331256,6326.0
36.14155134232935,-86.79035774788633,3914.0
36.13758377619771,-86.97225064402457,5800.0
36.0964205418219,-86.91547847825423,14728.0
36.09233529645495,-86.95924635838816,4038.0
36.09251495337057,-86.88266431549899,4421.0
36.12569032911549,-86.76189833176691,1920.0
36.11493137239923,-86.81987520564476,4663.0
36.28670047504491,-86.71895594709876,2874.0
36.2689679290616,-86.73156787743436,5229.0
36.26669835726024,-86.77587857153715,7004.0
36.14884829599847,-86.57903476291963,7236.0
36.18295898919531,-86.58371466515266,4218.0
36.16271933025072,-86.59867675118947,124.0
36.14960599999502,-86.82921396414996,2169.0
36.22510753451819,-86.63507859516419,2679.0
36.198581,-86.61443795600209,3843.0
36.22890869857807,-86.6068665113655,5176.0
36.19287567699404,-86.85832425343526,3776.0
35.03082292156057,-85.36470651773935,4066.0
35.02830982506342,-85.3925519415702,1890.0
35.03690932013638,-85.31872494641107,6069.0
35.06815289472446,-85.24899251302462,1588.0
35.0408888471884,-85.25776661924637,1976.0
35.06554219670831,-85.24374299741886,2236.0
35.00765120446874,-85.31301504422363,5393.0
35.05514650695896,-85.33002874457888,4225.0
35.04540741678624,-85.29904291548617,4208.0
35.04242894852042,-85.30751969449967,84.0
35.04994685752767,-85.31044604524325,782.0
35.04514645061949,-85.27773247632794,3328.0
35.02280103292985,-85.29016741460507,5852.0
36.23894784510369,-82.73910425581079,4618.0
36.28980424796668,-83.80299592521598,1303.0
36.31482579704528,-84.15181826197208,3700.0
35.93181606889686,-85.76333811342575,2207.0
36.01479450259875,-85.7557116980839,2662.0
35.93202552336344,-85.83793123516921,2981.0
35.4437556116361,-85.19599301989022,1027.0
35.47440927214062,-85.27156582535379,1695.0
35.60692123902601,-85.1903767197434,2055.0
35.7199993524532,-85.16944302234943,1445.0
36.21056484401075,-82.98062214473327,6732.0
36.30789535194267,-85.593484224381,1013.0
36.34792341675594,-85.65006371857413,1027.0
36.58646969753506,-86.1567196837896,2460.0
36.50568304370135,-86.1656074890399,2612.0
36.48363933484437,-86.07568105405765,2607.0
35.70668282289281,-89.51316201999714,2854.0
35.6486157040518,-89.57620383691768,1812.0
35.73156725248543,-89.55200936452623,3564.0
35.83125131253911,-89.63112078484639,3130.0
36.42564777806369,-83.49664675647638,2056.0
36.50477285015209,-83.43501696564225,204.0
36.49294409663892,-83.5588648394818,5206.0
36.55013069323194,-83.61519834710562,4456.0
36.56450216770786,-83.51675947134089,1429.0
36.5424753339204,-83.87573088406279,783.0
36.43112789016371,-83.61752663521486,3774.0
36.26566454591762,-86.61169094004345,5830.0
35.04673003222711,-88.81286763497609,561.0
36.36548233623201,-83.44027394314112,1645.0
36.29952803250091,-83.62801625196519,2317.0
36.00430154275686,-83.91014535698987,8552.0
36.00187176263344,-83.86980625113492,4306.0
36.03184189361592,-83.91448948850297,2732.0
35.96273918534099,-84.04454880427043,10555.0
35.95047250827677,-84.07688889978077,5801.0
35.93017680055656,-84.10027740102808,9394.0
35.96705570389209,-83.91692018999731,4843.0
35.98313001635374,-83.92217206885317,3196.0
35.85873243171152,-83.98656588001958,5113.0
35.81587798776833,-84.00150536405184,1331.0
35.98620259213824,-83.8850468116269,2057.0
35.79733856513686,-83.9836827696158,5686.0
35.83722813036368,-83.9394539384623,4250.0
35.7760034425473,-83.97333119047158,2884.0
35.62281052269829,-88.64890487073835,1194.0
35.56164032605274,-88.6912449463683,1636.0
35.67765091891521,-88.68845866442946,1962.0
35.67185367010961,-88.78733329186096,4732.0
35.76381265220852,-88.6722205855377,884.0
35.72925802252603,-88.73485981200982,5466.0
36.22284238135805,-82.33067393052764,3862.0
36.00338946859493,-83.9387982236769,4049.0
35.89668664130765,-84.07669364944591,6526.0
35.88624213122724,-84.06911368957839,5563.0
35.92736570976029,-84.03057410908157,10850.0
35.93965814648259,-84.04897369148956,6834.0
35.90071977468522,-83.94247874845486,5227.0
35.93390711327006,-83.9287680905778,8286.0
35.89455302204033,-83.99941125027907,8411.0
36.00935173169209,-83.9760563480951,4100.0
35.85658900817251,-84.05159026647198,6494.0
35.88414440546399,-84.05023518384002,6532.0
35.98645138514488,-83.95506354662437,3944.0
35.97665904578129,-83.94225030722204,2431.0
36.3925265,-82.48050287349398,8705.0
36.29105361993147,-82.39628342386342,5940.0
36.31031134442686,-82.34846030190567,3959.0
36.29243977985592,-82.35617758547245,9902.0
36.31938255385335,-82.38191454717581,5182.0
36.27398975735142,-82.3504436150648,167.0
36.27087945622342,-82.41329437180286,2560.0
36.22207914605355,-82.41974625979347,3212.0
36.39028811870688,-82.5743625119289,2765.0
36.34569358944596,-82.2280589477014,3375.0
36.33841957022848,-82.21260412860109,3461.0
36.3122270210624,-82.2111516559014,3307.0
36.45183639474173,-83.85640956512589,1308.0
36.31213604999559,-85.69994233738024,950.0
35.45259674400943,-84.65260648669344,3046.0
35.37671156271384,-84.70205252143703,4111.0
36.21655369391577,-82.55418527145314,2916.0
36.24399050019846,-82.51263233962098,4903.0
36.40914845707239,-82.07585041310236,2050.0
36.26192360759087,-82.00268585914655,460.0
36.31642296134292,-82.33056950303758,4682.0
36.31859688328343,-82.36662827097591,4165.0
36.3503805,-82.48158349688728,1770.0
36.285298,-82.44548302291355,3411.0
36.29582826981152,-82.47656133599563,5794.0
36.34904664679173,-82.40250822528942,4288.0
36.15270734396118,-82.57924753116353,1563.0
35.60363473445394,-84.41786954615895,7954.0
35.491265996135,-84.41268554142218,3916.0
35.60302642154532,-84.48109364091482,3941.0
35.60038157447601,-84.44943551151968,2299.0
35.54407584669104,-84.31744041255823,4499.0
35.36096411278938,-84.18296106024884,5033.0
35.482588685552,-84.11977932493258,2398.0
35.32081636752231,-84.40060036794435,1650.0
35.27188334920306,-84.2816038500641,1540.0
36.17529905861476,-82.48855181539835,993.0
36.5452520731198,-82.03800680860064,5934.0
36.58384262471029,-82.13438356038206,4840.0
36.57340463363151,-82.17890582745474,10064.0
36.57505331143923,-82.52944308971213,5243.0
36.52766829928277,-82.52548548790196,12817.0
36.55198696434595,-82.56355906375788,7064.0
36.5357755920889,-82.31900031823395,11413.0
36.57778910150333,-82.22734900913865,6663.0
36.50934070428839,-82.2009749848202,4665.0
36.53487759298169,-82.23063062437606,4744.0
36.52977523647175,-82.43899707271368,8272.0
36.54492068226823,-82.50236319057323,7601.0
35.52334540949458,-84.36375973014056,4912.0
35.67942864863051,-83.95674765153436,7946.0
35.73128290706937,-83.97294986737082,4171.0
35.72697099268366,-83.9959360112481,5954.0
35.7477070109158,-83.93780260240982,4642.0
35.7842256587524,-83.91496775885298,8656.0
35.58323787834693,-84.07168352869395,4119.0
35.69333894702498,-84.07807087087123,9034.0
35.52599148002085,-84.79238310333821,1489.0
35.57726761396074,-84.74302456331455,2300.0
35.66736023183099,-84.69164407457501,2227.0
36.15890935583104,-83.23072418439037,3336.0
36.15844816068065,-83.30055702642981,1528.0
36.22091776415843,-83.30373290018801,4245.0
36.21887029076991,-83.33335463720356,4499.0
35.98931064653229,-83.18381875603094,2825.0
36.09131023314283,-83.16220594984412,2942.0
36.03718947369736,-83.23003001045076,732.0
35.792168970749,-89.17223904510995,950.0
35.78358415300843,-89.08914568970846,1321.0
35.71341629313515,-89.04090240025606,1192.0
35.80087342981008,-89.02387941039305,1196.0
35.73073040088787,-89.12357870976679,1354.0
36.19795171499604,-86.7316857807522,4626.0
36.12016904133289,-86.88047373244264,4633.0
36.1284056309613,-86.86689065616274,82.0
36.13493236633415,-86.85876079991176,3098.0
36.14902503995226,-86.87687293926153,12355.0
36.16059070669288,-86.77852153944761,8811.0
36.15489260901208,-86.70754007909979,3276.0
36.15493308663412,-86.73705152184074,27.0
36.18484482294546,-86.75421799194076,5131.0
36.18194940964396,-86.77168485995453,2272.0
36.14205346517921,-86.76723558585104,2576.0
36.32900752164721,-86.87866052738119,4694.0
36.57397949699939,-82.58347033804026,10364.0
35.9790025541446,-86.52783365271547,7820.0
35.98325768352841,-86.5065089633868,6593.0
35.95181278315692,-86.5169303551149,7188.0
35.99519812497132,-86.55092633091856,3519.0
35.92841893741833,-86.4941060339159,7266.0
35.89855639021709,-86.5231476109732,7477.0
35.88826237478023,-86.45162787243402,8265.0
35.8567976552238,-86.54585668718877,11478.0
35.85538798221265,-86.394766142253,7833.0
35.91753039191425,-86.21063006194207,2288.0
35.97643949957597,-86.36314693317648,6883.0
35.89324987787099,-86.37002465637376,6175.0
35.93642698418454,-86.31963162137703,5928.0
35.92226072378364,-86.3985936128072,8710.0
35.88849363313919,-86.3197269870894,6314.0
36.00043572392001,-86.44379512308167,7763.0
35.92020694271996,-89.18624623880713,1049.0
36.21462184222847,-83.25897756828614,4819.0
36.25935718238478,-83.26078048309107,4944.0
35.85651764977942,-83.23800634180827,3210.0
35.9295085,-83.18445233269588,2453.0
36.01465211083374,-83.07069801451907,2318.0
35.82387802028961,-86.86330866672488,6554.0
35.86996826079442,-86.85615622043493,3863.0
35.83916191116668,-86.92616531175351,2397.0
35.87102876044767,-86.89147112502118,5218.0
35.7708453487788,-86.80483119495598,4377.0
35.9332582965488,-86.85526371025554,4575.0
35.93208052059711,-86.82953874286885,5889.0
35.90612418447745,-86.84098899745462,7970.0
35.97159693686471,-86.70449904620926,6129.0
35.96799524371169,-86.74934135446684,5275.0
35.92832979723667,-86.70351131484429,9459.0
35.76354199739391,-86.72045714363506,2258.0
35.84401541905264,-86.68161153037951,5912.0
36.02009720856545,-86.57112744606926,8072.0
35.99930604915509,-86.57305288427486,6951.0
35.97753791888373,-86.59365158821662,7849.0
35.8244386096116,-86.3930110814553,8124.0
35.79513077608019,-86.37956426072999,5563.0
35.93494034824316,-86.64554532314473,8381.0
35.89401527753721,-86.76545668583931,6348.0
35.92631044078461,-86.58531611975296,10797.0
35.94830547251322,-86.79172837292248,8689.0
35.92199028028978,-86.79743784052263,6871.0
35.8635592097158,-86.80277099410523,8837.0
35.96148446834395,-86.84493672743783,8799.0
35.99534572355991,-86.81308023250202,4364.0
35.89452894659108,-86.99797536284971,2768.0
35.81103357309259,-87.00070657508398,1362.0
35.90106249326133,-86.88513410732287,5420.0
35.93521934119931,-86.94155000674483,7780.0
35.88135158697848,-87.12791251229167,2348.0
35.99769142713781,-86.95047399519571,3991.0
36.3474718112159,-83.86399372219523,2137.0
36.2374057900773,-83.79232439813026,4081.0
36.22050921076767,-83.73454954082592,2460.0
36.24916951437626,-83.92244848765652,2439.0
36.19466817836783,-83.87942658935336,3387.0
36.31431131689162,-83.71617377082704,1432.0
35.81882872169689,-83.87096906465304,3557.0
35.79035970421916,-83.79625237403158,4939.0
36.45410195111089,-82.25251477830956,4641.0
36.45097326908906,-82.49856048126726,4556.0
36.48395830818163,-82.49982203373663,5602.0
36.41567456127882,-82.62623955128542,1791.0
35.47106308599086,-89.97858607100166,6228.0
35.85107897484902,-83.80760102485155,3921.0
36.01851589291233,-82.55758110565355,1041.0
35.77009259551899,-84.03241906024361,4820.0
35.7709934952433,-84.13832083012278,2449.0
35.70230331410301,-84.00740002505759,3117.0
35.76769010680453,-83.95624349827955,3826.0
35.74781582198547,-84.00454345887337,6383.0
35.74448200195074,-84.08734317934692,1760.0
35.7391215872543,-84.04217814869207,4362.0
35.79675007214643,-84.10168601540948,2583.0
35.77059200876263,-83.935349546752,4656.0
35.82756179230382,-84.05987086873778,3367.0
35.6372116538567,-84.01406292707598,3748.0
35.60742206626993,-83.81692610914813,3064.0
36.40973431513957,-83.73467496447603,1374.0
36.39019139168845,-83.6774972322974,1255.0
36.47220235437487,-83.66870638301134,2559.0
36.18315459420383,-83.79790714791153,2275.0
36.15968517455156,-86.85355411453554,4672.0
36.21289458976997,-86.68909680299384,5101.0
36.21094557875174,-86.7238966601837,3097.0
36.02028523941249,-86.7241381359408,6994.0
36.03573611972477,-86.71868110728585,4278.0
36.00115259380095,-86.66203776645779,8939.0
36.03674802410501,-86.69227816366525,6037.0
35.9993374023013,-86.62867267151503,3381.0
36.02030507711738,-86.69777036373208,7235.0
36.05647629296089,-86.71538211865854,9462.0
36.29381705908514,-86.78161544869432,2214.0
36.06514721558779,-86.8403103690161,5038.0
36.1338932647972,-86.74359508192458,3528.0
36.14862744318382,-86.74245736332276,3405.0
36.09898051120625,-86.83571560727933,4843.0
36.14502669611552,-86.84209363946017,4436.0
36.14899707951605,-86.81345624378534,4796.0
36.16083873337752,-86.64318716634752,5459.0
36.15578545895051,-86.67380098126353,5018.0
35.04446971019254,-89.50699871710793,2584.0
35.05097852816588,-89.60894918912042,2264.0
35.42916869169637,-89.7612767091,9061.0
35.48464158070765,-89.71261244401659,6449.0
35.41858917678308,-89.8565199952935,7051.0
35.02815772459957,-84.68115669449128,2599.0
36.44848038819645,-81.90657610878996,3692.0
36.50485604780967,-81.83029895181627,1687.0
36.5414623383744,-81.8837606735702,1153.0
36.25702973656941,-85.47968195136528,3367.0
36.09892135035291,-85.50079966142083,3621.0
35.92136201720585,-85.46348346632837,2794.0
36.33897146709005,-81.92901081136645,1235.0
36.39869787767697,-81.83234099315327,2220.0
35.76030520326852,-88.96375103290602,1203.0
35.71032023346562,-89.08997851169241,1219.0
35.96516145470247,-86.91488408294263,3488.0
35.93987464901539,-86.8894389637689,6755.0
35.36752894919831,-85.53909227981654,755.0
35.3564106118318,-85.62402175011712,2238.0
35.82475316159457,-86.07244177063157,2687.0
35.84902341034056,-86.04258518946659,594.0
35.77997060440716,-86.13934097369201,3180.0
35.78322682564085,-86.01123580668437,2327.0
35.43676059916864,-85.79793351852194,2253.0
35.48567127398317,-85.64403773206958,633.0
35.42826314275505,-85.56023734576624,207.0
35.38762766206833,-85.69415884798981,753.0
36.55554446263238,-81.7458879866146,1849.0
36.39116741232446,-81.75259292976634,1197.0
35.85936776325459,-85.39357323925186,1150.0
35.26528346007838,-85.75878449026018,3032.0
35.24580925902412,-85.82882399559742,1474.0
35.95848743866792,-87.09262932042175,5904.0
36.45720417635324,-82.62493242583116,4774.0
36.57485314532549,-82.35901637250245,3851.0
36.57598784111286,-82.46533490988263,7658.0
36.47734160717273,-82.4255646864441,2896.0
36.49270681326041,-82.56336134750406,8581.0
35.87618191621706,-85.61856428176466,957.0
35.83030085150385,-83.70318513323262,2238.0
35.29763597564668,-89.5738125421671,3044.0
35.3652476254081,-89.50690658509744,1843.0
35.15676933670351,-89.4498561278387,3810.0
35.23241177671322,-89.39732481837737,4396.0
35.30989317328519,-89.41089260900968,1437.0
35.22735895972673,-89.51425689547098,8694.0
35.22247755331126,-89.58690782595853,4419.0
35.82055892178933,-83.49975987913874,71.0
35.88575080662137,-83.46517924370275,5083.0
36.15080402197763,-85.76833783872263,371.0
36.14162504860164,-85.4878089946479,6518.0
36.53762563476436,-82.59584363553434,2754.0
35.02883162938298,-85.27455533557658,3014.0
35.07266193255997,-85.30505252790991,1055.0
35.06265416247174,-85.29680492772832,2910.0
35.09207249561437,-85.30982300762267,4661.0
35.28125234259538,-85.01797623986567,5655.0
35.22924613805215,-85.04828290610753,925.0
35.02739882370022,-85.16493195551837,2247.0
35.00839767866831,-85.17518971610491,1991.0
35.01478403764584,-85.19724490044445,3682.0
35.0358029480203,-85.16936989284041,899.0
35.33062946363174,-89.27462598497955,1797.0
35.0224075,-85.35349728615267,186.0
34.99668960143907,-85.33416997557792,2452.0
35.144226,-85.34121889459459,4796.0
35.20517925660675,-85.30523678159474,4881.0
35.09606383897281,-85.20521241868857,2872.0
35.08406559655319,-85.17611687854442,3529.0
35.09852512559434,-85.17793533777177,1124.0
35.08605492400506,-85.22637233289453,701.0
35.13281063730596,-85.30375866490064,8089.0
35.12850968445005,-85.28471418200496,5402.0
36.17982030890416,-83.61558007323296,2509.0
36.17301307179046,-83.68389475835485,2678.0
35.9467654180871,-83.94114209572925,502.0
35.93835989948695,-83.96448325600296,4061.0
35.95287744629037,-83.87828231667051,7564.0
36.06045464177451,-83.96547993756586,10221.0
36.04043852139603,-83.93874874841633,4845.0
36.08353975802895,-83.98614221025683,4742.0
36.46073330624497,-83.42013729257813,408.0
36.43342603097674,-82.33750820878406,7334.0
36.48691947768985,-82.31602123577157,3634.0
35.4418819901382,-88.70847174267655,2812.0
35.36446498847624,-88.71500693818423,1482.0
35.43380757303069,-88.41955690252036,1181.0
35.67959884423541,-85.2560992829767,3227.0
35.52693180645335,-85.35889777181218,610.0
36.34603751247838,-84.23997746100981,3030.0
36.31928181852809,-85.52472558015688,1073.0
35.91821583893509,-86.88821834364755,5456.0
35.77819517889028,-86.88036215228067,8407.0
35.74773066972241,-86.88489541011332,5397.0
35.77607618653014,-86.89986445067004,9022.0
35.76180091305954,-86.90903693825854,6927.0
35.77009948957475,-86.92487111081982,4205.0
35.71679047753979,-83.81043034330496,1763.0
35.03904957938375,-85.14177707226523,6327.0
35.056889,-85.0873651397965,784.0
35.03861244026424,-85.09240687798133,6813.0
35.02189989261264,-85.14145838874659,29.0
35.06209805762905,-85.16045543651396,4896.0
35.88944425209371,-86.41097848367299,6364.0
35.580915,-84.1761180226824,3436.0
35.59772888123279,-84.23720022484186,1573.0
36.33336281788714,-84.1918946931551,2997.0
36.31185633345847,-84.06787293350439,1606.0
36.33767446859567,-84.01086039149111,1143.0
36.00832341408604,-87.13186095137175,6181.0
35.10809624957013,-85.2967957367383,1835.0
35.0431676667372,-85.1849422690285,3095.0
36.02721177338589,-86.83033700541942,7832.0
36.01080461984534,-86.7667800882057,6396.0
35.959601,-86.86584927362576,4763.0
34.9983668962187,-85.28915449729625,7664.0
35.1455045,-85.30850467920772,776.0
35.11612691563172,-85.37765396684232,56.0
35.11683277652983,-85.21818639879764,4166.0
35.06698138672178,-85.2189039288641,2263.0
35.20265498951466,-85.13916953333262,1874.0
35.16996597432274,-85.15925161408695,3479.0
35.21279053747758,-85.16823101892376,1859.0
35.45077083362951,-84.36266430339593,3099.0
36.41975964870074,-89.32580181135782,1034.0
36.33711591175072,-82.28800726695275,2994.0
36.2875765584762,-82.30363667037803,7567.0
35.11242701071043,-88.24666376666333,1523.0
35.22404015686691,-88.32386290947755,2242.0
35.06141697369765,-88.9245037333554,2797.0
36.5282141519315,-86.03779817775234,2786.0
35.55640854979027,-84.97517933521422,3730.0
35.9404067857214,-88.83077405308032,1416.0
35.60301520876484,-86.72131385485609,4378.0
35.26924446075203,-86.90891717950686,2025.0
35.70529691732989,-86.3928398165524,9165.0
35.8016277966078,-86.42851777818028,11490.0
35.75471557921955,-86.44132091741392,4254.0
35.82161198105554,-86.47926109167808,8133.0
35.83515490288134,-86.41641181928803,7121.0
35.85466848963152,-86.44437505174722,8658.0
36.01427272229213,-86.49953016193338,4423.0
35.96943723582665,-86.476397712381,7849.0
35.73891633061849,-86.64081499859559,2260.0
35.77477202884927,-86.5466124171685,8635.0
35.04736295255369,-89.37856360504696,1817.0
35.06174245625554,-89.25987535672115,754.0
35.13731910806858,-89.33974853845424,1031.0
36.02102198828169,-83.95028428084953,10641.0
35.99403707567038,-83.98084519623362,4131.0
35.98341083273086,-83.969137377204,1647.0
35.98428232225539,-84.0089496373928,3209.0
35.99922102383427,-84.00305276392169,3700.0
35.97229284933708,-83.89335947033801,5085.0
36.08367124732492,-83.73695226523412,4551.0
36.13397159654014,-83.76788476361878,2776.0
35.91371437714778,-83.81194527543818,4455.0
36.55521425253911,-82.62587226049041,3045.0
36.56995127328469,-83.34893360999308,745.0
36.54730323878601,-86.03333334323584,2545.0
35.05404006255645,-89.04169295521507,716.0
35.05540965960648,-88.08551517418188,1389.0
35.15686238563047,-88.09489891917794,1154.0
36.29004680524,-83.04237026975673,2142.0
36.36087743982891,-83.21969601574004,3128.0
36.44180522553145,-82.99514314300711,1642.0
36.41305378570667,-82.97041431947181,8023.0
36.48034976562818,-82.8525792293383,4358.0
35.93482110600485,-84.13546531676208,9564.0
35.9659027067079,-84.09765557193728,9988.0
35.93346580638206,-83.9911039973616,2846.0
35.61053655313186,-88.81707198020284,4266.0
35.63615641016544,-88.83267849321932,3866.0
35.63969741675604,-88.79561587737717,4098.0
35.85224361487882,-86.47251835492573,13931.0
35.83067438217439,-86.45103681889863,8693.0
35.96322722310801,-86.54594223999302,6961.0
35.84543183984865,-86.23688249871165,2178.0
35.69554775402892,-86.46916985542306,4574.0
35.82272337543578,-86.33855319921167,9537.0
35.80317667212209,-86.34308009091446,5578.0
35.73739545548468,-86.27971438255256,8165.0
35.84276263108772,-86.36018342468178,1028.0
35.84874365256749,-86.32024087189863,2776.0
35.98942195974601,-83.90066678153585,3004.0
35.98771392895554,-83.69457981622158,2793.0
35.96477392208216,-83.75427438382351,1395.0
35.6698345695679,-88.8250800882592,3380.0
35.69870807333586,-88.85406418790654,6113.0
35.56726802803772,-88.81548884010817,3865.0
35.6255065,-88.85743290260831,2141.0
35.53109570516678,-88.7364719434118,1902.0
35.20931848883924,-89.2538209792182,1844.0
35.38582579125528,-88.97812969067168,1539.0
35.33225237194526,-89.07424350736481,5045.0
35.09581449789732,-89.77636376006762,6017.0
35.06606977013478,-89.65389251070918,6449.0
35.60795432869667,-88.95739315359731,3058.0
35.50896988601296,-88.95448975168044,1467.0
35.63969678666493,-88.81719551950205,3603.0
35.47981773990435,-89.0256407857511,773.0
35.61848393132859,-88.73618650197538,1393.0
35.3528806316698,-89.98822939873689,7240.0
35.34159192555234,-89.74747635710986,5766.0
36.2730709608529,-83.4395135008129,3140.0
36.21853485425765,-83.50693359615902,2336.0
36.27893737896007,-83.5426852809554,2319.0
36.29520884141008,-83.34435857269818,2112.0
36.01806594771427,-83.87688664977829,2790.0
35.91471199409291,-84.16481387141566,5560.0
35.06293733538197,-84.39018389768283,1906.0
35.68292051129394,-84.40294081088675,2258.0
35.0990874937623,-89.93971652710516,5584.0
35.24092521553951,-89.99127370740167,9112.0
35.2014299331008,-89.8550077302105,6300.0
36.53334268104603,-85.55621404427082,797.0
35.91774031441794,-84.22013043369618,5855.0
35.87761396875899,-83.87562646757425,6474.0
35.9196927058525,-83.88913055373199,2749.0
35.87765628579068,-84.11771308946857,10463.0
35.83391592387358,-84.1474929861241,10064.0
36.42881558794662,-83.94085532241057,712.0
36.417744790279,-84.0094605230362,3660.0
36.38582410088898,-84.0753073383361,3024.0
36.56653149539175,-85.74816223991601,1582.0
35.7364865275829,-84.21303538828656,2633.0
36.47705832163975,-83.02549306756723,1540.0
36.27830518857327,-83.20007616463768,2073.0
36.24808901108958,-83.21758928725865,4450.0
36.27098320731022,-83.14435899473015,2600.0
36.25946092672278,-83.32785444730617,4629.0
35.03538121438964,-85.20371999590346,625.0
35.0702975,-85.18240022505961,133.0
35.07949889757042,-85.19382323259342,2191.0
35.01979469539455,-85.268556558154,1094.0
35.20031960461731,-85.07596808294107,3773.0
35.15811445664446,-85.04526316976138,5647.0
35.15556577806088,-85.10873196264949,1497.0
35.00884569577709,-85.25534089077352,4187.0
35.01236942544985,-85.23615267201006,3585.0
35.00775849999999,-85.2696604018283,2431.0
34.99520505273784,-85.19860013015216,5989.0
34.99016571365179,-85.24681996675818,5403.0
35.03364985523854,-85.21911049969805,2789.0
35.0363895,-85.23545696659076,5035.0
35.23764024446955,-85.13048434353925,5760.0
35.22207119307603,-85.10540348183508,2206.0
34.99801407089605,-85.32640709331018,107.0
36.43455694212215,-82.76829859655103,836.0
36.35339938560974,-82.974250742173,2696.0
35.10787082806483,-85.26336974350012,3126.0
35.0226735,-85.1187003019703,2983.0
35.01692294483635,-85.1397223818527,5243.0
35.0828907065836,-84.61693993723092,1735.0
36.55582185366396,-82.79588522628953,2855.0
36.35320288761701,-83.34525294582662,1801.0
35.13935981948251,-89.5775746110403,2256.0
36.5111915,-82.69649618650948,6996.0
36.53197093944146,-82.6531372244853,5323.0
36.57568757132191,-82.69150181576444,4312.0
35.32488576867626,-85.08946090257375,4110.0
35.36727106911948,-85.15635299855983,1370.0
35.40542015810855,-85.09757977459564,2566.0
35.27848418166166,-85.15482882185543,7228.0
35.08024349999999,-85.373224894506,265.0
35.09046110429298,-85.06531921135404,64.0
35.06746149909837,-85.04912133162135,3226.0
35.09752756334542,-85.04138057325913,7663.0
35.04788183788614,-85.15334024658205,782.0
35.05741993403137,-85.14285711106217,679.0
36.59163034975953,-85.41803264263827,683.0
36.40814806852672,-86.89771783026612,2402.0
36.58897720761652,-86.6596989628467,6052.0
35.48948471505215,-84.93252018068036,4000.0
35.52563071491839,-85.08517040109663,1716.0
35.66553944342447,-85.76544829830121,903.0
36.50928457842205,-87.35474419396272,4593.0
35.05620348281756,-85.23253964025689,2102.0
35.27472948251277,-85.22689646902224,1711.0
35.02393842163465,-85.0782525778698,792.0
35.00776495517329,-85.02607898003517,5484.0
35.12542593018259,-85.33802434028573,3189.0
36.50718146582597,-85.09809951294974,365.0
35.09628087995203,-85.07864454986526,2457.0
35.03441078218088,-85.04791557710344,23.0
35.03724509858328,-85.03754468342166,2091.0
35.06378501018937,-85.00214189303514,217.0
36.57670657049177,-85.17203317665603,1243.0
36.54749072635085,-85.13076703641951,868.0
36.14501438727959,-85.9226763792965,2809.0
35.20491117371154,-86.33890008442224,1312.0
36.26496399999999,-86.03500471559487,2464.0
36.58071080710378,-87.02596640946227,4273.0
35.17560817310545,-89.73855570810704,9868.0
35.17259130695832,-89.76788796336731,6427.0
35.35197816826311,-85.39463627416262,1806.0
35.31573765188756,-85.4869457144211,1603.0
35.6335437481493,-85.46427042816433,1576.0
36.48616910269392,-87.07647034111194,1609.0
36.03173717493254,-85.68907886071992,286.0
35.79824663277854,-85.78672372433039,2303.0
35.22109231992489,-85.87266232366322,0.01
35.62302965188089,-85.91804468730652,2869.0
35.79916868076602,-85.70551795399918,954.0
35.74931187748834,-85.90078986529315,2305.0
35.44217252109821,-85.48381798674185,1750.0
35.1791685,-85.25049358047073,1429.0
35.1900546995483,-85.22856127508487,229.0
36.2039070115151,-86.76318177422638,3475.0
36.20353408522113,-86.78584457362533,3163.0
36.17345565307205,-86.7367676195723,3827.0
36.15158074472985,-86.63191475891759,608.0
35.90487945804195,-83.39800070950328,2475.0
35.86323170111378,-83.42129846567776,159.0
35.80990447668673,-83.43796387852875,3931.0
35.13475293375654,-84.64243643101365,1035.0
36.10471785363198,-86.73523297551951,13580.0
36.12226553926624,-86.73595705489349,1317.0
36.4014855580398,-87.07361068922212,7248.0
36.34161629067676,-87.0881506690845,2946.0
36.41693096815395,-86.97951155124285,3288.0
36.12191484034183,-86.782643306827,4737.0
36.23721067128319,-86.78903272907566,6339.0
36.22236930860989,-86.78350655202074,6071.0
36.25778368792806,-86.83312594087093,1411.0
36.234446841578,-86.86593742261147,7291.0
36.12533764109704,-86.7921297768059,3427.0
36.12727097742486,-86.79928412098538,5170.0
36.19273115789518,-86.76488718480488,4372.0
36.06810682588154,-86.79111908616754,3903.0
36.12570805964059,-86.72217077895719,2659.0
36.1190386838643,-86.71070710533668,1868.0
36.27311565412067,-86.69547186648443,7442.0
36.03435360893081,-86.65986938480415,6742.0
36.21518714192343,-86.81169250464643,3751.0
36.22619043720513,-86.66499328791306,7666.0
36.13423808065147,-86.82105522856988,133.0
36.10004230404247,-86.8112713698631,6251.0
36.09951536543954,-86.6141009886638,7597.0
36.06149667010287,-86.70682039528421,1556.0
36.05721479909867,-86.68791550240843,6159.0
36.07337599885991,-86.71284228491116,5703.0
36.13618089238721,-86.78227499457333,3775.0
36.07297557124018,-86.70010753786299,6280.0
36.04651684500926,-86.73622437269823,4947.0
36.04072427156517,-86.76141562865816,7521.0
36.25786639628435,-86.69746440488724,4406.0
36.13331643531647,-86.81064404333793,5284.0
35.33531155465389,-88.87378945446949,930.0
35.04352002472614,-89.15223210880049,1427.0
35.19916224089715,-89.00514880369307,2809.0
36.45872182240072,-84.29167416118685,819.0
35.87647615601932,-85.96725468925787,592.0
35.92531194099272,-86.02536259548,524.0
36.18219566314256,-83.3923199416463,4831.0
36.22283218442038,-83.38644309934277,4719.0
35.98598405863782,-83.22475051115666,2158.0
35.95572710384265,-83.20091425769745,2267.0
35.94987397858852,-83.12628476346792,1517.0
35.65186586126583,-88.85179919135223,3483.0
35.52881623273076,-88.82038292222362,1511.0
35.6123603205722,-88.78947009555121,3373.0
36.18140599195499,-83.43629835592628,4652.0
35.96053721193093,-83.60116891677933,7281.0
36.00672635889604,-83.63153117034295,4290.0
35.8564997767751,-86.36094571438043,10177.0
35.86556586388455,-86.34792688555692,3336.0
36.04853217339342,-86.5306442945956,15866.0
35.86993290367676,-86.364645914342,2527.0
35.87579512613173,-86.38411069907133,7484.0
35.74522310562691,-89.478392586413,3226.0
35.89876239972906,-83.73830494343413,8110.0
36.45787556063499,-85.7112079394944,824.0
36.1674047519372,-86.82994674211005,6497.0
36.08796004746738,-86.66358178254023,7591.0
36.18411903644719,-86.88590722559398,2134.0
36.03554532567353,-86.90947710852552,5170.0
35.50474513856342,-84.82293402908758,1868.0
35.42537002099841,-84.88706648000041,2456.0
35.36104706472068,-84.94675289438257,2418.0
35.31737472425437,-89.15292112212248,3085.0
35.17698252265154,-89.11886221188304,3487.0
35.23951057395385,-88.84133200979333,847.0
36.0412806391655,-83.82341168577291,4009.0
36.00716315791822,-83.84283739906,2053.0
36.10733772443348,-83.99768818526873,872.0
35.97081073308923,-83.82804576426429,1733.0
35.98922642045351,-83.77715768138368,2265.0
35.90903215298255,-84.08879975823719,7075.0
35.86202640303992,-84.1767756908581,11887.0
36.14998625461298,-83.9658761452883,1119.0
36.02569071101132,-83.99937148220734,8456.0
35.97898730814436,-83.02182253804158,1336.0
35.94993234936182,-83.2740569254974,2396.0
35.94130657526688,-83.2373331276729,1654.0
35.83220376784089,-83.10167474533291,961.0
35.47086157655853,-88.61690238857196,2948.0
35.4282109779,-88.65078008171304,2857.0
35.29337327431605,-88.73616214060225,562.0
35.52411331751381,-88.58128080357777,2010.0
35.62555778436462,-88.09657614015968,1260.0
35.58541358748636,-88.1337982142909,972.0
35.45326120929345,-88.30061482938852,1088.0
36.30594610205231,-87.57094697527319,1263.0
35.73656873443134,-87.81790623135697,1302.0
35.72343080951362,-87.94806264239831,807.0
36.1062640668604,-88.14975926234784,2601.0
35.03629329457155,-86.24702797643867,2264.0
35.3261855407771,-86.1527251856731,1932.0
36.04029831400334,-89.27197477041923,848.0
36.0381038489649,-89.32490525202,3492.0
35.9656846455873,-89.28758311433077,2074.0
35.07220210338834,-89.87837293387146,9003.0
35.00067077063247,-90.01649355571315,4944.0
35.13141515328523,-89.99955735575514,5228.0
35.16235743377847,-89.82887941976064,6879.0
35.17919784452026,-89.84558701691464,5868.0
35.1138745,-90.0008901084995,3992.0
35.24628880220099,-89.94598515404029,9441.0
35.22043245486928,-89.94009017887758,5718.0
35.06893169819509,-89.94012882244277,4730.0
35.19735191819446,-89.81609997886947,9030.0
35.25326340172541,-89.85338626175778,7496.0
35.00662893653529,-90.05739678410986,3659.0
35.17414859930994,-86.75862557960953,1737.0
35.11734679798663,-90.07051828451321,1795.0
35.54331000626692,-88.08197131207689,1463.0
35.62781295826019,-88.14360157275256,1106.0
35.03002486355648,-90.0532560303282,3341.0
35.03511987596718,-89.8027197776334,5210.0
35.03769021157477,-89.69830530992711,8680.0
36.41215716421276,-84.92753041466322,1624.0
35.56306712886558,-87.55737107470401,1327.0
35.54716318763974,-87.53381885060585,1263.0
36.05298951111643,-89.4032200628775,3742.0
36.0937290952938,-89.55132314213378,1812.0
36.0557647202287,-89.21125682661425,1162.0
35.04635526147614,-89.90464261366579,7802.0
35.04231078930473,-86.77960792754162,2019.0
35.54839672674404,-87.56459328545994,1306.0
36.45563493349762,-87.81776425201015,2012.0
36.38912245448169,-87.74986384681426,2058.0
35.03235697877251,-89.83818607921572,7611.0
35.10465894913252,-89.95919334758106,6350.0
35.04893726123748,-87.01560221684153,1761.0
36.60366186422198,-87.8529444762681,1803.0
36.54273169762553,-85.2412715868709,224.0
36.4967369013949,-85.159856354046,329.0
35.76212095198262,-88.22598339370997,263.0
35.3262428587816,-88.46828367886098,902.0
35.21097318858985,-88.45969604141882,878.0
35.15466607761581,-88.4206396021136,1139.0
35.10993024974606,-90.04198489764036,3182.0
35.00735108127518,-90.11574711763727,1608.0
35.23366731708901,-89.80791402218621,4066.0
36.60620438346402,-86.87079052410003,1754.0
36.41616545131788,-86.09465402873606,859.0
36.38922452425795,-86.05917712316979,3461.0
36.48535396196738,-87.67897587315882,2001.0
35.28555362968498,-89.96220700863955,1993.0
35.13934340427502,-89.76705553111393,6715.0
35.65344390633225,-85.79547132642928,1926.0
35.55951379771159,-85.85699106796666,938.0
35.59701854894976,-85.80150675005669,869.0
35.80347599547118,-85.86187587925593,1673.0
36.11141179199892,-83.40099300891157,4994.0
35.81891542755052,-85.03515013926615,1372.0
35.40287640978531,-84.62594218991734,4948.0
36.15198876017054,-86.0300271740735,2680.0
35.95522703303465,-85.89763541547555,1227.0
35.06829055548963,-86.50476138590554,1990.0
35.87317171818943,-85.85174953989802,1109.0
35.9966693555147,-85.83577915064112,2992.0
35.88372611362657,-85.74088197746298,932.0
36.33851661623513,-89.51400957871029,2370.0
36.25500317240351,-89.52660668115816,2275.0
36.43617016884949,-89.44072485162981,2360.0
35.65893306342482,-89.21468734786015,1745.0
35.60670879187053,-89.26209228518124,1550.0
36.19445594576285,-86.71456750780018,3105.0
36.18192299291912,-86.71140830911179,3875.0
36.23043646894852,-86.75156236914687,3341.0
36.06274679274201,-86.75314767533517,3994.0
36.06480811437263,-86.76599412511011,1557.0
36.08362241659283,-86.73963165766096,7441.0
36.37270779661343,-86.74670407615893,1569.0
36.3377778702782,-86.782969346041,2107.0
35.88673136761426,-84.18294382704988,12481.0
36.35879506190637,-87.18504205653976,4105.0
36.07839541283391,-83.83317032938076,8110.0
36.04955012434463,-83.91388223967246,2939.0
35.72186374426305,-85.06429388769989,565.0
35.70697067483944,-89.62626887689572,1234.0
35.69743952696097,-89.81061966409854,2862.0
36.11077477870836,-85.72042035729915,1342.0
36.12299349913931,-85.56392738256018,4344.0
35.79556690254658,-84.03799136346373,1088.0
35.74299636921072,-83.9620503342819,3248.0
35.6904773393123,-85.01365854101611,1021.0
36.04296499376159,-86.59664955430038,16214.0
36.04159705527639,-86.6198686365323,5448.0
36.25890744788997,-86.92433392638988,1131.0
36.19356325341877,-86.80595534148199,4329.0
36.14321376358114,-86.8059131856585,3977.0
36.20634285911653,-86.70835423246508,2598.0
36.16577484651766,-86.7606388732788,4253.0
36.17307219657789,-86.75459815134973,3478.0
36.22495036188608,-86.74032175972144,2560.0
36.20358724634808,-86.74424474955212,1765.0
36.45783010308612,-84.13695111107042,1527.0
36.57909050412225,-84.11509027540514,2477.0
36.27056704402158,-84.29693468088665,179.0
35.77106828866331,-88.83426248074387,2556.0
36.02781719614917,-83.12588146074995,1421.0
36.19505006263795,-83.28226269750239,4348.0
36.22951745009312,-83.27492764803974,4147.0
36.12651285335567,-83.85809207612519,11144.0
35.95418339171343,-83.96478951424493,2771.0
36.17432928047735,-83.34488228060924,3189.0
35.89367267324387,-83.15794198952172,2782.0
35.94328171904308,-82.96329233722912,201.0
35.4791989486532,-88.76250937557745,1136.0
35.46796204654863,-88.8362366299871,754.0
35.99166436397299,-83.93330545490248,3179.0
35.92681641090861,-84.07875062211875,5063.0
35.1466891950563,-88.8578398024453,999.0
35.84404418917373,-89.14155620631468,1122.0
36.37080796029625,-82.26357215719081,664.0
36.38832252685764,-82.27905102342008,677.0
35.14415506817293,-84.49861706370376,461.0
36.54435007730171,-84.03567392632868,1126.0
35.0007135,-85.23408614574677,6588.0
35.07242616662556,-85.28667241068828,2357.0
35.09317268261287,-85.28410766978135,4502.0
35.13719827015031,-85.20496309888078,4430.0
35.15316668760488,-85.22746668878311,4705.0
35.17930127110849,-85.20747711708788,8032.0
36.49987510206316,-83.31585442784355,1197.0
36.4814481448924,-82.74539418339397,1610.0
36.40906622092529,-82.74914606699517,459.0
35.01356947395119,-85.28693038008642,297.0
36.33294068725667,-83.10074372516763,2885.0
36.57132930064859,-83.01397953047628,733.0
35.98334192679934,-86.77788915126312,6644.0
35.82212161750186,-89.43164610151287,1498.0
36.02530301577572,-83.89286986958749,4133.0
35.9676953554979,-83.96589993725787,2733.0
35.71472093885272,-83.89967817014734,3243.0
35.86628668543441,-83.00244658287625,1439.0
36.24767199659473,-87.60796772138332,1114.0
35.21712504999162,-89.96229377751416,1498.0
35.07554964844382,-90.00145538663338,3778.0
35.26456688932466,-89.79620801655884,6930.0
35.29864978456391,-86.23318211599003,3052.0
35.00894801381246,-89.85144887215858,8104.0
35.04988917013134,-89.66341270884612,3326.0
35.52512449854559,-88.35614015471788,1149.0
36.41095305430208,-86.24639420544108,1007.0
36.44743769586321,-86.20478939068117,827.0
35.1466365409425,-89.86592027878375,6900.0
36.44484832041261,-88.22123793609796,1061.0
35.08634271610848,-84.96654889115932,2371.0
35.58739223098059,-88.24689914470302,519.0
35.7582186558114,-84.64866617013861,1539.0
35.13928749519931,-90.00602595629208,3107.0
35.08103874236458,-89.96805205817427,6263.0
35.05147008546493,-89.95411401416115,2976.0
35.13052358722183,-90.01721983936335,4900.0
35.85238697308679,-88.65898770882049,843.0
35.19434697999582,-87.40272287668488,813.0
35.65664157975318,-86.69038576989252,4480.0
35.72226641691153,-88.31172766485693,1341.0
35.34554844389422,-88.56946748450689,1091.0
35.03835993021863,-84.81430650027642,4733.0
35.81536862090136,-84.56592522793397,1874.0
35.27545343989046,-84.90040610463674,4548.0
35.89060136851128,-88.736203416032,2055.0
36.0412825342819,-84.35233460056432,804.0
36.40358355121177,-85.0556300370218,581.0
35.22501349061237,-89.91623991085247,7099.0
35.15875722339197,-89.97273536291101,2838.0
35.06534437207729,-88.73196543507217,456.0
35.91970084858094,-84.51382915852949,1279.0
36.63620536943479,-87.40013391762665,4683.0
35.8009093010121,-84.72379045117401,1200.0
35.82979157669175,-84.8942414002135,997.0
35.90909603188863,-88.31375059969916,306.0
36.28376263434086,-86.54224854215671,4907.0
36.00819583031153,-86.11299787427072,1219.0
35.00022527474108,-89.81307885703568,5080.0
35.16804308297657,-89.7869482625731,5346.0
35.27562163677299,-90.07543735086162,4037.0
35.80496242160484,-84.41458810942306,2332.0
36.35451128617052,-84.6322367305695,1282.0
36.3488416187128,-86.2505430707184,913.0
36.0909019476788,-85.04466976292555,3123.0
35.45742915795105,-84.58115379177278,1307.0
36.16631520013249,-84.21417058766713,1235.0
36.31017408548446,-86.45414820868191,894.0
36.45008140648701,-86.55520339461319,3397.0
35.73514391139768,-85.65609709803229,3218.0
35.02726969042461,-89.88044669612997,4866.0
35.0101099233657,-89.73647518713169,3171.0
35.01476487658671,-89.77809657494225,6507.0
35.02733168117988,-85.59844733108561,1073.0
36.31803833322722,-87.76635505997108,1115.0
35.26119561386584,-86.53776243095328,792.0
35.449189557309,-89.27970960149828,1800.0
36.23708683409786,-86.58030955049405,4412.0
35.02387978157944,-86.66528776367961,1271.0
35.14202301557717,-89.93358968640912,5911.0
35.07735842152595,-90.02879936878375,3318.0
35.12416558245041,-89.91666150895611,5959.0
36.02906990422437,-88.29423290337672,1160.0
35.06665086935617,-90.07482025488608,3418.0
35.18103738503328,-84.67724298738189,2532.0
35.16661585924714,-89.81712767901111,3331.0
35.16463591705725,-89.80235763213922,5466.0
36.06640865976177,-88.1138474832338,2772.0
36.14534121456992,-82.85179544408683,2190.0
35.01741331357222,-84.46061406563537,1619.0
36.32413577264298,-86.71070160387812,5573.0
35.02493765564481,-86.57874433946901,2228.0
35.16570841593954,-90.0052486700316,3600.0
35.134017,-86.57128086664036,2457.0
35.01880945725382,-86.36304980233778,962.0
36.05082885533906,-86.94289766291651,4403.0
36.27185276645574,-85.54352111616451,1034.0
35.45889700686028,-89.81303636109995,6966.0
35.62945419457682,-89.38775943130318,1935.0
35.61149070373833,-85.55690653029752,205.0
36.33311321718976,-82.18372875005751,2873.0
35.80916695238665,-85.10003329566241,1885.0
36.32649049013911,-82.1497139007022,1103.0
36.12892689215219,-86.6392410377153,7905.0
36.09749083955255,-86.59304280912148,7353.0
36.14663634484246,-86.61624608386637,1830.0
36.1245483247213,-86.68677747328069,7229.0
36.09961781130137,-86.54975746880405,700.0
36.142314,-86.60970827629666,0.01
35.08214539840043,-85.25842362772714,414.0
35.05863685193488,-85.26210903337565,3386.0
35.138876445474,-85.43358173720837,621.0
36.35125363101762,-86.46231484300274,4468.0
35.86894911757092,-89.51314026386625,1743.0
36.43042756297946,-86.48538219363684,4900.0
35.66066125004964,-88.83638468845146,2376.0
36.03985216669627,-84.03175783067144,11401.0
36.45817284590289,-82.01965832351506,1292.0
36.32078526595039,-83.30116133151525,2670.0
35.99719926374741,-86.72266395750047,5726.0
35.99708516773124,-86.86204927564224,3619.0
36.33334506977121,-82.25320167266165,3323.0
36.57962253230041,-83.68083837334439,489.0
35.75361120332865,-83.87209031275823,3103.0
36.53086402783791,-83.69609546740543,3880.0
36.50083835535932,-83.78212160311789,1700.0
35.70416287143891,-84.13959152764885,2268.0
35.59978061155535,-83.96284915481252,229.0
36.20341066493712,-86.59909888738089,4489.0
36.18523085265509,-86.59941428507398,4667.0
36.4746919380943,-81.74366964591489,1192.0
36.06810184781619,-85.62546960435857,2274.0
36.38005521000399,-81.99500252929622,1308.0
36.46956741985216,-81.80489218120512,2415.0
35.312936888937,-85.85539894236625,912.0
35.32473272403625,-85.70062352152674,1272.0
35.91774954883604,-86.10645754526469,958.0
36.19021731666525,-85.58695960100582,6105.0
36.50052141528894,-83.08040257122474,926.0
35.05529545712682,-85.11028319008192,3161.0
35.06656649999999,-85.10440971061615,1593.0
35.12125668008571,-85.09323512589279,5787.0
35.08921317385926,-85.13125653265203,0.01
35.12874819816652,-85.14585903596715,6810.0
35.16397740601023,-85.30918167557668,1952.0
35.99271070818507,-84.07808045163766,9437.0
36.02643408929224,-83.78592514683018,3156.0
36.52220949060447,-83.46117449963623,272.0
35.41039236630063,-88.54949918426622,1080.0
35.47999237607221,-88.50533987817717,1079.0
35.64569522136074,-85.12947453722019,1080.0
35.55878454975955,-85.13372107441718,1382.0
36.36962967130864,-85.55146686871021,839.0
36.26040077029189,-84.17686964175432,2326.0
36.36064534734438,-82.18995298078163,2843.0
36.21048605985894,-82.18287951589244,3004.0
35.45142799457351,-85.0138885427608,3927.0
35.02993213225923,-88.2512055235166,1798.0
35.211868700255,-87.07278643841799,2593.0
36.0809242634407,-84.04398585641982,3216.0
35.97450425969949,-83.99218966112991,3473.0
35.96688103102514,-83.94078698238674,1960.0
36.4367235834801,-83.28002339734412,1186.0
36.56096918961424,-83.19887836138015,783.0
35.96655829377156,-84.17679401691801,9249.0
35.62779327072742,-88.78892587980827,2493.0
36.03414008257833,-83.71875388619327,3789.0
36.08877935391823,-83.91928669722141,14739.0
35.95066850495588,-83.93042371444503,7776.0
36.5645656480505,-85.62953725035771,1452.0
35.19818386932749,-89.72124259248639,6630.0
35.18189192328733,-89.79604280443868,4752.0
35.02292508670225,-85.23642260481496,1686.0
35.01670529971332,-85.2213479078959,2032.0
34.99436150533239,-85.35119031421706,1991.0
35.18475288380564,-85.10672203813193,2221.0
35.03510984781349,-85.24689377983884,433.0
35.1161485420486,-87.33367226609856,824.0
36.39972859991256,-82.8749066022668,873.0
35.16872380137004,-85.24216508556977,1529.0
35.15615041833321,-85.25454658976498,2625.0
35.127669,-85.25146862387892,3093.0
35.20992379482537,-85.1989911571934,1130.0
35.22345378082002,-85.208052863792,4528.0
36.53332641310172,-83.2174030624631,1165.0
36.49864004074016,-83.17459178740094,853.0
35.01328010813356,-85.10439084205392,4249.0
35.29452887362081,-86.29738609538893,1395.0
35.75859341283667,-85.43627437453557,999.0
35.96863838595264,-85.93910932112125,686.0
35.47649471872913,-85.41747341115975,1613.0
35.39131342433265,-85.38638891489855,1945.0
35.94424716985073,-83.58145754378754,519.0
35.93550341358613,-83.52226234266226,1471.0
36.10395999162718,-86.75998416715593,0.01
36.0590279423155,-86.73060999041479,6503.0
36.07064809813923,-86.88248405167634,1175.0
35.83725314887022,-83.34336386087703,3058.0
35.21099645920381,-88.94628434774721,1220.0
35.69963209244246,-86.05856675791213,2934.0
35.88486574193698,-83.53170698119173,3012.0
36.05076607361907,-83.89154747934843,4908.0
35.67044025102111,-88.10115175644611,1222.0
35.67412304165419,-88.16103568734631,429.0
35.06257194999973,-86.59734609463864,2502.0
35.05204504824712,-90.04720413468881,5560.0
36.27757398018979,-88.13058372796955,908.0
35.19910326529084,-89.8876312381765,2729.0
36.4183642163125,-86.15142694766688,974.0
35.04395429787598,-89.8767186908967,3739.0
35.15561391128961,-89.70076334857164,4063.0
35.32018,-86.368372351663,1326.0
35.71428989424437,-89.31369148152822,1681.0
36.18269829116986,-82.66163935529448,5655.0
36.27032996415465,-84.11424621071818,802.0
36.32562690287207,-82.04174468486443,659.0
35.77531093692492,-83.21077163671762,1992.0
36.20993170867334,-83.17489422574944,1490.0
35.93458886543986,-83.74832318949578,2203.0
35.95321928643759,-83.99862702457686,2929.0
35.78665879531093,-89.12496516954074,1140.0
36.38033682278763,-82.13311610223867,3953.0
36.3701308262903,-82.18895115149714,243.0
36.37986461156622,-84.11216371603798,3590.0
36.52625222777766,-82.90043817828948,967.0
36.26883275822996,-82.09845214247366,1976.0
35.91762991909157,-84.01188709451661,3418.0
35.97427332584327,-84.02586619853479,5863.0
35.0137132574205,-89.99872099046337,3934.0
35.52466103025453,-88.27207931765102,1036.0
35.03737786308051,-90.0252816009401,5043.0
35.74433933995499,-84.51258016951171,1313.0
35.94286986229729,-84.45002087330779,2200.0
36.39996349356633,-84.48829468618206,2137.0
35.169054656053,-88.262449900076,1006.0
35.101012625859,-89.7492274139577,1849.0
35.05812178532517,-89.84190362576449,6999.0
36.44124626882605,-84.56913944391586,3144.0
35.9653576819844,-88.6493746343008,1678.0
35.35946668954791,-84.45680960661574,1186.0
35.08583146910679,-89.8410667401891,4110.0
36.12971342816711,-85.0559486795867,1032.0
35.09048203745663,-90.03953645376288,5008.0
36.03492796264554,-87.01586694464942,1094.0
35.11600452039978,-89.880029716468,3925.0
36.36155209192945,-85.77779876516338,1041.0
36.25270405052814,-85.25310694795449,916.0
36.11908698904347,-86.76682229954321,976.0
36.37868952873301,-83.61642031344917,890.0
35.63371490603019,-89.13693169558572,1842.0
36.18644650941928,-85.36404503246062,689.0
36.1362353451059,-83.92722598610916,4176.0
36.54987338525283,-84.21107147656873,1142.0
35.05737438428265,-85.03765870030038,788.0
35.04649212241694,-85.06704407649195,3493.0
34.99702191124101,-85.15528897764335,7246.0
36.26615249849171,-85.72362735280365,999.0
35.04528367993217,-88.33181120837438,1024.0
35.51466778304835,-87.81165736391974,573.0
35.25655709465727,-88.03839447205948,904.0
35.93374730323246,-83.86463797046113,4119.0
35.04836850541864,-90.1050798692284,5960.0
35.97745927152325,-83.86471187879675,2626.0
35.2245870976326,-89.854360623495,7061.0
35.90067470313398,-83.2507337887506,1395.0
35.10947927091645,-85.17470193982935,877.0
35.13082239879498,-85.26160849960701,3044.0
35.20123983165604,-85.25680619888192,1610.0
35.72480258198919,-85.82020326202534,1776.0
36.13482949285707,-86.83622184328641,2682.0
36.24572679928607,-86.7133899339812,4579.0
36.1913321614465,-86.9282989194672,630.0
36.08780303477909,-86.71408657840212,7185.0
35.83267257885965,-85.94664743607814,710.0
35.86763251355858,-86.3953630960327,1467.0
35.6561543715955,-88.05171571748778,619.0
35.07881193697057,-88.53689027935623,846.0
35.19032465149174,-88.55593853437827,2118.0
35.04519256719735,-86.09786325928778,372.0
35.13819138294274,-89.91198834898944,4237.0
35.11139283480681,-89.8469138039452,5071.0
35.24822754668192,-88.52090441284064,633.0
35.0145965,-85.80752145238091,108.0
36.17528119983834,-86.68696532983178,3380.0
36.30707233544191,-86.72104895757874,5862.0
35.95897668370616,-83.93528997426868,6118.0
35.9620665,-83.9905034034091,1260.0
35.35589604520415,-88.10673638712501,861.0
35.11809167799586,-89.78096172546915,6452.0
36.00159224822816,-84.37347442956245,3053.0
36.46239761357904,-84.47937109072922,741.0
36.58616939111462,-87.72291979055396,1790.0
35.07961549620031,-89.74577960153186,5464.0
36.5939476184537,-85.22803878220377,622.0
35.85830130026701,-85.69011789261165,622.0
35.13528677087686,-89.74512797043528,7722.0
35.63834757066862,-88.18043779286585,299.0
35.67995311374133,-88.84463795371602,2916.0
36.29440748460291,-86.83146204985438,412.0
36.27331606767748,-82.2513187584411,4257.0
36.41298985763984,-83.86227260450386,288.0
36.08367581365565,-86.63468774485816,7310.0
36.10363898540115,-86.64218515261406,2941.0
36.07005820169621,-86.6261322752525,3570.0
35.38906850642999,-88.62283440217563,678.0
35.60250283875691,-85.31644665596305,380.0
35.33199357122803,-85.19951371076678,553.0
35.05018040156816,-85.01527687612312,208.0
36.39786798034155,-83.1117578909955,2105.0
35.01756660693098,-90.04344089149863,5292.0
36.3508579486781,-84.15388161919766,2247.0
35.60726315701484,-87.94734948301404,576.0
35.64460755604918,-87.95271672904003,547.0
36.00678376877177,-84.09293107104503,4775.0
35.89485211118411,-85.29258321375552,2673.0
35.56955229838365,-85.20990572230001,426.0
35.28934822249598,-89.88982183227982,2801.0
36.10881145381918,-88.25477049970215,316.0
35.09526191880091,-85.33955960110879,323.0
35.25103757926381,-85.57008283909188,1078.0
36.3284462292077,-86.74765080605314,482.0
35.39735844795476,-88.80050879021468,652.0
36.04586290163483,-84.222817256632,3620.0
36.30073322413779,-86.68822472366769,2785.0
35.24023079441665,-85.35929114398272,1678.0
36.04864464349917,-86.68078096200792,3545.0
36.02561686523972,-86.75275271746531,2243.0
35.66918777078109,-88.919887532672,722.0
36.56463997339647,-85.3294972696458,491.0
35.19569969265886,-85.18140669452814,4084.0
34.99406097662113,-85.11592391521978,4550.0
36.1354796658454,-86.71753521765103,2653.0
36.09319872838232,-85.42257258380978,1053.0
