31.47028489822204,-91.0775744089397,752.0
31.55405368372499,-91.0999784106708,435.0
34.28749166299693,-90.44717286349675,1178.0
34.43731456580108,-90.50402337641793,477.0
33.93314195745756,-89.41426176893142,1025.0
34.11634731111917,-89.39959986556703,838.0
33.96908513118807,-88.51386449358952,1052.0
34.3712961658272,-90.33199445280903,256.0
34.26453119508433,-90.36753706726142,989.0
34.23685025689186,-90.306754208062,592.0
34.42758556141123,-90.24655875231858,690.0
34.00046767466426,-88.27010213038557,233.0
34.00811837004402,-88.32918892629088,378.0
34.06223785904088,-88.32267341742258,1657.0
34.01343969968917,-88.42435870167677,2906.0
33.81847421901938,-88.27331598987354,538.0
33.79364408378959,-88.56074713480295,2056.0
33.82275919825244,-88.45557838642611,1372.0
33.74262767106828,-88.40521485991843,2546.0
33.827372,-88.52642215828024,1256.0
33.6041554609189,-89.42668181495175,209.0
33.767518,-90.15989527403846,286.0
34.03127967900326,-90.41517423890355,2587.0
34.14804019438983,-90.56220381524474,3373.0
34.18431351597617,-90.63954901258441,3226.0
34.26695406851443,-90.52349316782347,1632.0
32.3461851782138,-90.18712072221253,858.0
32.33721177278453,-90.18877355693554,788.0
32.28598682852108,-90.25703365155312,1509.0
32.29146871350041,-90.24409584338969,1499.0
32.32338357961815,-90.19870727942872,725.0
33.7837135,-89.82147284545833,2724.0
33.804045,-89.95477606588355,3093.0
33.83389526624175,-89.80420820768633,3567.0
33.74431075756166,-90.04168151591625,1348.0
33.84439399999999,-89.74892643259305,1416.0
33.71341664743366,-89.81129228608347,2648.0
33.78526136174032,-89.74911757480623,1543.0
33.73386442533079,-89.6420202652767,1032.0
33.69457500884458,-89.76478652656336,1131.0
33.70800957671116,-89.91595291212957,644.0
32.03639092747166,-89.04113808633288,1067.0
31.95241818341253,-89.17360078058044,1068.0
31.87801527552666,-89.06616472881903,895.0
32.30171035442304,-90.19931566499133,751.0
32.36186456887486,-90.17596873665019,1321.0
32.35277401610438,-90.16319393117423,1495.0
32.24761832779458,-90.22060691546078,2337.0
32.2759987954332,-90.24475248355263,3539.0
32.33390490321429,-90.14912032942772,1460.0
32.37863174941021,-90.20654966620931,3309.0
32.36625833954264,-90.26229628571801,2896.0
32.97315162301233,-88.73840352408207,196.0
32.98140345445329,-88.56176000795908,1065.0
31.70111083936386,-90.9841336603882,429.0
31.69089431472749,-91.14053972299014,520.0
34.20449898282071,-88.87807695655569,1024.0
34.11629388317267,-88.87884761960132,1238.0
31.08656698664999,-90.20243917303513,1067.0
31.09994410037304,-90.08784730500007,759.0
31.6401234587493,-89.14828724721714,327.0
31.63028448687475,-89.18714990008515,2938.0
31.66781401746018,-89.13866936659039,1445.0
34.25299928517308,-90.75034894625617,322.0
34.207998,-90.58380962423135,1739.0
34.0330287055645,-90.52911065535753,166.0
34.40814737772905,-89.9510514602137,2608.0
34.50935228344697,-89.95505758383108,2542.0
32.32189098372601,-89.35268723290939,655.0
31.46039121190019,-90.36666049013802,2245.0
31.54043610900832,-90.39906824179353,1177.0
32.07925066411772,-90.05554028976401,1454.0
32.12172985180239,-89.99886275813473,2804.0
32.24770758906163,-89.97212307318713,9165.0
32.24105528079054,-89.86560955102667,602.0
32.1961451701022,-89.97515153424764,1975.0
32.38060461936274,-89.93149311671021,5209.0
32.30901394137194,-89.99641228644145,4095.0
32.53793249898906,-90.33392751980176,2002.0
32.57348794745705,-90.10106145426676,616.0
32.58673972230574,-90.05969078265306,1729.0
32.4602771785443,-90.08559845124003,1771.0
32.57897957402439,-90.02358716412216,1608.0
32.67198597049379,-89.97476257075836,2854.0
33.32904085635592,-89.96782122283572,448.0
33.34184717704316,-90.08644051186418,498.0
33.43642041861635,-89.93495524024617,1118.0
33.41416025817259,-90.09415419711067,839.0
32.3245145,-90.11505340058386,5176.0
32.0862994569757,-90.19979667017965,1557.0
32.23938298222198,-90.1469504483419,2716.0
32.29760302707142,-90.09353340860548,3125.0
32.30893621437832,-90.06123720690249,4436.0
32.40596453597838,-89.99220043890872,3806.0
31.57292101199749,-88.71945132764198,2420.0
31.51797498160582,-88.62365393215191,515.0
31.4774917874748,-88.82658040265648,517.0
31.65075578326052,-88.64628268378746,748.0
34.31250955163126,-90.00258706037498,2568.0
34.11660602418672,-89.75124303827899,999.0
31.58382607684372,-88.8874156091768,398.0
34.87865760282327,-88.54572671822712,1825.0
34.92125590753179,-88.54299389590207,3320.0
34.938386243732,-88.55706938458171,1711.0
31.87262322248317,-88.9637121768014,1808.0
31.92888020150296,-89.03637294077802,573.0
31.55650418026883,-90.47707586217285,2580.0
31.58086198036611,-90.4323125155798,1285.0
31.58086383633473,-90.44504897520483,626.0
31.56406756733298,-90.44094449314352,951.0
33.59941199721955,-88.68102780665347,2036.0
33.58384535217093,-88.61380801532052,2352.0
33.6428805772137,-88.78139692084463,1411.0
33.02442903011582,-88.42208344616213,2216.0
33.14922105190982,-88.4413947020384,1177.0
33.57152627331333,-88.53536955535274,980.0
31.40023734858714,-90.98488521133002,154.0
31.57576155363421,-90.28800925306044,407.0
32.17184019768676,-88.56891003732527,341.0
34.2617264796981,-89.01504941498081,2255.0
34.2434755,-88.99408295781893,2619.0
34.26908632551349,-89.05038693984281,1158.0
34.27691317300466,-88.99082236752395,540.0
34.25816662744987,-88.93647211115541,1398.0
31.61459608895154,-90.34726765416,1186.0
33.23878857890131,-88.38459153924369,787.0
34.33231608375871,-90.59805826197923,1372.0
34.13182292814522,-90.65892387878671,352.0
31.86289007269736,-90.44856975791534,2188.0
31.91587059606211,-90.38005688163699,3027.0
33.6332329368748,-89.82120211104348,352.0
33.51153343132125,-89.82523868793788,628.0
32.49757981082671,-89.91164032654086,3720.0
31.739107386208,-89.21130128626034,2056.0
31.77236950296185,-89.16052683860404,4808.0
31.14725208455329,-90.03776460579749,1380.0
31.69582633424213,-89.12187290760855,2813.0
31.70339469592052,-89.06079898313612,1692.0
31.70143036051718,-89.14737359337444,2627.0
31.67815316288571,-89.15961019435241,4434.0
32.60830918609263,-89.84925295929634,1414.0
32.60049745098019,-90.28722961698473,2301.0
32.46941101597132,-90.12008547203266,4557.0
32.43927548592442,-90.1666766022121,5720.0
32.15810456129383,-90.11103821361283,4959.0
32.15239237454552,-90.20324161973528,2861.0
34.06146382206071,-89.2582688095944,1476.0
33.97158400195254,-89.2386629690023,1153.0
34.01540619765143,-89.42926944572304,1895.0
31.83979144774128,-89.36621800088966,1179.0
31.82557666827393,-89.45274304592759,1511.0
31.81708774053148,-89.57926396181173,1279.0
32.26352552200407,-90.05178086172737,4945.0
32.27810880137881,-90.06767418107214,1935.0
34.35428638362099,-90.48223746020555,331.0
33.60260852948109,-89.27932308850981,620.0
34.52105114161027,-88.60365833931384,2547.0
34.50829371481214,-88.45431547801881,1204.0
31.46516620516383,-90.86296033523165,1187.0
31.47327856793337,-90.94740785334709,768.0
33.8582412338183,-88.92683653587949,2835.0
33.92099194214261,-88.97342227748236,2270.0
32.37047954765357,-88.69409446746187,1224.0
32.3520414907838,-88.68273240898033,655.0
32.49457124046261,-88.54104934343039,233.0
32.4229164286389,-88.68272237038435,3466.0
32.25247309107984,-88.55432886227315,908.0
32.44678751126602,-88.44149602532076,566.0
31.55061138549523,-90.97978719083915,646.0
33.64443736099005,-88.56400314725042,901.0
33.64668677654932,-88.65845193082846,2450.0
33.61599202026084,-88.95834540073214,764.0
30.91584623330783,-88.60230502827261,1665.0
32.05408932636026,-89.41978413391682,239.0
33.76604520781356,-89.79720757785167,1584.0
33.5699745,-89.31949296940508,1528.0
32.43446371184158,-90.13030129423598,2721.0
32.46544865166508,-90.22498177989057,1895.0
31.55018008730765,-90.65741468217605,255.0
32.49040178269831,-90.16314411650366,6541.0
32.52104362472672,-90.12281150485121,6356.0
32.52831654996871,-90.1591594898038,5004.0
32.52202018546163,-90.20926647270326,2573.0
32.5538492765501,-90.1604089339443,4906.0
32.68659096467866,-90.04532452586238,2569.0
33.37881939550402,-89.7724122849981,992.0
33.3457430357481,-89.86282000884799,312.0
33.29811309491757,-89.74946645896662,996.0
32.32507899312942,-89.81960708763812,3688.0
32.44788592688702,-89.80093076131047,1486.0
32.29293914254306,-90.11543660876028,1904.0
32.17556920246844,-89.85839030168117,1098.0
32.9555695,-91.04168556547074,162.0
32.89245642447307,-91.02941872531343,773.0
32.863862,-90.95294836997319,180.0
32.46819376165723,-90.05631888156243,3341.0
32.78455307491787,-89.87618576595678,1462.0
31.49052482540698,-90.50891279207228,1203.0
31.51537176064521,-90.4518749351168,1574.0
33.58229680009267,-88.66929756449647,2079.0
32.37439934642661,-89.65290101600768,2382.0
31.821088753655,-91.19567896616628,383.0
31.75994301534611,-91.09814739868811,778.0
31.69675894346937,-91.07048952951537,1770.0
32.32270755006343,-89.92377236641977,3664.0
32.21764842093245,-90.03599171428904,6066.0
34.33883748173634,-90.09881740406642,1356.0
34.34797812879365,-89.92214415745359,4109.0
33.60063872822959,-90.62199140787367,631.0
34.52815213370616,-88.21054494408287,651.0
34.79127773012458,-88.18672020305512,2778.0
34.65306902685666,-88.29521440573228,532.0
34.87001593253987,-88.30570546860285,1190.0
33.40714349182063,-90.65990715331183,3057.0
33.44867136262305,-90.60672490062457,2347.0
33.97791969339303,-88.47814178539528,4079.0
34.00795384390449,-88.48291680769447,1150.0
33.94398227321259,-90.08400024579451,702.0
32.16802152635689,-89.65757108050337,928.0
32.0277538051699,-89.59725803925225,577.0
32.15524330547541,-89.4790044103243,598.0
32.08684147804098,-89.66267898853013,607.0
31.39569678815993,-90.68803553357421,776.0
31.6636984847714,-88.64171467513601,1026.0
31.6754872004973,-88.66860390056374,830.0
31.79557492572776,-88.86642777374935,433.0
33.43823476040529,-90.51075663123345,2303.0
33.7200029326368,-90.54973907922995,1968.0
33.73734215103288,-90.55985715104461,1366.0
34.71336086569269,-88.36978100860622,872.0
34.543385,-88.16657607052822,1889.0
34.44213251323635,-89.89576110246144,2223.0
34.37915436861053,-89.8357736029475,508.0
34.29906233612226,-89.89446010028848,1054.0
34.01019971984725,-89.74818684196795,715.0
33.91595044991638,-89.58567477787905,293.0
33.9394233671544,-89.7324519417667,1237.0
34.14625694413117,-90.1758650273334,512.0
34.24002556904909,-90.20376559933847,598.0
34.03542572589056,-90.01857610956313,1378.0
34.0747209973449,-89.86560612906288,1478.0
33.97869835659183,-89.8874524412507,479.0
33.41544948079341,-91.00296681992457,3942.0
33.37657769271795,-90.95702752580114,2621.0
33.89217604331959,-88.35251876557231,313.0
33.93562205773458,-88.29595559480394,543.0
33.86843166288549,-88.40424090123437,990.0
33.93341977715128,-88.65699103220607,1211.0
34.07077370184835,-88.50740279170523,937.0
33.8596366434814,-88.56827770283303,2516.0
34.13101569885711,-90.26669796001678,726.0
34.14530382727072,-90.38073641604954,758.0
32.52721488670399,-90.41594662924501,582.0
32.42234226400786,-90.08169671256157,4526.0
32.4387698781138,-90.0993961538038,3139.0
31.75525912370423,-88.50834972031491,254.0
31.70635231216489,-88.57853074712659,1816.0
34.78409809517538,-88.42500481678509,574.0
34.77798141398399,-88.58616915874565,1990.0
32.1333605112922,-90.13944623237234,3780.0
32.27503053444196,-90.10459486179528,2470.0
33.5466336184183,-89.92335240266102,839.0
33.544949,-89.88277386472602,640.0
33.47186640362183,-90.91094110071734,2388.0
33.26384633748307,-90.90791372368533,1031.0
34.63585059639635,-88.52530986669554,2410.0
33.40856539997012,-91.04226566614703,3068.0
33.41383047352942,-91.05834013797607,2053.0
33.43904146040616,-90.8172231153299,2489.0
31.54165785442909,-88.50976538068126,908.0
31.4746942503776,-88.5327618225768,1241.0
34.1151720009485,-89.63902149656947,2170.0
34.0988661178931,-89.5767567574179,1367.0
34.15562925508314,-89.61978921384893,881.0
31.713167,-88.64865191967897,1675.0
33.54444653784832,-90.49417623700914,1090.0
33.34198634216491,-90.60001730275461,1348.0
33.49712704699485,-90.58736290222382,1036.0
33.48136667292214,-90.69796999948468,1189.0
34.61926349318176,-88.55871082268993,3284.0
34.72854768476438,-88.55061666447278,902.0
33.92643394079532,-88.47879952914508,1942.0
34.32135101042844,-88.8882936181241,1197.0
34.2575377647921,-88.84911366632599,1368.0
32.03688376186149,-88.66003320816462,2151.0
32.08787024696267,-88.65008736530794,787.0
32.09150553230025,-88.51000060547854,275.0
32.13106335926651,-88.6887295306331,333.0
31.96076370726588,-88.68638230652428,486.0
34.11655045371174,-88.99519180727123,1221.0
34.69338471576386,-88.5991597139391,3392.0
34.71860448909995,-88.46726877650525,1336.0
33.15669886169393,-90.85905602842746,2580.0
33.231941178612,-90.76541569258018,238.0
34.34552371799842,-88.85254347612104,811.0
34.63873891384925,-88.42062152467359,1797.0
34.54762766458879,-88.39224228837236,1042.0
31.95708404085357,-88.96023969842652,661.0
31.99309011559075,-89.27574063740921,1431.0
32.06858841102683,-89.2682188345296,1149.0
33.426723,-89.71404229931305,1647.0
33.4399998094942,-89.57541998454586,877.0
33.44016785583245,-89.67658651810564,471.0
33.47725958323296,-89.75672444097238,1125.0
33.53520389665159,-89.69913415379895,1392.0
32.98997276665988,-89.2316789035869,1193.0
33.08050477786747,-89.20966534794863,635.0
31.9300096726461,-89.2907559173476,1825.0
31.84852859097014,-89.26108090146953,1774.0
31.86277227791269,-89.16369500363311,1520.0
33.36544210368219,-89.51006364425052,490.0
33.32539570150846,-89.59117552631768,204.0
33.19166734477827,-88.90132238061284,1771.0
33.21260521130576,-89.04990211459072,3767.0
32.63739554927372,-90.63526595247762,113.0
33.46992336613547,-91.0928135533488,2834.0
33.08085402176818,-91.04057637970523,725.0
33.39188659785868,-91.03895640944127,4397.0
33.3531853443118,-91.06336226379759,3839.0
33.243892,-91.02780231244722,2441.0
33.38807999946995,-91.05873653795304,2510.0
33.33289108149205,-91.00340384600548,4221.0
33.39436679619523,-91.07781323378155,1485.0
32.17110646193557,-89.22442113008407,523.0
33.063355,-89.12316229620532,538.0
33.087338,-89.11685389607842,1967.0
32.85433724865352,-90.65675944389389,235.0
31.48628474022976,-89.70937928825455,1584.0
31.613205,-89.80462633908046,1181.0
31.51908424614798,-89.75359061544674,504.0
31.72780224977715,-89.78056094442562,266.0
32.361932,-89.59103322073383,3239.0
32.45161249289869,-89.50958854690755,1908.0
32.45847555791596,-89.58201983361292,172.0
32.96963360263261,-89.06265755631968,1540.0
31.02824872848907,-90.50572932364561,737.0
31.2486550422838,-90.46611330946877,1686.0
31.26166395669441,-90.46916707690019,1272.0
31.14937439340458,-90.49790390267749,1752.0
31.19148585336681,-90.51905954567054,1334.0
31.06058759098705,-90.32151857710159,2044.0
31.26091067746539,-90.51469805287094,1684.0
32.7490759114152,-90.6231464230206,57.0
32.6937831757693,-90.48076458309201,479.0
33.64054444209022,-89.62748810206426,387.0
33.61274669753944,-89.74847090093456,854.0
31.35563506710043,-89.70642658523488,2353.0
34.90899665345243,-88.42179746314152,3018.0
32.84749442148612,-90.39841056008532,1355.0
33.49673004492058,-89.65656199557299,1259.0
33.10588140563602,-89.05116696497751,1666.0
31.9603665,-90.48470762165904,3538.0
31.99127173353362,-90.27728662757754,4479.0
31.86071196121114,-90.38231632964481,2162.0
31.85076811919346,-90.29840307012407,748.0
31.15321326592982,-90.30424942108915,1204.0
31.13280916335983,-90.40294345985255,1873.0
31.22379175373386,-90.3147981248337,1639.0
31.18237320619131,-90.43181289576299,1636.0
31.22113911897521,-90.41155579146171,2879.0
31.22025250463989,-90.45343233575625,1225.0
31.23497217417774,-90.45500105351866,1315.0
31.74071445824535,-89.67428936687732,2119.0
31.63725193523691,-89.62086682455752,518.0
31.9440841321942,-88.56778508916133,471.0
32.93685535455813,-90.26537009696492,248.0
32.36975599647469,-90.00350698221652,6107.0
32.35767119214249,-90.02836596329485,5717.0
32.36620999704785,-90.0569198615879,4942.0
32.3853317972597,-89.9970625209494,2185.0
32.07896852417225,-89.78773311134238,1084.0
32.29636479244986,-90.01473419358442,4242.0
32.42048416887716,-90.11889273350873,4042.0
32.40666124007892,-90.10564232758578,6873.0
31.31026651730349,-89.84411324239323,717.0
31.27097248661081,-89.83377689926724,2091.0
32.43350121787285,-88.84491485229847,2650.0
32.53734583384902,-88.72709187911293,705.0
32.5189314897186,-88.77231581177644,1677.0
32.30637099645453,-88.85867575417626,2180.0
32.37193093038326,-88.66872767148308,140.0
32.34850563662584,-88.74074365493098,1963.0
32.30251987979843,-88.78426674618409,204.0
31.43611567813571,-90.20554276144857,434.0
31.52129784552111,-90.1420613663308,2518.0
31.53784823145503,-90.19928228012994,28.0
32.0509489542145,-88.75193236573529,1345.0
34.97040159028219,-88.60508113470695,1743.0
34.8898495,-88.4795142901001,2662.0
32.02426392331193,-88.88954380556935,490.0
32.17276502380493,-88.8431217151749,2321.0
32.36121341688288,-88.64174783601949,691.0
32.28355402465439,-88.6393295183263,1736.0
31.59054924894351,-90.0939929085365,268.0
31.49374907268536,-90.01527815961022,741.0
31.73090687794219,-89.92071759440253,518.0
31.61865449244445,-89.47537374035157,817.0
31.67484281141241,-89.55837445587254,2938.0
31.75213721916159,-89.53815283834498,1223.0
31.68892682243811,-89.48035344099131,851.0
31.61521695819658,-89.7105979717999,503.0
32.10200784599197,-88.77977191552166,719.0
32.14877909064764,-88.78042263484843,926.0
32.40262903878973,-88.68081234414034,3547.0
30.80827550940845,-88.65438864967815,2436.0
31.06540862288024,-90.45472493732251,1817.0
31.57519894313122,-89.51777158497373,3684.0
31.30307374982707,-90.307998140122,1389.0
31.2715377630049,-90.3984840417832,1600.0
31.26227560311709,-90.4510666459786,1912.0
31.24440433353195,-90.4450661089745,1731.0
31.50216186092315,-89.43552469915969,1699.0
31.32295913888317,-90.5118726355058,1883.0
31.91338195147476,-90.61053117791046,368.0
32.36582501868961,-88.70727213597169,862.0
32.377949,-88.74896835266458,1891.0
32.35699483693509,-88.69619760477181,375.0
31.73064286107847,-90.006096212311,704.0
31.69794369498247,-90.07379559708026,559.0
31.58199163372546,-90.01010943253381,711.0
31.96955170761898,-89.52019759237353,1091.0
31.87095060768308,-90.38698358684987,394.0
31.77477331433517,-90.43510765642415,1046.0
31.8051844971291,-90.36199069112926,579.0
31.91554159856367,-89.45078838113258,660.0
31.3803725,-91.43438594663745,1679.0
31.5552102264122,-91.40259489549449,1157.0
31.55447668552307,-91.35920652219637,847.0
31.4698064164768,-91.23071994146683,1958.0
31.58448530353863,-91.22569909102309,2155.0
33.63271161380796,-89.89081590049383,273.0
32.20774016373463,-90.1704223125809,5776.0
33.48297910242985,-90.03166325438784,685.0
31.5059525683608,-91.39016813049766,3082.0
31.63755491956552,-91.2889572202514,1110.0
31.23554551783887,-90.4707974775689,2118.0
34.63562718876897,-90.31872444085722,809.0
34.68602557383429,-90.3040281282681,1166.0
30.82425380367851,-89.19067991560875,1729.0
30.87572551183994,-89.1298732145013,1273.0
34.78876611755524,-90.32685556720185,441.0
34.81832954811405,-90.24792128637043,1946.0
34.74146430615234,-90.27775967922433,583.0
34.46806812689023,-89.068452923148,1938.0
34.541588,-89.04372152687205,1646.0
34.46046123924717,-88.9152617164746,770.0
31.04681170311629,-88.4865565919209,1182.0
34.5194374547579,-90.36332265735888,723.0
31.57404448069919,-91.3277269463148,2286.0
31.37923504415678,-89.08796681037066,1958.0
31.37436186113535,-88.91392535596583,2473.0
31.31791725613503,-88.99739463933216,761.0
31.31111280748864,-89.04951828488821,447.0
30.41780501117677,-88.52795137651226,2580.0
30.44165655514798,-88.55340930372479,0.01
30.5627960745592,-88.64791687046318,3651.0
34.29787689115049,-88.67526788473923,4001.0
34.47990689474494,-88.57152272886795,677.0
34.48699792835302,-88.63596421025689,1335.0
34.29492902180072,-88.73836338946177,6133.0
34.2599115,-88.73017781044993,6008.0
34.25236808984447,-88.79175629307016,8225.0
30.6156887297794,-88.7380475167981,825.0
33.69418531749977,-90.70969322649917,1675.0
33.72645400950976,-90.71498694665208,1638.0
33.72827452345989,-90.73396152803356,1817.0
33.7486887844878,-90.68918206845069,2678.0
33.97817879749821,-90.91468263358954,549.0
33.76992467398139,-90.78492009244304,3302.0
33.79448085157172,-90.88345456395686,1120.0
33.6665317718441,-90.90130648174849,162.0
33.68884817829261,-90.81587496101925,476.0
33.55014164248963,-90.8153910986448,311.0
31.26257859868591,-89.55276543278188,3280.0
31.28723478622906,-89.35101108302491,3104.0
31.34283276867695,-89.36884674603306,1937.0
31.32235923309046,-89.3672337411094,4324.0
33.62248359036177,-90.73687440408098,1840.0
30.27643852984749,-88.86018845325904,3747.0
30.35887941014905,-89.1441370651383,4643.0
30.30388539402159,-89.15672747579553,5542.0
30.27471036320967,-88.96643480449461,4901.0
30.40380697420803,-88.98516674244784,8178.0
30.43085733225257,-88.94425374320103,4165.0
30.47064977554467,-88.9751796882405,6787.0
30.44410952987145,-88.93299015579171,3358.0
30.43600275001102,-88.97490102620847,4072.0
30.4096770264018,-88.90985848917218,5213.0
31.21878359771878,-89.89532002368074,1850.0
32.92365757446485,-89.99723715292676,1158.0
32.96803765195295,-89.93538143141046,1655.0
33.04644598516563,-89.90979603185038,735.0
32.80751091529836,-88.81968943169987,950.0
32.77635889339506,-88.69045206731691,1738.0
32.71958992654651,-88.80933659592581,881.0
33.50840715106251,-88.40427821613902,3307.0
33.48811931971751,-88.40848708243928,670.0
32.31335095139949,-89.02981166502866,1944.0
33.48055660122854,-89.03120800444255,974.0
33.54295979521049,-89.05998193583036,584.0
31.17476229386243,-88.75258606106134,570.0
31.10922995498627,-88.81515890145063,620.0
33.57100640404355,-91.10116917008341,212.0
33.78800010156539,-90.75561904992766,1859.0
33.77274433054129,-90.7301631394943,1600.0
33.81633598306149,-90.7185087478517,590.0
33.11848839639988,-89.37281910595708,247.0
33.135262,-89.44931269954944,634.0
33.10015642109228,-89.54134113572242,2571.0
33.00117015366002,-89.60918206453405,1717.0
32.62474352785716,-89.08060534382426,724.0
33.52215483039051,-90.16950011607136,725.0
32.76042824028966,-89.17740682832176,1041.0
32.76336142844062,-89.09273898265351,2492.0
32.75882537604246,-89.11006650483296,681.0
31.30394871835481,-89.32419620889871,2257.0
31.29699452356502,-89.29855541871157,5268.0
30.3275736540484,-89.40271541106833,1127.0
30.32409218564777,-89.37064688007591,1283.0
30.36861938396808,-89.36704488079191,6579.0
33.11522177990746,-89.58158731163577,495.0
33.10465135012809,-89.63664403474293,1319.0
33.50067697859438,-90.3958994578777,2349.0
34.7175935789347,-88.9324498686626,2321.0
34.77598677706922,-88.99268027190148,2690.0
32.748751,-89.01937856634527,2804.0
32.65415469978111,-88.93261514489983,618.0
32.76933289667054,-88.94109147556993,573.0
33.05688730551529,-89.56897422599118,1631.0
32.79931384368181,-89.24506895132352,2994.0
32.76114893761105,-89.28052972240692,874.0
32.781775,-89.12283050393066,3033.0
32.71906952678016,-89.25994014325117,565.0
32.66362379693112,-89.24919738393484,1014.0
32.45842482203012,-89.16126055147853,1095.0
32.40914419057677,-89.11709975413518,1653.0
32.54347710283628,-89.17374201839333,826.0
32.55634112138586,-89.08386311660092,1202.0
32.30904,-89.19220216238215,2126.0
32.34446397666937,-89.12695865602292,1544.0
33.43790295533304,-88.85913431015018,7142.0
33.48224138233896,-88.84502872328316,4190.0
33.41777462563319,-88.81925597844533,8561.0
34.2361225095983,-88.74075765338631,5987.0
34.20865447128701,-88.73017663010108,3629.0
33.55310159428527,-90.13172562096425,2914.0
34.24069669565911,-88.68329924006368,2477.0
34.20855193286475,-88.64340985241051,1517.0
34.31961213889329,-88.79027130514838,3636.0
34.10983149144198,-88.77627680514917,1828.0
34.82249044468191,-90.39336662196327,990.0
34.74261556420446,-90.40684058909525,939.0
30.2743698262431,-89.3966927364026,961.0
30.22748952434997,-89.44021695329495,4674.0
34.64804598448621,-88.74745805916615,621.0
31.0428415479879,-89.20307070790516,1203.0
32.85735561322637,-88.65559778321969,224.0
32.84045354738588,-88.48623359163292,1607.0
32.66402290667847,-88.4661967323565,851.0
32.87170657016451,-88.73367328285161,263.0
31.28085132954056,-88.98013961020762,247.0
31.20530009469379,-88.88825302103095,864.0
31.21650373639732,-89.0229720035758,476.0
31.05033376061614,-88.89120694719281,189.0
31.1535632940543,-89.07158727897101,591.0
33.95381899673115,-90.73382080390768,2161.0
33.56360169212691,-90.94736941867691,87.0
33.88131935188725,-90.7865352645492,461.0
33.84523611257106,-90.71688271581654,2126.0
30.36734473355276,-89.12136765650705,3517.0
30.64213714996572,-89.02709538108365,760.0
30.63298890133372,-89.14222956477231,3134.0
30.59928373513504,-89.21797404841028,3036.0
30.38567290622356,-89.12199573449136,5734.0
30.41367250756732,-89.00774269269272,5504.0
30.41051820936436,-89.0371807007577,3350.0
30.47341096074517,-88.91300403898597,14258.0
30.32355853253265,-89.22157694328382,3155.0
30.50276751018572,-89.3205487790534,1535.0
30.40480545668903,-89.2152633035807,3385.0
30.3489213615415,-88.53824988787203,2437.0
30.65574913404448,-88.535174348233,9433.0
30.64566802678186,-88.6669201381247,615.0
30.36919069094175,-88.71956993654466,6392.0
30.38275026059827,-88.69409698171657,932.0
30.40358034189199,-88.73443938517755,11.0
30.43710631090939,-88.70692290912405,2558.0
30.42641088048788,-88.74209135630726,1258.0
30.39902747074552,-88.70866767138267,0.01
30.3654435,-88.51745037272727,1494.0
30.3696825,-88.54298855233753,4998.0
30.45131420242889,-88.54413065788054,1964.0
30.4774546632648,-88.49843086986535,3855.0
30.35845603072859,-88.52811041200023,1031.0
30.33835424728725,-88.48365891973398,2837.0
30.47217680546775,-88.58951948206108,0.01
30.56750484597942,-88.47543426032308,3797.0
30.568852411723,-88.41058809596588,13.0
30.38957077951616,-88.55823829207456,3300.0
30.25649865501294,-88.56129381346211,98.0
30.27985619544833,-88.73481670530677,6424.0
30.39841358038616,-88.78745397575531,6801.0
31.1206433501285,-91.50238974992911,709.0
30.365034,-88.54637992027334,413.0
30.36047685664145,-88.53806814684744,1611.0
31.31138676311367,-89.29902870234312,1450.0
31.31800584463369,-89.31776761522276,2222.0
31.32112970745434,-89.30359011616636,1007.0
31.30575143370885,-89.33923972527325,3019.0
31.22692138049348,-89.34030302873987,929.0
31.35404169625312,-89.36609563389734,1791.0
31.38749946694207,-89.40956371966088,2226.0
31.34791421946387,-89.32246978249053,2706.0
31.36156108649374,-89.2472538160401,2505.0
31.33962621367443,-89.33811215425177,4261.0
30.41450847660315,-88.76118274209288,2582.0
30.40872842788643,-88.76667778720523,91.0
31.15430710338485,-90.63034597308426,405.0
31.21157431472632,-90.63860923525698,749.0
31.18106865953006,-90.75403064294719,508.0
34.82589929683969,-89.57133688333784,1665.0
34.84998454064508,-89.63374918751617,870.0
34.95466984781218,-89.58854066814565,1660.0
34.47384142669345,-89.01759345681955,1985.0
33.4325583215925,-88.62905485189778,428.0
33.48502332773516,-88.42377495699465,2200.0
33.40917059520418,-88.32591741213899,7303.0
33.52547429186274,-88.3705824503213,4361.0
33.33662805463542,-88.43783339033725,641.0
33.42879910740172,-88.39160217739396,5938.0
33.52693837234376,-88.31647375909651,3910.0
33.67628599522848,-88.31616841311558,6113.0
33.46290405882485,-88.53578006729617,1670.0
33.5959519209122,-88.29817771763803,1096.0
33.63497997516885,-88.43611232313752,3961.0
34.32513849999999,-89.51875356980364,8170.0
34.34498644774821,-89.44533843999703,8810.0
34.33691767745979,-89.55079362212105,8172.0
34.24188749857413,-89.49227271139921,1405.0
34.44122574502011,-89.42894834650092,9438.0
34.4450077448658,-89.59062208952662,3477.0
34.44686005104059,-89.3010474775072,431.0
34.40860688776733,-89.19313657723842,956.0
33.58415306556427,-88.36678649884657,1419.0
33.55001837192599,-88.45992653674261,4428.0
32.88952369450805,-89.11786138049983,708.0
33.54796762603982,-88.40790855979807,5029.0
31.1781197682357,-89.99007793904894,1132.0
31.248397,-89.82196600414593,1190.0
33.49814892215851,-88.43456784473483,1763.0
33.49132373996666,-88.38456243984297,1974.0
31.03862325927938,-89.48691157555183,2402.0
32.97131324565778,-90.5988988048764,698.0
32.96319107551849,-90.49902315957202,86.0
33.09011300450393,-90.60832477245924,178.0
33.07205732166521,-90.50017055807272,709.0
34.33139206202088,-88.26426495687458,353.0
33.07496415959405,-90.32312420346415,736.0
33.2122184683002,-90.23184911756296,2064.0
33.31526653915486,-90.22722670801527,395.0
34.27223781699732,-88.4195779150325,1190.0
34.3228718315899,-88.4138593463667,1598.0
34.32544837563612,-88.3593690994154,1541.0
34.23651587584783,-88.39618842775336,2407.0
32.31842,-90.87140811349693,4156.0
32.26997854060516,-90.84016566203704,1013.0
32.4224971279658,-90.84835080897089,1925.0
32.48698041714115,-90.67217056837629,542.0
32.42957728956204,-90.75153937319647,1365.0
32.3601247750024,-90.87078246111138,2077.0
30.44555745685848,-88.6591948615338,3812.0
30.39278678709674,-88.63891112729198,11168.0
30.39559594544137,-88.67793273805052,1134.0
32.6044794448272,-89.26271588654436,641.0
33.52125866704853,-90.25386117787347,2299.0
33.5685205,-90.26991850163019,6046.0
33.45216388773351,-90.3217626297333,709.0
33.61160406472975,-90.3767913036289,385.0
33.53310719456667,-90.34820687495336,909.0
34.53482805728162,-88.29631480733664,441.0
32.26010859366824,-90.25867866429324,3587.0
32.2637047822105,-90.24783330592182,1489.0
32.37327890640454,-90.15647732794379,3279.0
32.3464616434808,-90.21562416259003,1999.0
32.28720898344191,-90.21044248677966,621.0
32.28400969003087,-90.27390121776378,2965.0
32.28576395234587,-90.22569290271271,1182.0
32.28731165904298,-90.18956780852518,1375.0
32.30097388697813,-90.17077854204581,2227.0
32.24415195462367,-90.4005999772025,4481.0
32.25501066900078,-90.32272064324904,4521.0
32.43184161762031,-90.35959857651062,1679.0
32.46349137720397,-90.29201460188023,825.0
32.45407991960523,-90.4464101987959,891.0
32.40749241824913,-90.268915422019,787.0
32.33734780213754,-90.17851862614418,2374.0
33.35438638214659,-91.10393746846664,1243.0
30.25246714921972,-89.12932486737003,1771.0
30.36132106177539,-89.18282229185417,3845.0
30.52758696551955,-89.09118618554807,3943.0
30.52315325810164,-89.1501048629121,10839.0
33.79007577443669,-89.42455611479065,2093.0
31.053721649937,-88.66649759501676,1057.0
33.24077694671628,-89.24316277655963,506.0
33.29846523768532,-89.32418963927338,540.0
34.01335640417503,-88.53141252934,441.0
32.36000237438189,-90.1307189960784,2238.0
32.3380995197226,-90.26784617455354,1719.0
31.37149398323268,-89.79045376550654,1300.0
31.09350513396391,-89.7072632050573,927.0
33.74023145333737,-90.69958259863594,1484.0
33.48920156728817,-89.24190716674565,395.0
33.42619716772209,-89.26326879531507,401.0
33.39207720941733,-89.38151312403772,466.0
30.32980462930459,-88.90970303678107,2024.0
32.78500916886711,-89.43062251023787,696.0
32.70052908897916,-89.45650298398573,1560.0
32.72175135915211,-89.5564858504681,1985.0
32.67449660515673,-89.54290237572417,1153.0
33.30948461101488,-89.4152046753994,659.0
33.49438833537581,-88.81038358560123,1627.0
31.36403926463021,-88.55259107885936,1134.0
31.24455839304201,-88.52265025933251,541.0
31.21129419271638,-88.66410676758514,678.0
32.37090130257718,-90.78963190307535,4183.0
32.37496680310921,-90.70344067338132,3584.0
32.353099,-90.81781603453948,2740.0
32.29810433300523,-90.89588986542569,1865.0
32.33960164427074,-90.88224871557436,2682.0
30.95656931915856,-89.17177331974948,413.0
32.30586123169839,-89.12554040322536,1159.0
32.31129578114551,-89.26357288937183,1956.0
33.39397880380668,-88.82809933621027,3167.0
33.46736247694624,-88.8196489115686,3074.0
33.3964165,-88.69031491126952,7972.0
33.41465419419925,-88.74661270273842,2359.0
31.14523124041356,-89.19081472377418,827.0
31.19184773311497,-89.29452614383777,2658.0
31.31490482911103,-89.2876784287767,1847.0
31.32377477510134,-89.2815276800098,909.0
31.00161708244536,-89.28732331260592,1499.0
31.26004710811422,-89.30986023020915,1780.0
31.12499751773072,-89.27329451865448,1179.0
32.30649954787648,-90.8299333678146,2531.0
33.17449784475812,-90.49321354656549,717.0
33.23785153384829,-90.5169002002443,1272.0
33.21959652702008,-90.44827187379877,1502.0
32.54158789745662,-90.76491054700762,261.0
34.4159746716883,-88.3884998205498,584.0
34.14763313133891,-88.36498093708309,761.0
34.25026962621268,-88.32072267477245,1474.0
33.1718632105507,-90.39864537531226,289.0
34.15474199443788,-88.50218211352636,925.0
30.52013663960224,-89.51583446200999,1695.0
30.49116216573969,-89.4883315725488,334.0
30.31449290642744,-89.42587928744081,1172.0
34.81661242229691,-89.98333478088408,5517.0
34.82768424177851,-89.95761810336789,7378.0
34.88521429285557,-89.96221366980421,4515.0
34.87318179095863,-90.06705640118363,2956.0
34.96994660916271,-90.07059791549567,5585.0
32.53898219133416,-89.27133576846772,802.0
31.171588,-88.58436608491641,5056.0
34.98565194718235,-89.9390142105999,6120.0
34.96989085097609,-89.96369337344129,7654.0
31.14937004454898,-91.14202742293293,1480.0
31.03782672953561,-91.13810536324655,847.0
31.1579218629249,-91.25787498404759,1514.0
31.28802546131902,-91.35312935106845,383.0
31.18084669074467,-91.35183340501109,1051.0
30.24261793706343,-89.59751181393203,1194.0
30.38698099387114,-89.5528530433436,1803.0
30.48766239501883,-89.36416221047375,1378.0
30.51613268276439,-89.40529577061177,2060.0
34.58996097043855,-89.83501767759006,1507.0
34.58536846059538,-89.72498785680145,500.0
34.65056423774161,-89.17730269412908,1615.0
33.50197225264085,-89.37548501522255,575.0
33.92765807184946,-90.298171227425,286.0
33.94354666077223,-90.35724669066602,537.0
30.89697743877138,-89.14546366519274,259.0
30.7275571865094,-89.001668429345,2293.0
30.82557901720376,-89.02201839798528,1289.0
32.43092652210304,-89.04938209023285,1150.0
32.30617479520716,-88.94252571511092,974.0
32.47820958632291,-88.95034382225089,997.0
33.45693271162175,-88.7958205191826,3603.0
31.33141056772173,-88.75872417325812,911.0
31.24730731924697,-89.23268869679015,2498.0
31.40465159764949,-89.25787136755275,2454.0
31.35172461906945,-89.27205447470777,1873.0
31.32387904466201,-89.34132673363874,3998.0
31.32908556216026,-89.32028109598,4786.0
34.97572760738252,-89.84132702832629,5333.0
34.98923308399241,-89.83615704011433,4327.0
34.98682145281972,-89.99815991679796,5868.0
30.81808127625084,-88.49942206179946,1860.0
30.76238448673086,-88.59572467002864,1677.0
34.72440548596509,-89.46290933407481,2576.0
34.82560151823193,-89.91132630987856,1613.0
34.88602145666289,-89.91532947730384,3956.0
34.96202922758435,-89.91435724474293,4368.0
34.80544303798816,-90.15890187432653,2935.0
34.61116244776269,-89.91536901646865,1969.0
34.58059166763445,-89.98114942348961,4123.0
34.62954460022462,-89.95891478751534,2206.0
30.83165102662262,-89.30255727886986,822.0
30.8577620031306,-89.08671860944246,1623.0
30.81008955508053,-89.11501260340735,1117.0
31.25947273873087,-89.44396435874617,3298.0
31.24800688771657,-89.42109761264793,1081.0
31.33608269505999,-89.43040236686414,5957.0
31.32321056915719,-89.45015102645222,2267.0
31.19374492808385,-89.49275928174882,1054.0
34.70510756780493,-90.13465431578311,1450.0
31.12956337287136,-89.85190678784895,968.0
31.23389693131504,-89.98827315920137,885.0
34.1916281582576,-89.46268978393003,488.0
34.81726998294838,-89.49903656992119,1751.0
34.74761997392131,-89.22144480668607,1400.0
31.05048928373209,-90.66207515739498,928.0
34.6923445,-89.98041919698633,2509.0
34.91937630865633,-89.75299300473807,4172.0
34.97318399716026,-89.75295970234332,3611.0
34.83751740909518,-89.76155318918043,2489.0
34.79492492545904,-89.83101899521431,2177.0
32.31746855095054,-90.21549294097971,533.0
32.33041561603196,-90.20879516507205,1170.0
32.30847848029629,-90.18926292471221,499.0
33.572014,-89.19719739192342,669.0
33.52021573032741,-89.27794589334285,663.0
33.5726711479669,-89.15999124972075,356.0
33.63152390666537,-89.06385424462586,568.0
33.5759149874049,-89.07616607039418,910.0
33.58181305440195,-88.81082966199466,259.0
33.66205572572231,-88.71832767740725,2561.0
32.34597803646545,-90.30589960431547,2050.0
32.33828082356472,-90.30885078516134,1908.0
32.35169095755144,-90.3035274747568,3708.0
32.41528038899709,-90.50015632042543,1826.0
32.18486030719447,-90.25759644163092,3627.0
32.11539574846381,-90.33925224936955,5049.0
32.09457337554532,-90.27233171237826,2698.0
32.39308047334575,-90.12148761579196,4457.0
34.22768253431501,-90.60640973613361,3506.0
33.88447987001112,-89.18022809467064,1842.0
34.19017524439194,-90.49655878088842,889.0
34.19062792236208,-90.54215551100991,1599.0
32.31870174142166,-90.17433812320681,1319.0
32.31773181994605,-90.16261736545623,2073.0
32.33681942891877,-90.1657741667097,1564.0
32.23520576125425,-90.2114904419551,1096.0
32.26589130519206,-90.21436698506366,1734.0
32.35573736958386,-90.18605222832038,1792.0
32.3017559192855,-90.23813070060403,1601.0
32.292926434284,-90.21739566401705,887.0
32.3155693526556,-90.19723421465167,791.0
33.69083591870167,-88.88975115067089,547.0
34.1172084811649,-89.9576508534852,597.0
31.59407135218942,-90.42584238610117,1056.0
31.6108555,-90.43958450963237,1805.0
31.67241166382006,-90.53549395061437,989.0
32.36890915979696,-90.23497258898806,250.0
32.37105942895284,-90.33390687076871,4205.0
32.33177876162499,-90.40109143818762,449.0
32.35867901993502,-90.1667928935148,1383.0
32.11776659788976,-90.653973757109,1230.0
32.18052209694382,-90.69065271097053,383.0
32.26309893712622,-90.23920688147119,1109.0
32.32466064483915,-90.61775706496442,2796.0
32.37765264983995,-90.11717404843878,2837.0
32.39228205768978,-90.09309500182333,3114.0
32.36678387465279,-90.12055785646058,1576.0
32.1899824046343,-90.28291551498423,3153.0
32.20816429508389,-90.26670639674575,5773.0
32.2848884762916,-90.48332664142391,2861.0
32.33326431733355,-90.35646476238391,2927.0
32.30856082163221,-90.34734794740861,4155.0
31.4817832079131,-90.5821230057699,1621.0
33.98518546266968,-88.94481406441083,685.0
33.94853846083485,-89.08539083123723,1225.0
32.41057269179849,-88.7280057485073,3679.0
32.3760172415906,-88.79302222199247,931.0
31.6640204415921,-90.1952321732692,547.0
31.62328551774053,-89.04079058040772,1502.0
31.78609216524758,-89.30629234110734,495.0
31.72289388416268,-89.1363101608837,4809.0
31.77518152795394,-89.10721273634203,3928.0
32.31757624195811,-90.22614255850115,1130.0
31.56052369956297,-89.18694346626495,1344.0
31.58916306335613,-89.21449049395174,2770.0
31.48796041512873,-89.27004921401426,2165.0
31.5802375372625,-89.27982617012596,1300.0
32.01510170806949,-90.47999421872746,1778.0
31.66492781217601,-89.10218220751143,1803.0
31.67699243900439,-88.98026512326665,1981.0
31.65474363598318,-89.23500860874648,1248.0
31.69179984978349,-89.22641516057716,2744.0
31.03623287744288,-89.88364083159065,734.0
31.27875420391126,-90.05583784220465,246.0
31.05372210210127,-89.99920424525611,1180.0
31.02298530270776,-90.1124064636637,447.0
31.06647228442191,-90.11696685972204,753.0
31.79828129965674,-89.0129530990232,1404.0
32.1019995920546,-89.89233314915751,1787.0
32.81225674998415,-91.0642640618917,122.0
32.60153998656133,-90.92861415005284,101.0
32.60136035664738,-90.04028207275235,442.0
32.59862012816725,-89.97125302049349,2555.0
32.62671554663113,-90.16063049567082,573.0
32.62569449999999,-90.05866744655634,1849.0
32.61399421994621,-90.05734533252675,1791.0
32.48183996308628,-89.8542221025782,1191.0
33.09365270611882,-88.72606060257691,610.0
31.60479833111666,-90.22522835652667,108.0
31.60183992001669,-90.18883190566804,103.0
31.6043442666934,-90.06460662848977,292.0
31.65811237976809,-90.00573374760279,412.0
31.57826995609359,-90.16509238191652,981.0
33.6502253259634,-90.50376184017155,369.0
31.72343184421236,-91.24550822087397,259.0
31.65529986471941,-91.20823106728716,406.0
32.75920236378917,-90.89155058619409,514.0
32.49995090675735,-88.6161985424951,2922.0
32.51632801051138,-88.53699989505454,1976.0
32.26559914568064,-89.67734878125906,1280.0
32.50810335674242,-89.41145817470337,1293.0
32.54150495815401,-89.36506490629331,887.0
32.97204458307913,-90.76287055193775,521.0
31.73841237479536,-90.35484255831189,1146.0
31.70053064189149,-90.39737838809968,1817.0
31.31981547582681,-90.10793555003534,374.0
32.3480765,-89.51180845964423,3182.0
32.39155689143489,-89.50147456301694,1851.0
32.36476914842126,-89.51577637846077,396.0
31.8837754224907,-90.9376700212679,1157.0
31.95508388740895,-90.82089624731027,1618.0
30.8776320516496,-88.81303455733432,1308.0
30.87556502331003,-88.69745941856078,578.0
34.4993161041062,-90.17447147422331,901.0
34.519515185672,-90.10631721763457,655.0
31.46995874139138,-89.35167192914207,1235.0
34.86346729598501,-88.18061292982168,3842.0
31.74484098205758,-89.2955979571214,1701.0
32.43422255172257,-88.65201198727047,1317.0
32.4207840449394,-88.5113796693383,916.0
32.32215248959659,-88.56703487469467,2208.0
32.37916942687012,-88.70588505611185,1100.0
34.2014713382498,-88.97557887748486,1308.0
34.17424808619898,-89.04404172125845,1197.0
32.18456438442131,-88.68315586337596,1128.0
34.29578015195204,-89.19343607767733,1072.0
34.21083879919214,-89.08780409125092,1590.0
33.83887999700001,-90.54019357693181,2723.0
34.64918317669136,-88.19944124157146,2112.0
31.88293389082752,-88.85991595695907,416.0
33.05080116600797,-90.81621955950615,335.0
32.97086954485208,-90.87700262035163,263.0
34.48022119057072,-88.20689717032086,1063.0
34.9497543842057,-88.29865973123823,1052.0
31.55590076591685,-89.35768801279502,1931.0
32.11413004869411,-88.9723497576641,854.0
32.2020961731647,-88.97253446254122,231.0
33.75638772019062,-88.66968880797536,906.0
31.71064728835658,-88.90911985851737,843.0
34.25716485763122,-89.77267554364305,1895.0
34.2525214718642,-89.94129152374231,2320.0
34.35116148883146,-89.03392479385398,2010.0
34.06641881238306,-88.63227279194683,1925.0
31.87394010350676,-88.72598640378432,849.0
33.85514709089163,-90.3360670722534,791.0
34.00173538009215,-90.3349812932884,275.0
30.57703532698101,-89.77006242882725,2223.0
30.5844738558943,-89.71642582650408,3137.0
30.55355431423087,-89.57599611477254,4529.0
30.55996755016435,-89.61896951728228,1796.0
32.42522058426344,-89.42156123792185,1488.0
32.878711,-90.78163357491204,1070.0
32.91705072351212,-90.77057489392828,780.0
32.41580569917519,-90.0394977800085,3199.0
32.362576093403,-90.08608512236205,1684.0
34.80284079654634,-88.32398754817733,1722.0
33.53446139429954,-89.57065224501756,331.0
33.60808737403799,-89.58250425142566,212.0
33.54747648695866,-89.13204620922524,999.0
34.50261342056482,-89.79143659733889,840.0
30.90748247115705,-88.68513192757534,1549.0
30.88216418537773,-88.60646394731381,643.0
30.96573705108898,-88.67066515354654,1151.0
30.6102017294983,-89.674204160637,2738.0
30.56600437944324,-89.65141755468478,5535.0
30.62137780833959,-89.61740019488076,4595.0
30.7022077187655,-89.61392294048137,1564.0
30.7336175,-89.67028325525433,997.0
33.44730833429149,-89.45557630837689,185.0
32.71490976343245,-90.32442483614358,580.0
31.63374245380787,-88.49906914700594,802.0
31.5548652021203,-89.89902867202673,1986.0
31.52266699697254,-89.81232252640115,440.0
34.20050856281919,-90.11046119916634,423.0
34.23103833139073,-90.03762658952755,1299.0
34.0211465,-89.56577661552174,841.0
33.86241521572083,-90.97328156105328,1268.0
33.84656687858607,-91.0430299653572,399.0
34.84657723864515,-88.41404846446432,2004.0
34.93451072040162,-88.751687079947,1957.0
34.88245731731172,-88.64859461740618,2805.0
32.81733633987945,-90.42216291592518,1184.0
32.89434286456743,-90.41399130488155,7148.0
32.85718691523394,-90.3844675886321,1224.0
34.18205965191498,-89.18855076823976,1556.0
31.9358032682784,-88.73492460186338,491.0
34.79013853412377,-89.67253203988281,1015.0
33.65943500707593,-89.70650311008635,262.0
31.32416040550823,-90.40785352449902,2246.0
33.52960570015551,-88.75035758839621,1763.0
32.38004850950746,-88.72779182257848,1997.0
32.38717579626019,-88.73201172891399,2399.0
32.35828072677558,-88.73892680554134,2989.0
34.69078145464669,-90.04650665797749,304.0
34.64887413206838,-90.0180072090719,2989.0
33.992384,-88.73314307152462,1456.0
33.98829018501901,-88.80599838914779,1467.0
34.59343474144016,-90.12584256803278,1166.0
34.63650240392025,-90.149747500376,874.0
34.5530795588103,-89.10048129078707,2497.0
31.30988961807395,-89.3625375487432,3454.0
31.39183383483153,-89.53978413511018,6032.0
31.12255685939132,-89.41809415609642,3360.0
31.16502207485976,-89.43753806766895,3901.0
31.86005814050171,-89.96216706563747,737.0
31.85835001798904,-89.68976321928614,838.0
31.80900282256135,-90.00847684294372,248.0
31.99545342855611,-89.99261963679015,1456.0
32.00637472410836,-89.92852156641027,827.0
31.92007677402745,-89.90679824275838,1209.0
31.88816176686371,-89.8136131826247,2219.0
34.63634276832166,-88.84682295938921,986.0
34.98321041181587,-88.89168601908847,290.0
34.67056187546824,-89.04842362725188,2015.0
34.67649514790748,-88.78752249764133,408.0
31.27691306000057,-89.11382704739351,567.0
31.00783775095838,-89.04626546032053,1071.0
34.38170975284039,-88.70266948800764,4808.0
30.46400788508831,-89.09190356498677,6338.0
30.43488208555247,-89.07630608550629,5837.0
31.8017011829321,-89.72970976894514,616.0
31.952387,-89.8488975413793,591.0
34.7443473547709,-88.87780553435304,2533.0
30.40112094619468,-88.5143135871462,3266.0
30.41969982701713,-88.7799166817059,2846.0
30.40632641041024,-88.81592945969678,3392.0
34.25168952312796,-88.63048479813352,351.0
34.30486027107969,-88.62340280246647,2623.0
34.3569966806199,-88.59336846989284,768.0
34.69169836222009,-90.38602067313226,966.0
34.67697803174588,-90.41541438964374,861.0
34.60665828383465,-90.49721475364947,206.0
34.739003,-90.53145677418004,152.0
31.93555266220188,-89.79289785550446,1622.0
34.80671761435365,-88.78492143010133,436.0
30.35216947683937,-88.5588192885327,1976.0
30.41019159542266,-88.5625707365981,2197.0
30.33731634770994,-88.42526991386298,1920.0
30.40780349116931,-88.49423577710778,218.0
30.40663155605142,-88.9435644575672,5986.0
30.55599218905389,-89.02812951557821,3890.0
30.39075822758649,-89.37978778436688,2994.0
34.26518090933413,-88.57835798584782,3170.0
34.31787423318075,-88.56699432237028,942.0
34.19880335801533,-88.57923002135449,915.0
34.13827854451135,-88.57358235423702,582.0
32.01957242099015,-89.88314269351692,558.0
31.9643895,-89.91035872115384,250.0
32.00199449178825,-89.82729331844666,2037.0
34.39245847761048,-88.89028654320033,1122.0
34.84773768071057,-88.85885866591664,513.0
34.63775857236802,-88.91872253364795,268.0
31.15014224970236,-88.91144411538643,853.0
31.16022775492542,-88.95508226682234,268.0
34.18562226932264,-88.77794060073715,2420.0
34.1886079146337,-88.69800434804127,2934.0
31.0191913266244,-88.80176188618346,183.0
30.51684828282801,-89.26950132391806,1732.0
31.27404010167795,-88.91994885095713,528.0
33.20010148491416,-89.8575119154262,834.0
33.12881825120589,-90.0187816858073,2329.0
30.81386692100102,-89.50036276902671,2013.0
30.7029566457762,-89.44820437529008,1769.0
34.15151058671061,-88.63097278299836,949.0
34.29489216119631,-88.71446579586842,905.0
31.04828218765423,-89.39512518933147,565.0
33.12155864220583,-89.88336352530322,1670.0
33.13696578698342,-90.1013343433078,720.0
33.08871916302513,-89.9111051024725,537.0
33.07150043849927,-90.14416842564383,2298.0
30.3992013816809,-89.07035580902603,2627.0
30.3820285560465,-89.0867514372745,3047.0
30.41441475854409,-89.0531172087004,3059.0
30.25670155756368,-89.25423756668981,2763.0
30.41688280861866,-89.11611294384652,2120.0
30.40524712444348,-89.1636581373783,1217.0
30.26767763976505,-89.04714466271807,1978.0
34.66750870428209,-89.35827506045403,1662.0
34.84025099947391,-89.46835098757357,1466.0
31.29930105523693,-90.9862552788103,190.0
31.27999887447335,-91.16745671585738,740.0
30.48757505257375,-89.19468262038008,4375.0
34.11172328373952,-88.6860054784243,1226.0
31.97963780856255,-90.07722448011248,1450.0
30.28779877520382,-89.32712015642888,2036.0
30.29691332893713,-89.37706750579841,2663.0
31.22068287533028,-89.78268235996165,1922.0
31.26773764830961,-89.78026136695212,2305.0
31.15103512133211,-89.91015877057013,879.0
30.45818974589471,-89.03405642803419,4696.0
30.40244187356322,-89.01710840699837,2944.0
34.32404136424152,-88.7182662548943,1188.0
34.61222581567269,-89.46094314127684,1021.0
34.49673836750583,-89.5138585878965,1786.0
31.93347202537876,-89.70304524550052,1498.0
31.78882094922246,-89.9591304904616,569.0
30.48125429233738,-89.67849622253786,2471.0
30.5203065974515,-89.6985282974019,3467.0
32.8113750980542,-89.35096667178533,934.0
32.72847800043133,-89.70387797429336,747.0
32.62093469768243,-89.6606867866046,1119.0
31.34694341221221,-89.63084847112438,1149.0
34.26335050999734,-88.45704043097766,953.0
34.2167868145916,-88.49567779233442,771.0
31.85164178220057,-90.80644055763487,818.0
32.61073267444142,-89.433995550867,1578.0
32.67601843264626,-89.37569380529398,995.0
30.92694557301875,-89.41550570974591,1921.0
33.19768815337397,-90.4996253325459,525.0
33.22696473702939,-90.62932086715044,1187.0
34.38827405484042,-88.19997922086235,1350.0
34.24550022218426,-88.23026728175638,1048.0
34.36123088211102,-88.50487792064548,728.0
34.43599015561212,-88.65079629748577,1795.0
32.7046753215975,-89.03022710095625,973.0
32.70760622040498,-89.06862302667561,536.0
33.51569040088112,-90.16135727203456,2303.0
32.02534380638502,-90.9262543513457,1480.0
32.02589394479399,-91.04300809546423,1049.0
30.82099402827759,-89.60721747277009,695.0
30.42941382033274,-88.62263687135393,317.0
30.41963427416783,-88.59188258253296,0.01
32.90091177282986,-89.23843304153186,761.0
31.29446000063193,-90.8344300628789,687.0
31.28411501844261,-90.92140795313213,410.0
31.10766182055709,-90.92795667048362,585.0
31.20777635220982,-90.83585731590065,942.0
31.2067090824276,-90.97356296541587,530.0
31.09763107617769,-91.29986610784808,287.0
31.04499081437529,-91.28504884634046,669.0
31.08196060967979,-91.37229433561056,907.0
33.74638297264151,-90.3363631616719,368.0
32.87151503998301,-89.67029962558425,814.0
33.30060786586384,-89.25936108725435,698.0
32.76711393308317,-89.48855140620726,1599.0
33.04499642554824,-89.42965280547013,473.0
33.50142575865696,-88.41906094710043,1493.0
33.17947104740609,-89.49589970721358,475.0
32.60865335287471,-89.15579884593109,1247.0
33.63300595319037,-90.20081340654592,187.0
31.1952955,-91.04110731924965,1023.0
31.146645,-91.02629850301932,537.0
30.70126710775167,-88.73239112807687,338.0
33.16534689558936,-89.26697195157348,449.0
32.8546404725311,-89.58127672073091,934.0
33.25429699999999,-89.18496418629434,608.0
30.43487611583989,-88.80246424021246,3446.0
32.72368089747989,-88.60817632352894,524.0
31.39183458604451,-89.18708495128614,4414.0
31.32286694917283,-89.18453097550756,4605.0
31.34160406240348,-89.29181317546312,770.0
31.33167695009346,-89.29779926638594,2040.0
33.34442951304509,-90.37884467604957,334.0
32.99010389600941,-89.53757038341935,1902.0
32.97833856215021,-89.6471893933293,1136.0
33.50881519911034,-90.17254595931081,1813.0
32.97215728071697,-89.38970862030033,477.0
33.13845582568852,-89.75015883901263,308.0
30.37223311964886,-88.47581302528019,15.0
30.36446599948045,-88.54027795985185,11.0
34.10492806184132,-88.60108696370266,1735.0
33.2371263783143,-89.36450743444233,420.0
32.69128291381958,-89.15701317808458,1256.0
32.87267087830076,-88.9864842219868,834.0
33.48067630549863,-90.1388538962269,3398.0
32.92801228991326,-89.81130523561572,550.0
34.51948482040603,-89.65027924912606,1120.0
30.39024909357851,-89.42158652559624,1159.0
30.43732861682064,-89.39194787511109,1659.0
30.86775650516185,-89.6071911925331,2841.0
30.92861188756599,-89.69118652792203,516.0
30.95729454528387,-89.55496055741851,859.0
30.79073874888664,-89.73984076224116,1438.0
34.93874017173327,-89.52822491285828,1807.0
34.56774594591195,-89.3518181107561,666.0
31.0545372042475,-90.84421669871804,538.0
31.0955533946632,-90.7615259536789,600.0
32.51564450239308,-89.0214032863591,1319.0
30.86187773071319,-89.15271525051037,1236.0
34.33396752900152,-89.69343656526387,859.0
34.39280240920709,-89.64262098923112,5939.0
34.95041189277738,-90.08147959288395,4903.0
34.95929413354419,-90.02405400361995,4691.0
34.96430839931012,-89.9977633237187,3072.0
34.80211294729249,-90.05171447017261,6761.0
34.93301662477152,-89.9021845344146,6269.0
32.89002514665335,-88.85308358337512,556.0
30.5159315,-89.6466246398201,1954.0
30.58909,-89.69725106683107,3486.0
30.67486901497385,-89.7127620821332,1592.0
31.9161572564265,-91.03889543957047,1432.0
34.32726996480393,-88.4706350352152,1570.0
34.91441146314076,-90.21242014310656,1166.0
34.94769527793586,-89.84819545852065,2203.0
34.97113610138474,-89.88045972899654,5806.0
34.87334261754401,-89.86099437845546,6804.0
34.96413723516762,-90.15816087588014,6031.0
33.1711055758175,-90.52652870553877,475.0
34.88849011501702,-89.68542063065347,3694.0
33.55245000433177,-89.37161017524585,452.0
34.31121256698776,-90.23383604400686,716.0
32.37833234072716,-90.17707298700398,1710.0
33.77491547243662,-89.55645484710409,655.0
32.09395330017306,-90.58893204587294,1071.0
32.11578391089049,-90.50187678544982,1351.0
32.11847274438521,-90.413732650233,1335.0
32.34672629307867,-90.34534067687699,4248.0
31.38682329513995,-90.86658813382599,471.0
31.64260766115777,-91.09215462850061,440.0
34.31630728359203,-89.05413131438772,472.0
34.28421470435531,-89.11058898995573,757.0
31.12467145366688,-90.1416079431932,111.0
32.36957857720721,-89.416398122973,823.0
32.37509325265711,-89.35412324093484,629.0
31.59648140512476,-90.47002875936491,1544.0
31.65852648109985,-90.45784157015359,2103.0
31.53513756241564,-90.31034241679764,391.0
32.5128925061215,-90.02526074380782,6422.0
32.53909794239128,-90.06522559036513,954.0
32.54915829718706,-89.96351363851583,302.0
34.22240418826664,-89.85201313437676,1954.0
34.18851792682231,-89.96359181374947,1695.0
31.78763537145126,-90.97103354155865,501.0
33.53501238683449,-88.62573837629483,461.0
33.76959700484946,-89.2917170965692,722.0
33.84905282273585,-89.23875010349575,771.0
31.13384903670027,-90.16483505338891,722.0
31.50873603511306,-90.69826312433815,679.0
33.84009173339568,-89.6055815362275,244.0
31.42055012179842,-90.77737239287657,399.0
34.5661967631677,-88.60985804173916,1770.0
31.51055256581444,-89.01548746122401,1450.0
31.53483729169013,-90.79285857287034,700.0
33.8428956111387,-89.06892374144546,1186.0
33.82954654133085,-88.96696458489215,630.0
32.27667364492294,-88.47547134278403,894.0
33.70947591015715,-88.99132873445447,603.0
30.95622225897291,-88.58725266704938,1837.0
30.89499269528963,-88.57397803302183,445.0
32.0589315462109,-89.5003563578092,1016.0
31.99626430846861,-89.40676294860893,300.0
32.24717152590944,-90.09849383385793,5818.0
32.25153111002376,-89.76473456755222,1030.0
32.16591856116321,-89.76807267993591,905.0
32.48376729401184,-90.11750888291074,955.0
33.23584849307355,-88.65309613953382,2017.0
33.11791280203227,-88.59914967486175,2217.0
33.4506511820579,-91.001842506701,817.0
32.45522804045721,-89.64418888099081,477.0
30.7843381338988,-88.43876831583805,1010.0
33.90767537352836,-90.18664077916222,393.0
33.37075935424603,-90.7265088436426,1525.0
34.31314987746575,-88.95463069310803,627.0
31.61671563908095,-90.55056405400539,2141.0
31.69977952268063,-88.82095245343142,1292.0
31.61674004917082,-88.56928929921798,1143.0
32.27953956088317,-90.14793272595756,3321.0
32.85692956012176,-89.90951453250844,182.0
34.03124880856753,-90.25952167560935,147.0
34.71560183077368,-88.6725129599629,1239.0
34.81977508263481,-88.57720412831411,1403.0
31.77892187866876,-90.59727331357489,1488.0
30.95791847193972,-88.49120145703432,2599.0
32.66255788639107,-90.34901006102322,508.0
32.86981775570458,-90.32577691841283,570.0
34.94729706325125,-88.50469011207032,2946.0
31.44667350734304,-89.89882274628901,701.0
32.62948479672298,-90.40074122773107,818.0
31.1761456047315,-89.75456705460952,706.0
32.78952909356396,-90.10295651963773,740.0
31.80913501191491,-90.17475405974633,724.0
31.76724525893492,-90.2585260369914,818.0
34.96209788072598,-88.4222088610903,3332.0
31.28143010702244,-90.45992161113388,885.0
31.66376719808312,-89.70788313361307,642.0
31.65194483150488,-89.43464933668447,291.0
32.90176933174762,-90.21269731992024,308.0
32.8597762645079,-90.41876503946321,3276.0
32.79228753538856,-90.27128578193692,1030.0
34.97553093291714,-88.5011405916566,2026.0
34.93238199938897,-88.49136217993122,1229.0
31.4329373594724,-89.98107386618398,242.0
32.42060634338581,-88.58917389654451,1265.0
31.56530427523012,-90.11999230355848,180.0
32.36818084073615,-88.71696140298113,1869.0
32.50030073398764,-88.66414290525425,1517.0
31.75103890233696,-89.440091751397,1155.0
30.85354660756613,-88.69007411962406,676.0
30.92533658146185,-88.55068304734264,529.0
30.77447284730493,-88.7869517263692,414.0
31.29205122973125,-90.46196616077978,1433.0
32.3215505380984,-88.70893497834233,889.0
31.65412785072067,-89.93260687351166,553.0
32.16810054184202,-89.55907676449527,522.0
31.88255082714862,-89.53640637474611,1026.0
31.51282761888486,-91.35911051644295,1393.0
32.0038512861063,-90.36176983303409,872.0
31.59370055159478,-91.35150746905123,1553.0
31.41743961689577,-91.31966563381323,1196.0
31.58222972642959,-91.34843693065591,967.0
31.67908405040144,-91.35800922284169,887.0
30.36440327509624,-89.09013211050072,1210.0
31.48184209599876,-89.53103145016108,1389.0
33.17438076361687,-89.63759702868145,487.0
33.25271064144457,-89.47607849959455,207.0
34.8333850369543,-88.97094416226251,1347.0
33.48262153178823,-90.20434093427593,2108.0
32.85011274455871,-89.23384323473884,699.0
32.77171511691458,-88.99275502772912,735.0
34.39836172266424,-88.58568731409534,1121.0
32.60332847174028,-88.7568435176017,231.0
30.45696419464409,-89.05970769428558,8849.0
30.37200349001427,-89.07881849639853,764.0
30.38579722408377,-89.04612902197864,2543.0
30.66116559176474,-88.83536164618656,595.0
31.1156625,-90.86587288412409,363.0
31.27154434680357,-89.19330204081703,1891.0
30.37632350165194,-88.51945208194824,3530.0
34.93509301320264,-89.45379311393914,1012.0
33.35104011483687,-88.5932402236287,1175.0
34.29428040476851,-89.60901305315987,1223.0
34.23431059225939,-89.57441082496796,1035.0
34.2127800006056,-89.34655123875147,635.0
34.23095135839882,-89.67917299081034,617.0
34.46673494361635,-89.17571980724107,1304.0
31.17151942366436,-89.5852772776013,1629.0
32.33445071154088,-90.23540174197694,728.0
32.32293769662448,-90.31385995680837,4112.0
33.31428010582842,-89.14366068913104,1856.0
33.9688552101544,-88.57978803856727,1628.0
33.85986566207686,-88.67081882906726,809.0
32.27553090503649,-90.23235209530647,1579.0
32.88669709449806,-89.40900362850196,740.0
33.52045584445813,-88.96374934990232,971.0
32.16608394022547,-91.02581038280225,1360.0
31.38665749623129,-89.30366228986638,2149.0
33.68165949999999,-91.18399427304664,592.0
34.92586778564102,-89.79499781539053,4504.0
32.32428867814009,-90.85398151186557,2152.0
32.46694964241154,-91.00484314416438,412.0
34.93378312620483,-89.13729230223014,1512.0
34.4283725560294,-88.47240903831032,1359.0
32.27602564300474,-90.76085048103782,1544.0
32.284845,-90.82944512308254,858.0
33.15086609514857,-90.64959152538442,92.0
31.40985334419752,-89.35062190009653,1303.0
31.05826148580389,-91.01023977865592,645.0
34.93325104439788,-89.82137171763776,6130.0
34.95499507290959,-90.05312927863407,4677.0
30.30200735613176,-89.42950053990793,1098.0
34.71799498775244,-89.78426282356627,3404.0
34.844429,-89.22880944459615,1613.0
34.02786975690626,-90.12527408908085,1417.0
33.42367726637364,-88.92866085458456,1344.0
31.39811714421492,-88.72724494775973,748.0
34.92666225849482,-89.95468600026484,5628.0
34.93232652178067,-89.99913451673788,7597.0
34.93878992799087,-89.96996221721848,4140.0
34.91872112023717,-90.05667009171935,4189.0
30.70183637271644,-89.11716006150391,1447.0
30.8821741640844,-89.24367631803608,1688.0
34.64185331702892,-89.76761656073958,610.0
34.87037091122962,-89.3884726994841,561.0
33.93797154044339,-89.96841973912876,352.0
31.65521508668752,-90.39710117845546,713.0
32.31061776770325,-90.20800815431667,1228.0
32.32168977170465,-90.19134934715201,517.0
34.10667293905666,-90.49872573400258,392.0
33.87393342471467,-89.40798146073507,1451.0
32.373637019764,-90.14029373054049,2754.0
34.02054200261937,-88.67165882691076,588.0
34.11570011570091,-90.06230671610099,566.0
31.65651882698554,-90.6664981115145,841.0
32.27630564541349,-90.22108934019798,1593.0
32.39268826879048,-90.18211897748101,1755.0
32.34668715037836,-90.26108469545744,2066.0
32.3457166151321,-90.19625059102063,784.0
31.38886519305348,-90.32735944332966,1244.0
33.77338284921196,-89.12184659167693,512.0
31.12324507505724,-90.12581383565679,23.0
31.62435346799,-89.30488781297707,1502.0
32.26174538377884,-90.12305808620415,1679.0
32.2674022872277,-89.398220505591,570.0
33.94020051534212,-90.55538485388927,3343.0
32.27582379265439,-89.58750436380404,719.0
31.16877158375186,-90.14832766651534,576.0
31.12142414290502,-90.15219777440178,279.0
31.22251228780539,-90.20890557781597,1574.0
30.75621403152032,-88.50952865857501,913.0
34.37285640128673,-89.78277311020851,2566.0
31.4788954420735,-89.17498472285563,1531.0
31.78769714118678,-89.2272681349754,739.0
34.74249011258441,-88.21584052252874,924.0
31.74048014726499,-89.37513648859789,1014.0
34.55863110286254,-88.22370551149547,467.0
32.43708758954787,-88.61137934410655,643.0
32.63274697178593,-90.04369097875205,1244.0
34.03014560277295,-89.04917184355726,1363.0
33.86827064165289,-90.0098138190432,344.0
33.72167084906755,-88.56075178703024,208.0
34.35238059987465,-89.18477599696467,1078.0
33.43074916255507,-90.62071865186758,1154.0
32.52878544654894,-89.51265494819285,1854.0
32.27025129323044,-89.96310469534608,2948.0
33.55213327582988,-90.73566756062777,174.0
32.17908683443186,-89.0706785189005,367.0
31.70858564626329,-90.82704595809624,509.0
30.85648470650882,-88.5964168283468,366.0
31.79999898849134,-88.62017948471603,538.0
34.82241715129983,-88.72673057639226,195.0
32.8723887261189,-90.51670644502953,227.0
32.85052052839914,-90.42708197611118,1248.0
31.48938221125158,-89.63075178575588,758.0
34.76783363617228,-89.35548645293389,3199.0
32.86961969636418,-90.05903966840557,532.0
34.64481636902545,-89.60665078692594,757.0
34.04282422355607,-88.81174793723561,868.0
31.43997309796158,-90.11266277467534,739.0
32.3840146912463,-88.6874105068999,4017.0
31.48340109656668,-90.20724954764692,259.0
31.44634924063547,-91.38589836827578,1636.0
32.24983627175508,-88.71572007348506,1453.0
34.49442313162824,-88.97193669194642,2583.0
34.44363095179342,-88.83287761125345,1894.0
32.28246421953781,-88.6870534130518,955.0
34.89816803102316,-88.94273588527365,604.0
30.38148125687946,-89.07072297962628,1847.0
34.14047962785274,-88.74425223545434,901.0
34.93550343759944,-88.85077361646395,1230.0
31.80851327489342,-89.67810208782211,529.0
34.71849566580541,-89.00348924891208,845.0
31.84218265383627,-89.7587775858857,1671.0
30.45766605374823,-89.12715040895331,8021.0
30.59699043509096,-88.93126079154992,2296.0
31.82697171997716,-89.84356203070591,413.0
32.01058797060433,-89.71901260690623,898.0
31.82520830876228,-90.09316156669635,730.0
34.6261982875039,-88.9976947762787,575.0
31.30156400917294,-89.43762940120936,4564.0
30.40946343166446,-89.08594560994064,1764.0
31.26269200135703,-89.83002733715831,447.0
34.83549528121584,-89.66475294183815,1550.0
34.92967667405973,-89.62612961660089,1675.0
30.38346687682914,-89.28889611642042,2650.0
30.33604406585764,-89.33286646916548,1681.0
33.39413432398273,-90.21713166883518,574.0
30.59719189079222,-89.5018662659231,1879.0
31.26152850270213,-89.68081808204451,439.0
34.58360523215372,-89.57500849468342,356.0
31.83742189519457,-89.90336052968719,182.0
30.44525511664254,-89.28850876042611,2563.0
34.30739905173455,-88.52773570193662,1099.0
34.25783705590182,-88.51229626990049,1192.0
32.08445048965989,-90.84709918916407,135.0
32.09282541882323,-90.76717718179299,187.0
32.61746125173877,-89.35259885135017,726.0
34.13948314725192,-88.26646325819347,404.0
32.71985315341903,-89.10791342591189,413.0
30.37833044012237,-88.55532924382489,644.0
30.53696067089519,-88.83370360589024,7672.0
32.60765647495016,-89.55113202263193,748.0
31.2991021797985,-90.65927280841738,728.0
31.29780552426579,-90.74058897484095,672.0
30.31603322347862,-89.3354660171924,1119.0
30.31026506657729,-89.3410313029146,1347.0
30.31416466838838,-89.3173261961468,358.0
32.45349056923268,-89.25955274812237,1878.0
32.62796599656473,-88.99622672825551,948.0
32.73328627305507,-89.37000003620116,662.0
32.6609271722177,-88.68013732273958,520.0
32.62665786893976,-88.58289126476197,177.0
30.44124678429012,-88.86617003196838,8725.0
33.0581604521011,-89.65157852281837,569.0
33.03385446958151,-89.7053396919853,539.0
33.02916618344894,-89.78963979701174,1309.0
32.83291823217887,-88.9304023047667,786.0
32.81256132604526,-89.00946708390819,671.0
30.286316,-89.37923448030398,1892.0
34.97135056472774,-89.79511570841036,5503.0
34.60196414499077,-90.06057650163206,641.0
34.72451395525068,-89.67720894460525,1273.0
33.68534188335947,-89.45031203725068,200.0
32.35256729399096,-90.21562153640632,1413.0
32.34085331058799,-90.13327166587136,1243.0
32.30567993461956,-90.28851248933641,2068.0
32.24636358892628,-90.24763387424515,2565.0
32.36596432205597,-90.18634801695202,2209.0
31.38390663244959,-91.09684357906607,235.0
31.96884627989531,-88.84023053112804,594.0
31.56527953912073,-89.12164923958449,1099.0
34.1495313728177,-90.81559937366667,262.0
34.42497510782473,-90.1149716586172,378.0
31.55962641293558,-90.59932079377134,751.0
31.40598531528551,-90.57707045257094,1352.0
34.29159970564309,-89.950081711734,1013.0
31.55705672292838,-90.52441760854936,1097.0
34.34391121546417,-88.97058835020039,1317.0
31.23424857179423,-90.10941310298803,915.0
31.0410877124193,-90.23602026873951,457.0
31.56524978224682,-89.07100296522145,645.0
32.06091152380764,-89.34981090798406,581.0
32.68962968697484,-89.88239036178281,928.0
32.27457468426563,-90.1264671824108,3779.0
31.66830230421959,-90.28837556915364,510.0
33.49104392406451,-89.46117981682247,182.0
31.98534807425211,-88.7838699486776,264.0
34.11740475466403,-89.11688480435265,681.0
31.46482703741327,-89.8100936890585,544.0
32.82177023545841,-90.36271418917559,766.0
32.43197856011272,-89.35642659589675,1087.0
33.16584841095084,-89.15973190998488,880.0
32.84211275963645,-90.43460548018888,762.0
32.71296913795959,-90.20879761532885,640.0
32.29481162568501,-90.02852198836467,3328.0
33.88740914451272,-88.8446402416872,860.0
31.65368655926709,-89.78934386379952,345.0
31.9304603487897,-89.36441684843017,779.0
31.98340530610582,-90.66870824813431,693.0
32.69028451889633,-89.7832340253768,1207.0
31.56223661869123,-91.39619479505377,907.0
31.54575602915453,-91.38560469382438,1971.0
34.55189003386578,-88.83138420123113,578.0
34.43020424505565,-88.9579913450256,1502.0
34.43908266233274,-88.58319580790054,359.0
30.60245502463352,-89.30178423255359,568.0
33.73618128444981,-90.72004956713442,637.0
33.36660093602773,-89.02973247023048,1374.0
31.28077016115505,-89.3770662640933,3974.0
34.74202103843396,-89.05719316409825,244.0
30.50406011133995,-88.73495299258137,3509.0
30.56076909806045,-88.75379351083782,405.0
30.46435330935861,-88.63069841568118,480.0
31.09143431478521,-90.57751964017608,593.0
34.40910392950897,-89.0868339852044,1838.0
34.28212996805022,-89.38299219145976,1093.0
33.46852799777466,-90.18933494748138,918.0
34.37442066350285,-88.77203963938325,2410.0
32.34156668081923,-90.20610213284448,1567.0
32.34249325831276,-90.23010674002433,1815.0
32.32458030861547,-90.23953922997035,636.0
34.3666234861516,-88.65835320603858,1360.0
32.39022547239016,-90.13808543210477,3211.0
32.39136865082654,-90.1578127967222,3616.0
32.22689681565809,-90.2514488661245,2524.0
32.26305171475128,-90.22779537740479,1824.0
34.0521332075018,-90.73582003256197,515.0
34.16415224041162,-88.42312802849989,361.0
32.25371586773625,-90.93906400935609,2561.0
31.33013122617576,-89.24761211033875,3421.0
33.33104061018282,-88.93970057872447,372.0
34.67077479414121,-89.83912630125396,556.0
33.5383656821299,-88.87808736154375,496.0
34.97267450840018,-90.02320122422954,2443.0
30.72020095392191,-89.29627424052802,762.0
31.04872713347068,-89.81377703820607,716.0
34.7504833875375,-89.99675880923851,2421.0
32.30869735252573,-90.21888654069743,909.0
32.31450739450467,-90.2454546643423,2439.0
32.33382295676946,-90.24902500083019,1064.0
32.34644463224257,-90.16978011093373,860.0
34.2096105,-90.5799939958813,436.0
32.3528696535232,-90.19881915805311,756.0
33.76953133516654,-88.82048703399957,1232.0
31.38740988801914,-90.45257947750228,465.0
31.45179925544639,-90.4661622669809,673.0
32.25783892234598,-90.30465700734021,2574.0
32.50307589814638,-88.85716722637402,2901.0
32.32373992472643,-90.28075053028483,2104.0
32.4079017407354,-90.13219186321055,3436.0
32.19499903390527,-90.0857890015989,1230.0
34.66654057496297,-88.52961024657368,1954.0
32.45249477444434,-89.71803967026788,1007.0
32.45414827305458,-88.69116020106017,826.0
32.0714173447201,-88.84577089707655,337.0
33.0381477544645,-90.69124422976022,90.0
33.98767816619515,-90.00431439867364,753.0
33.70944170343283,-89.0948247118104,588.0
33.97126655138625,-90.3984461236817,289.0
33.96568012015388,-90.293622690711,162.0
32.86357855086688,-89.78360469022098,98.0
31.67486782722242,-88.71882247168936,653.0
32.76104346542643,-90.50987512612579,117.0
34.16608705273733,-89.63114387902841,1668.0
33.92713553589116,-89.8704344731157,353.0
31.7634444638211,-88.7381442628862,1010.0
31.79017230941508,-88.67373702725072,465.0
31.35603072976213,-89.90087464795954,780.0
33.32433343674602,-88.79226878947883,1236.0
32.54779633182625,-88.67130814092873,422.0
34.57830993206768,-90.18516705480384,420.0
34.65582493108104,-90.21062637879062,394.0
34.51783891614198,-89.19327805145957,719.0
34.56878007087072,-89.19333853702454,600.0
31.063959682827,-89.60226960254352,920.0
31.79730916783838,-89.87826790305901,320.0
34.47305176769198,-89.00348540924365,1635.0
31.98979943761982,-90.16561063892985,867.0
32.03647878310459,-90.2216148450624,55.0
34.40164141867009,-88.99883681543345,872.0
30.37513438863875,-89.1636044151198,2541.0
31.23082291479312,-89.38351944667713,1350.0
32.98964221161386,-90.00728349294903,359.0
31.79960854245487,-89.79807953786737,562.0
32.64498398050388,-88.86289314799828,466.0
33.24640998824553,-89.64350964141447,423.0
33.34862419532654,-89.26998665688473,485.0
31.93549991454842,-90.98389284237251,11.0
32.76963891354523,-89.55955915413871,2230.0
32.868616821196,-89.51481572530965,1291.0
32.73897809338267,-89.63531733526709,764.0
33.42912621384414,-89.14393514139192,519.0
30.50298017596898,-88.65326775235545,1704.0
30.52570977950649,-88.69998550366778,44.0
30.45138838970897,-88.75545917979176,261.0
32.18666203789734,-90.87701882456088,2069.0
30.4419284854751,-88.8252332747181,5084.0
30.46264718873418,-88.85416605814956,415.0
30.46406227492681,-88.81629698213435,707.0
34.46443601686606,-88.72780635276378,3232.0
34.3224733183283,-89.30955544924714,1115.0
31.95243532357883,-90.98146520537364,0.01
30.77460238245587,-89.20323069314863,1349.0
30.80536774271864,-89.38581524464671,709.0
30.82175607016963,-89.5544874471299,1212.0
32.31538385371324,-90.18835091499788,668.0
32.19810885655783,-90.35654337184492,3072.0
32.23930260822537,-90.28154239940044,866.0
32.25721114541222,-90.28213780383614,3460.0
31.72107333865859,-91.04823950934794,826.0
31.74709610444521,-88.98219774827926,1067.0
31.69652280979307,-89.31578178456013,741.0
31.48785469601735,-90.275967230772,646.0
31.29096895978757,-90.23982492416322,416.0
31.31527565071792,-90.20756305344024,760.0
32.35340228711373,-89.98552532885338,5525.0
34.10347353615899,-89.20839644644605,156.0
34.27336023084274,-88.88450504695966,543.0
34.53610130320079,-88.70442009122837,547.0
34.17391659960853,-88.89129307432957,323.0
34.27266628790978,-90.09640325911609,301.0
32.96629360936352,-90.41843310323766,64.0
32.74342104331878,-90.39948169379394,726.0
33.47280526543151,-89.59364075684692,126.0
31.72648756834338,-89.8308068203996,530.0
32.5391308150019,-89.61450443487786,591.0
31.60300827103116,-91.44665155026719,2268.0
33.60323472088662,-90.01780787352455,1378.0
34.55589204098159,-88.97924955833302,1524.0
33.77710974534271,-90.70797541345397,453.0
33.7946745,-90.97424134047236,291.0
31.91296043678567,-89.62435274415071,748.0
32.52422079594205,-89.0987875186878,666.0
34.53661108570937,-88.76690889953996,806.0
34.54241818260004,-88.90554590732218,1008.0
30.95299543077046,-88.91010407063095,218.0
33.24517421973295,-90.04140349947085,782.0
32.3504656392909,-90.86581127438092,521.0
34.39537403431888,-88.5105225738418,412.0
33.64007204781368,-89.14209510155743,501.0
30.71270192885155,-89.20313875979708,1015.0
31.31651236072292,-89.56099267714957,1387.0
31.24135625305751,-89.82617185394604,740.0
34.74816802768847,-89.56457194807719,1009.0
34.91934002235013,-89.29028986525451,1506.0
34.87893136532936,-89.81462513450458,950.0
33.86241322663311,-89.9538021941282,231.0
32.32909784150596,-90.26064941190364,1080.0
34.03780088740069,-90.62505091968968,138.0
33.6788883550465,-89.18898947153683,453.0
33.68183668569859,-89.29904192751015,453.0
31.57078718265222,-90.42960845517146,803.0
32.19965803794729,-90.55223246300909,850.0
32.36271805981067,-90.1592210101418,2915.0
32.32214181753801,-90.23292869229556,1231.0
32.279855,-88.76481903712286,362.0
32.31971992431107,-90.20628577782992,810.0
31.64520561553526,-90.98739560366215,439.0
32.55214678804221,-89.72376831022122,891.0
32.75430766679054,-90.76833870150794,25.0
32.009833968914,-88.56241999678747,214.0
30.96871762534602,-88.78156062853756,210.0
32.4571738695554,-90.07589958395293,1300.0
34.33984986260508,-89.09743369770337,1130.0
34.9473951542688,-88.20281236759922,187.0
32.9860722722412,-88.92505713229122,2095.0
31.3212211874399,-89.95238926872095,906.0
31.25667807624776,-89.83343932423344,739.0
31.38029117769634,-90.0756774591714,349.0
31.71971169115111,-90.15908759717271,518.0
33.77751738170512,-88.99291123014793,425.0
31.52274491061386,-90.08890742050792,248.0
32.53534742977627,-88.44385623802647,337.0
34.14378013398159,-88.68548841848792,633.0
31.9070166608756,-90.03914091392478,655.0
31.26116207599366,-88.76122043296598,481.0
34.95840159524909,-88.98537019978157,538.0
34.95111748112633,-88.92061241778491,1122.0
31.89288871721964,-89.75174763834256,231.0
30.36462595830548,-88.55744293978623,219.0
31.29673878929475,-91.0483546003579,266.0
30.40478311990929,-88.83473678428176,462.0
30.41661497543683,-88.84597665626151,739.0
32.28612849038003,-90.87928038957101,2546.0
30.68185470745327,-89.78148110887214,1660.0
34.98594590102023,-90.05808446646203,5335.0
32.29784908920717,-90.21063656344744,1469.0
32.30039801552662,-90.22151228113735,1436.0
32.30344663856716,-90.20876102550187,535.0
33.85227599843317,-90.07659443982838,296.0
33.89061515363858,-88.75819006398736,641.0
32.15609015875473,-89.381040437963,568.0
31.83650398856823,-88.5343758072705,252.0
32.45711817641551,-90.10134629314717,3308.0
31.90638558172131,-90.19893033137275,503.0
33.06630090057902,-88.89932872024279,1047.0
32.96096024732945,-90.35471140217962,535.0
31.60794095032459,-89.92028884237968,547.0
31.67322749207778,-89.87930556927476,654.0
32.03920524131084,-89.1730357257228,457.0
32.3915269417203,-88.7046022276564,464.0
31.56037197323154,-91.38711556970249,1084.0
32.80732939023039,-89.16111892465211,466.0
34.79157118152148,-88.86042327402683,252.0
32.20398208221149,-90.8032099616352,1775.0
30.8476575605868,-88.93631236808339,431.0
34.96846963075379,-89.69306396856582,1729.0
34.94194626708761,-90.05127733833426,3517.0
31.29096143258221,-90.59331622359493,821.0
34.75195268801563,-89.88176890106959,666.0
32.35003816853887,-90.12879195352153,2354.0
31.56991716218155,-90.87755010609058,218.0
31.65542403785267,-89.052086805621,761.0
31.65539393845606,-89.38587252106439,115.0
31.74648352697235,-89.05340226287404,757.0
34.05809299578019,-88.96802387970337,683.0
32.26781538971814,-89.50827855893438,609.0
32.45979605547853,-88.7355725793212,2102.0
32.18402271647382,-88.47814477503344,336.0
32.90146022197589,-90.8755154954655,50.0
30.84811782647633,-88.54283725919275,1033.0
32.58151822386137,-90.53526123005824,716.0
32.55404915128507,-88.846232500615,1522.0
31.62547454224991,-90.14721950937766,81.0
31.65996785832942,-90.12897187777273,127.0
34.40858201555982,-88.72742481800184,563.0
33.38053555090366,-88.91061265162674,290.0
30.59670983736355,-89.40378490590831,1908.0
30.63942392288952,-89.56775906802903,428.0
30.88536566743997,-88.5334164970138,605.0
34.64219295843567,-88.67130634695982,712.0
32.10398661547073,-89.15686101363126,164.0
33.07981799970786,-89.01121737989082,615.0
32.07602466400297,-90.1266527490448,858.0
33.46528743982665,-88.92677279946702,689.0
33.74371448794135,-90.72599849098005,682.0
33.49631094283143,-89.13737407741908,664.0
31.3125245,-89.39042625038121,3233.0
34.64987765349095,-89.69710693838289,397.0
31.3794843775936,-90.20158312321576,867.0
31.12034905860341,-90.04729434703678,178.0
31.65698715111395,-89.33374409980398,325.0
31.57469034118947,-89.7831274352165,210.0
31.90915761681182,-89.74560264853896,1204.0
34.73607396507754,-88.78387086048984,673.0
32.999019961026,-90.20703385827284,300.0
33.3009114721075,-90.50078864942958,55.0
34.423888536277,-88.29251375490183,843.0
32.32052876030296,-90.18199781178956,1456.0
31.37954602954533,-90.52155386297382,928.0
31.30374872692373,-90.15285225092809,415.0
34.0376289124557,-89.9576689040896,241.0
31.70931572880296,-89.64608470469801,237.0
31.22974880006969,-90.46850601826083,1030.0
32.36129144465031,-88.44849998374953,445.0
31.56457792457394,-91.36563088409285,1402.0
34.85906483070795,-88.92600103371858,391.0
32.30902489336718,-90.22897763241718,1035.0
33.81678441189522,-90.62496237506348,348.0
32.36573014067514,-88.52249451519258,942.0
31.99529011666925,-88.49267157685512,215.0
34.68156235174183,-88.94818117668416,486.0
34.95561172108274,-89.3793256667055,504.0
34.37265361968559,-88.30573600654671,252.0
34.50309701429261,-90.25110389492954,339.0
32.4053177626982,-90.15821424588533,497.0
31.58734866889715,-89.64844921174769,274.0
32.36812623596958,-88.60472972564911,841.0
31.40835247474435,-88.81621282772461,369.0
32.91702795907103,-90.87325789043501,152.0
34.2446748062474,-89.16946346648389,538.0
32.96287365285064,-90.0988276102649,428.0
31.89880931672777,-91.15054167886066,1248.0
34.67004705817804,-89.89960778933785,1379.0
32.88341218936552,-90.38539582543784,105.0
32.25440017905854,-90.23633723570784,1275.0
32.88619742119,-90.15997987824785,432.0
31.88059057157443,-89.73350099194205,907.0
31.30373893029609,-90.00479082154928,449.0
31.8981190880275,-88.61524711396288,126.0
31.16054522624896,-90.20334706449741,385.0
34.69781689544251,-88.84748285065311,427.0
33.96912928529873,-90.15032562526528,85.0
31.13000422633838,-90.20230542088201,133.0
34.54358144640891,-89.27784545581352,274.0
34.11366932623097,-88.47525653845639,688.0
32.33301606671338,-90.19668236533224,563.0
30.89052245610581,-88.45719099954802,846.0
32.39954634396594,-88.58699856624588,211.0
