44005441902,44005441904
44009441103,44009442301
44001443401,44001443403
44009443205,44009443207
44007442847,44007442850
44007442616,44007442617
44007441607,44007442874
44007443902,44007443912
44007442829,44007442872
44003440608,44003440613
44007440723,44007440724
44007442505,44007443908
44007442831,44007442832
44003440615,44003443701
44003443515,44003443517
44003443501,44003443504
44007441004,44007441005
44003443503,44003443508
44007441613,44007443105
44007442818,44007442836
44003440615,44003440618
44009441403,44009442902
44007442837,44007442862
44007442848,44007442867
44009443602,44009443606
44007440708,44007440711
44007442609,44007442613
44007442807,44007442839
44003443507,44003443529
44005441901,44005ZZZZZZ
44007441005,44007441006
44007440408,44007441704
44007440801,44007440802
44007441710,44007441711
44005441901,44005442708
44007442401,44007442405
44003443523,44003443524
44007440802,44007440803
44007441007,44007441013
44007443101,44007443106
44003440614,44003440615
44009441101,44009442305
44005443304,44005443306
44007442408,44007443102
44005442701,44005442705
44005442701,44009442303
44007441201,44007443003
44007441608,44007441609
44007442830,44007442868
44005442704,44005443307
44003443522,44003443523
44007441304,44007443105
44003440902,44003440903
44007442501,44007442505
44007443103,44007443106
44007442620,44007442623
44007440726,44007442824
44001440101,44007441017
44007442404,44007442408
44007442413,44007442819
44007440711,44007440712
44007440723,44007442834
44007442802,44007442803
44001440101,44001440102
44007441001,44007441005
44007441704,44007441710
44007442403,44007442410
44001440103,44001440105
44007442602,44007442607
44001440203,44001440204
44003443516,44003443519
44001440201,44001440205
44007440306,44007442502
44009443208,44009443210
44007440804,44007440808
44007442604,44007442819
44007442864,44007442867
44009440501,44009442901
44007440405,44007441704
44001440201,44001443403
44003440905,44009441103
44007443104,44007443105
44007442619,44007442620
44003443533,44003443810
44003443507,44003443524
44005441502,44005442107
44007442826,44007442833
44005441801,44005443307
44007442852,44007442854
44007440406,44007440408
44007441304,44007443003
44007443901,44007443905
44003443526,44003443528
44007440804,44007440809
44007441012,44007441013
44007441610,44007441613
44003440601,44003440603
44007442830,44007442833
44007441013,44007441018
44007442870,44007442876
44009440501,44009442902
44005441903,44005442103
44007442501,44007443106
44007440713,44007440718
44007442826,44007442879
44007442824,44007442826
44007441610,44007441611
44007440717,44007440726
44003443526,44003443527
44007440703,44007440722
44007442405,44007442846
44003443510,44003443529
44003443530,44003443531
44007441602,44007441605
44003440605,44003440609
44005442703,44005442704
44007440813,44007443905
44003443508,44003443513
44007441010,44007441011
44007440719,44007440720
44009442306,44009443203
44009443602,44009443607
44007440703,44007440731
44007441704,44007441708
44003440617,44007441202
44005441902,44005441905
44007442861,44007442862
44007442401,44007442402
44001440105,44001443402
44007440301,44007441303
44001440101,44001440104
44009442003,44009442306
44007442619,44007442621
44001440202,44001440207
44007441606,44007442402
44007440725,44007442824
44003443523,44003443525
44007440727,44007441014
44003443533,44003443803
44007442825,44007442873
44005442106,44005ZZZZZZ
44007441704,44007441707
44007440713,44007440728
44007442825,44007442828
44007441008,44007441009
44007441613,44007443103
44003443502,44003443503
44007440407,44007440408
44009442005,44009443209
44009442901,44009443206
44001443401,44001443402
44003443521,44003443523
44003440903,44003443526
44007442807,44007442836
44003440602,44003443810
44007440401,44007440403
44007440723,44007440725
44007440710,44007440717
44007442839,44007442862
44003443519,44009442304
44007442827,44007442831
44007442828,44007442868
44007442503,44007442504
44007442806,44007442818
44009443203,44009443206
44007442406,44007442409
44007442869,44007442876
44005442704,44005442705
44005441902,44005441903
44007441304,44007443104
44005442105,44005ZZZZZZ
44007441708,44007441709
44007442504,44007442505
44003440608,44003440616
44001443402,44005443301
44007442820,44007442821
44007442618,44007442620
44009440502,44009442901
44007442801,44007442818
44009442306,44009443202
44009442305,44009442308
44007441201,44007441302
44007442851,44007442852
44007440813,44007441703
44003443512,44003443513
44007442806,44007442807
44007440805,44007440810
44001440103,44001440104
44001440103,44003443515
44007442842,44007442851
44007443902,44007443905
44007440718,44007440721
44007442408,44007443101
44007440804,44007443909
44007440810,44007441711
44009442303,44009442309
44007441706,44007441708
44007442852,44007442855
44003443502,44003443504
44003443528,44003443531
44003443508,44003443509
44007442833,44007442868
44003443513,44003443524
44005442705,44005442708
44007442822,44007442828
44009441401,44009442902
44007442624,44007442628
44007442607,44007442815
44007442804,44007442810
44005442705,44005442707
44007442822,44007442864
44007443905,44007443910
44007441705,44007441708
44007442852,44007442857
44001443402,44001443403
44007440723,44007442829
44007442827,44007442829
44003440603,44007443002
44003443805,44007440707
44001440102,44001440103
44007440730,44007441602
44003443529,44003443807
44007442876,44007442878
44007440406,44007440810
44009440504,44009443210
44007442828,44007442833
44007441001,44007442805
44003443526,44003443531
44007440702,44007442877
44007441011,44007441018
44003443518,44003443520
44007441603,44007442877
44007440701,44007440702
44007442616,44007442622
44007442619,44007442624
44003443806,44007440708
44007443901,44007443910
44007442805,44007442808
44003440903,44003443527
44007442858,44007442859
44001440101,44007441013
44007440811,44007441711
44007442407,44007442408
44007441610,44007443102
44003443807,44003443808
44003443504,44003443505
44005442701,44005442708
44007442504,44007443912
44003443704,44009441103
44001440201,44001443402
44005443301,44005443304
44005441801,44005443306
44005441903,44005442102
44007442863,44007442867
44007442602,44007442603
44007442845,44007442846
44005441903,44005442105
44007440306,44007442501
44003443511,44007440728
44009442004,44009443208
44005441904,44005442109
44007441612,44007441613
44007442840,44007442862
44001440202,44001440208
44007442603,44007442604
44007440811,44007440812
44007443102,44007443106
44007442621,44007442623
44007442608,44007442816
44003440901,44003443702
44007443001,44007443003
44009441102,44009441403
44007441707,44007442603
44003443513,44003443514
44003443531,44003443809
44007441001,44007441002
44003443515,44003443519
44007442403,44007442411
44005442708,44005443307
44005ZZZZZZ,44009442005
44007442602,44007442605
44007442875,44007442876
44007442833,44007442879
44007440717,44007440721
44007441608,44007441611
44003443527,44009442304
44007440702,44007441603
44007442601,44007442602
44009443602,44009443603
44007440731,44007441603
44007442803,44007442818
44003443703,44003443704
44007442862,44007442866
44007442824,44007442870
44003443508,44007440715
44007442601,44007442603
44007442847,44007442865
44003443501,44003443514
44007441302,44007441303
44007442410,44007442414
44007443903,44007443912
44005441502,44009442002
44007440712,44007440720
44007441012,44007441014
44007440713,44007440729
44007442625,44007442627
44003443520,44003443521
44007440812,44007441705
44007440401,44007442613
44007441604,44007441605
44007440702,44007440703
44007441605,44007441612
44007442615,44007442625
44007442605,44007442606
44007441008,44007442809
44007442611,44007442613
44007442601,44007442606
44007440707,44007440730
44007443909,44007443910
44007442864,44007442870
44005442103,44005442104
44007442614,44007442617
44007441601,44007441604
44007442855,44007442856
44007441010,44007442834
44007441606,44007441611
44007442826,44007442831
44001440205,44001443402
44009440501,44009443607
44007440721,44007440722
44007442877,44007442878
44007441014,44007441016
44009441401,44009443606
44007441704,44007442606
44007442835,44007442839
44003440603,44003440608
44003443509,44003443511
44001440105,44001443403
44007440717,44007440718
44005441502,44005ZZZZZZ
44007442814,44007442820
44009442302,44009442304
44009440501,44009441401
44007440301,44007440302
44007442505,44007443906
44009443606,44009443607
44003443513,44003443521
44007442626,44007442627
44009443202,44009443204
44003443506,44003443513
44003440606,44003440611
44003440903,44003440904
44005441502,44009442003
44007440706,44007440730
44007442612,44007442614
44001440203,44005442701
44007441011,44007441013
44007442846,44007442854
44007441701,44007442416
44007440801,44007440803
44007442809,44007442833
44007442606,44007442611
44005441903,44005442101
44007440724,44007441012
44005442707,44005442708
44007440306,44007441301
44007441702,44007441703
44007442810,44007442839
44009440503,44009443605
44007442874,44007442877
44007442413,44007442604
44003440606,44007443002
44007443905,44007443909
44001440204,44001440206
44001440201,44001440204
44005441501,44005441904
44007441604,44007441607
44001440206,44001440209
44003443512,44003443514
44007440723,44007442832
44007440303,44007440306
44007441201,44007441202
44007441709,44007443106
44003443520,44003443522
44003440612,44003443807
44003443506,44003443508
44003440616,44003443702
44007442405,44007442410
44007442870,44007442878
44007441606,44007442406
44003440601,44003443802
44007443901,44007443911
44007440713,44007440717
44003443523,44003443526
44007442803,44007442805
44001440105,44003443519
44009441102,44009443206
44007442850,44007442855
44007441013,44007441017
44007442813,44007442844
44007442614,44007442616
44007442807,44007442835
44003443518,44003443527
44007441607,44007441608
44007443103,44007443105
44007440813,44007443909
44007440709,44007440713
44003443529,44003443530
44003443511,44007440729
44007441608,44007442850
44007442403,44007443101
44007441004,44007442629
44007441613,44007443003
44007441706,44007443106
44003443515,44003443516
44009443601,44009443607
44007442415,44007442603
44007441708,44007443106
44007442403,44007442407
44003440613,44003443702
44007440725,44007442871
44009441401,44009443607
44009442305,44009442306
44007442617,44007442625
44007442412,44007442416
44005441905,44005442701
44005442101,44005442103
44007441013,44007441014
44009442005,44009443208
44007442816,44007442817
44005441904,44005441905
44007441002,44007442808
44007441609,44007441612
44003443506,44003443509
44007441709,44007442501
44003443505,44003443508
44005442103,44005442108
44003443507,44003443526
44007442867,44007442869
44007442851,44007442853
44003443508,44007440714
44007440306,44007442503
44003443518,44003443519
44003443508,44007440713
44009441101,44009442306
44003443506,44003443524
44009442301,44009442302
44007441601,44007441603
44005442102,44005442103
44009441102,44009441103
44007442617,44007442629
44007441003,44007441009
44003443533,44003443807
44007442812,44007442818
44003440601,44003440602
44003443509,44007440729
44007442610,44007442611
44003443529,44003443532
44003440605,44007441202
44007440702,44007440722
44007442614,44007442620
44003440607,44007443002
44003440609,44003440615
44007442403,44007442404
44007442815,44007442816
44003443533,44003443804
44007441701,44007442411
44007442806,44007442836
44007442835,44007442836
44007442867,44007442870
44003440603,44003440610
44007441604,44007441612
44003443801,44003443810
44007442411,44007442412
44009442303,44009442307
44007442827,44007442871
44007442623,44007442629
44007442826,44007442828
44007442602,44007442604
44007442803,44007442806
44003443502,44003443514
44007440728,44007440729
44009441101,44009442301
44007441002,44007441008
44007442801,44007442836
44007442855,44007442863
44007440703,44007440719
44003440902,44003443809
44003443514,44003443515
44007442837,44007442841
44007440812,44007441708
44009441103,44009443206
44007442835,44007442837
44007442855,44007442858
44007440808,44007440809
44003440901,44003443704
44003443509,44003443510
44005441501,44005441502
44007440705,44007440722
44007442622,44007442623
44007443902,44007443911
44007440402,44007440406
44009443602,44009443605
44007442801,44007442837
44003443804,44003443805
44007440710,44007440713
44009440501,44009440502
44003443808,44003443809
44007442602,44007442631
44007442861,44007442863
44003440609,44003440618
44007442819,44007442880
44007440721,44007440726
44009442004,44009443202
44005441501,44005442701
44007442414,44007442821
44007442616,44007442620
44001440105,44001443401
44007441201,44007443001
44001440206,44001440207
44007441603,44007441604
44007440701,44007440705
44007440701,44007442870
44009442001,44009442004
44009442004,44009442005
44007440801,44007441708
44007443901,44007443902
44003443501,44007441015
44007440803,44007440813
44003443515,44007441015
44007442824,44007442828
44003440905,44003443704
44007440724,44007440727
44003440605,44007443002
44001440202,44001440204
44003440602,44003443807
44007440703,44007440716
44007442847,44007442848
44007442607,44007442627
44007442602,44007442608
44003443519,44005442701
44007442866,44007442868
44007442843,44007442851
44007442602,44007442819
44007441606,44007441610
44007441610,44007442409
44003443503,44003443505
44007442606,44007442610
44007440301,44007440303
44003440610,44003440612
44009441101,44009443203
44003443504,44007440727
44007441002,44007441003
44007442862,44007442868
44007442810,44007442840
44005442702,44005442705
44005441905,44005442708
44007442864,44007442873
44009442305,44009442309
44003443511,44007440709
44007442811,44007442820
44003440605,44003440618
44003440604,44003440612
44007440712,44007440713
44005441903,44005441904
44007440715,44007440725
44007441014,44007441017
44007442812,44007442814
44009442004,44009443205
44007442875,44007442877
44003440904,44003443527
44005ZZZZZZ,44009442001
44007442617,44007442626
44007442875,44007442878
44007442817,44007442818
44007440810,44007440811
44005441502,44009442303
44007442814,44007442819
44007440401,44007440406
44009440502,44009443209
44003440613,44003440616
44007442613,44007442627
44007442605,44007442610
44007442829,44007442832
44009443202,44009443203
44003440601,44003440610
44007441014,44007441015
44003440607,44003440608
44005442101,44005442105
44003440904,44009442301
44005ZZZZZZ,44009442004
44007442803,44007442817
44007440731,44007441602
44007442828,44007442830
44007442501,44007443104
44003443501,44003443515
44009440503,44009443210
44007443903,44007443904
44007441301,44007441302
44003443803,44003443807
44005442705,44005442706
44007440706,44007440731
44009443603,44009443604
44007442842,44007442843
44003440606,44003440607
44007440707,44007440708
44007442855,44007442859
44003440901,44003443808
44007441701,44007443101
44007442815,44007442817
44007442801,44007442813
44001440204,44001440205
44007441015,44007441017
44007442844,44007442854
44007441702,44007441709
44009442001,44009442002
44005441902,44005ZZZZZZ
44003443510,44003443511
44007442620,44007442621
44003440605,44003440606
44009442302,44009442303
44007442853,44007442858
44007440303,44007441301
44007440718,44007440722
44005442706,44005442707
44007442818,44007442880
44007442404,44007442406
44007442861,44007442864
44007440706,44007440708
44007442860,44007442863
44007442855,44007442860
44007440708,44007440709
44005441502,44009442308
44007441704,44007441711
44007442602,44007442606
44007442505,44007443907
44007442849,44007442854
44005442106,44005442108
44007442502,44007442505
44007442813,44007442842
44007441702,44007441708
44007442615,44007442617
44005441502,44005442701
44007442838,44007442839
44007441001,44007441004
44003443532,44007440708
44007442607,44007442608
44001440104,44001440105
44003440613,44003440901
44007442415,44007442604
44009441402,44009442902
44007440716,44007440719
44003440602,44003440612
44007442620,44007442622
44007443101,44007443102
44007442822,44007442866
44007442609,44007442611
44007442821,44007442844
44009443203,44009443204
44007441010,44007441018
44003443501,44003443502
44003443529,44003443533
44007441202,44007443002
44007440806,44007440808
44007442407,44007443101
44003443503,44003443512
44003443804,44003443810
44007443001,44007443002
44001440103,44003443519
44007441008,44007442808
44005442105,44005442108
44001440201,44001440203
44001440205,44001440206
44007442824,44007442871
44003440608,44003440614
44007440804,44007440813
44007442501,44007443905
44003443801,44003443805
44007443904,44007443906
44003440601,44003443801
44003443807,44003443809
44007442413,44007442416
44001440102,44007441017
44007442848,44007442865
44003440901,44003443809
44003440905,44009442301
44007440807,44007440808
44007440711,44007440720
44007442402,44007442849
44003440612,44003440613
44005441501,44005442109
44009442302,44009442309
44009443202,44009443205
44007442628,44007442629
44003443514,44003443517
44003443807,44003443810
44007440811,44007441705
44007443105,44007443106
44007440809,44007440813
44009440503,44009440504
44007440301,44007441301
44009442307,44009442308
44003443802,44003443810
44007442813,44007442841
44003443528,44003443530
44007440711,44007440719
44009443209,44009443210
44003443507,44003443510
44001440102,44007441015
44003443703,44009441102
44007442408,44007442409
44007441007,44007441018
44007442411,44007442414
44003443521,44003443524
44007442814,44007442821
44007440807,44007440809
44007442608,44007442631
44009440503,44009443601
44003443532,44003443533
44007440710,44007440715
44007441605,44007441613
44007440712,44007440718
44007441608,44007442874
44007442412,44007442820
44003440903,44003443531
44007440724,44007441011
44007442812,44007442819
44007442811,44007442812
44001440204,44001440209
44003443505,44007440714
44007442801,44007442835
44007441705,44007441711
44007440803,44007440809
44001440207,44005443301
44007442827,44007442832
44003440608,44003440611
44007441701,44007441704
44007442832,44007442834
44007442859,44007442862
44007441202,44007443001
44007441001,44007442630
44001440208,44001440209
44007441605,44007443001
44007442809,44007442879
44007441301,44007441304
44005442704,44005442707
44007442848,44007442863
44007442849,44007442850
44007442413,44007442415
44005442102,44005442104
44005443303,44005443304
44007441606,44007442409
44007441004,44007442628
44007442401,44007442406
44003440608,44007443002
44007440711,44007440716
44007443102,44007443103
44003443528,44003443529
44007442833,44007442840
44009443208,44009443209
44007440801,44007441702
44007442613,44007442615
44007441701,44007441706
44007440805,44007440811
44003443701,44003443703
44007440715,44007440717
44007440404,44007440407
44007441610,44007442408
44007440714,44007440715
44003440603,44007440730
44005442704,44005442706
44007442865,44007442875
44007440725,44007440727
44001440207,44001440208
44001440102,44001440104
44009442002,44009442003
44009440501,44009440503
44007441703,44007442501
44007442839,44007442840
44009442306,44009443201
44009443601,44009443602
44007441701,44007441708
44007442837,44007442858
44007442865,44007442867
44007441611,44007441612
44007441601,44007442874
44003440601,44003443805
44003443513,44003443517
44007440805,44007440812
44005441801,44005442708
44007440810,44007441710
44007440402,44007440404
44007442627,44007442630
44007442842,44007442844
44007441007,44007441009
44007440802,44007440807
44003440602,44003443802
44003443520,44003443523
44007442614,44007442615
44007441009,44007442834
44007442819,44007442820
44009440502,44009440504
44005442702,44005442704
44005443304,44005443305
44009442001,44009443201
44007442616,44007442623
44007442826,44007442827
44007442837,44007442839
44003440605,44003440617
44007440408,44007441710
44007441701,44007441707
44003443519,44003443527
44007440305,44007441301
44007442847,44007442855
44003440604,44003443807
44005442701,44005442702
44001440206,44001443402
44009442901,44009443207
44007443905,44007443908
44007443906,44007443907
44007440714,44007440725
44009443601,44009443605
44003443508,44007440729
44007442842,44007442853
44003443804,44007440707
44003443508,44003443512
44007441003,44007441006
44007441301,44007441303
44007441602,44007441603
44007441301,44007443003
44007442803,44007442804
44007443910,44007443911
44007440301,44007440304
44007442607,44007442611
44003440607,44003440611
44009443203,44009443207
44007442623,44007442628
44001440203,44001440207
44009443204,44009443205
44005442707,44005443307
44007440802,44007440809
44009443604,44009443605
44007442845,44007442849
44007442602,44007442880
44005443303,44005443305
44007441707,44007442416
44007442613,44007442614
44007441703,44007441709
44007440801,44007440806
44007440706,44007440707
44009442305,44009442307
44007442823,44007442825
44003443517,44003443518
44003443523,44003443527
44007442824,44007442827
44003443530,44003443809
44007442616,44007442629
44007440401,44007440402
44007441011,44007441012
44007442810,44007442833
44007442821,44007442846
44007440401,44007440404
44009440502,44009443208
44007441610,44007441612
44005441902,44005442105
44001440202,44001440203
44003440609,44003440611
44007442831,44007442834
44009442901,44009442902
44005442101,44005442108
44007442813,44007442818
44003443508,44007440710
44003443701,44003443704
44007441609,44007441611
44007440721,44007442824
44007440404,44007440405
44007442607,44007442609
44007442847,44007442860
44005442104,44005442108
44007442802,44007442804
44007442811,44007442844
44003443507,44003443528
44003443801,44003443804
44005442102,44005442109
44007440704,44007440721
44007442627,44007442629
44003443530,44003443533
44005441501,44005441905
44003440904,44009442302
44007441704,44007442601
44009442301,44009442305
44003440902,44003440905
44005442703,44005443301
44007442869,44007442875
44007442837,44007442859
44007442812,44007442813
44003440614,44003443702
44007440306,44007441304
44007442505,44007443904
44005441901,44005441902
44005442704,44005443304
44001440104,44007441013
44005441903,44005442109
44009442003,44009443201
44007442405,44007442406
44007441016,44007441017
44007443104,44007443106
44007442823,44007442870
44007442803,44007442808
44009442002,44009443201
44007440702,44007440705
44007442412,44007442414
44007442612,44007442613
44007442848,44007442860
44007440404,44007440408
44007442804,44007442806
44007442402,44007442406
44009443207,44009443208
44007441009,44007442831
44003443518,44003443521
44007442504,44007443904
44001440105,44005442701
44007440725,44007442872
44007443902,44007443906
44007442626,44007442629
44007440403,44007440405
44003443702,44003443704
44007442807,44007442810
44007440305,44007440306
44009441401,44009441402
44007441610,44007443103
44001440101,44007441016
44007440730,44007443002
44005442701,44009442304
44007440719,44007440722
44003440902,44003440904
44007440303,44007440305
44003443521,44003443522
44007440805,44007440806
44007442822,44007442868
44005441502,44009442307
44007442618,44007442619
44003440902,44003443531
44005442107,44005ZZZZZZ
44003443511,44003443529
44001440207,44005442703
44007440727,44007441015
44001440105,44001440203
44007442811,44007442821
44007440705,44007442870
44007440302,44007440304
44007442615,44007442627
44003443511,44003443532
44007442621,44007442624
44007442841,44007442853
44007440403,44007440404
44007440704,44007440705
44007441002,44007441005
44007442802,44007442808
44009442306,44009442308
44007442811,44007442813
44007443904,44007443912
44007442854,44007442855
44003440603,44003443805
44001440203,44001443403
44007440401,44007442611
44003440611,44003440614
44005442703,44005443304
44007442502,44007442503
44007442405,44007442414
44005442105,44005442106
44007442629,44007442630
44007441604,44007441608
44007442416,44007442603
44003443516,44003443517
44007442851,44007442854
44007442412,44007442819
44009440502,44009443207
44007442827,44007442872
44007440723,44007442872
44005443302,44005443303
44007440725,44007440726
44005443305,44005443306
44007442856,44007442858
44003443510,44003443524
44007443902,44007443903
44003440608,44003440612
44005442708,44005ZZZZZZ
44007441601,44007441607
44001440206,44005443301
44001440207,44005442701
44005441501,44005442106
44007440806,44007440812
44007441603,44007442874
44003443507,44003443525
44007442415,44007442416
44007442865,44007442869
44007442625,44007442626
44007440404,44007440406
44007442845,44007442854
44007440709,44007440728
44007440730,44007443001
44007442805,44007442815
44007442607,44007442631
44003443505,44007440725
44009441101,44009443206
44007442811,44007442814
44009441402,44009441403
44001440104,44001443402
44007440803,44007441703
44003440611,44003440615
44003443701,44003443702
44007441701,44007443106
44003443501,44007440727
44003440617,44003443701
44003443803,44003443810
44007442823,44007442824
44007442404,44007442409
44007440718,44007440720
44009443204,44009443207
44007441006,44007441007
44009442303,44009442304
44001440206,44001440208
44007440406,44007441710
44003440904,44003440905
44003440617,44003440618
44005442106,44005442109
44009443602,44009443604
44007442864,44007442866
44007442607,44007442610
44003440604,44003440901
44007440718,44007440719
44003440608,44003440610
44003443502,44003443512
44007440706,44007440716
44007440806,44007440807
44007440723,44007441011
44007441611,44007442402
44007440701,44007442877
44003443503,44003443504
44007440701,44007442878
44003440614,44003440616
44007441604,44007441609
44003443804,44003443806
44007442838,44007442862
44007442401,44007442845
44007441003,44007441008
44007440705,44007442824
44009441101,44009441103
44007440403,44007442611
44003440901,44003440902
44005443304,44005443307
44007440715,44007440726
44007440302,44007441303
44007442411,44007442416
44007442612,44007442618
44007440704,44007442824
44009443205,44009443208
44005ZZZZZZ,44009442002
44007441011,44007442834
44007440709,44007440712
44007441602,44007441604
44009440501,44009440504
44007442871,44007442872
44007443907,44007443908
44007442844,44007442846
44007441009,44007442879
44007442501,44007443908
44007442856,44007442857
44009442003,44009442308
44007442816,44007442880
44007442804,44007442809
44003443532,44003443806
44005442106,44005442107
44007442802,44007442809
44007440801,44007440812
44007441611,44007442849
44005441901,44005441905
44009442307,44009442309
44007442857,44007442858
44007442850,44007442874
44007442822,44007442825
44007440706,44007441602
44009441102,44009442901
44003443525,44003443526
44007440406,44007442613
44007442404,44007442405
44005443301,44005443302
44005442701,44005442704
44007441602,44007443001
44007443905,44007443907
44007440716,44007440731
44007440803,44007441702
44007442861,44007442866
44003440901,44003440905
44005443302,44005443304
44007442851,44007442857
44003443524,44003443525
44003443532,44003443804
44007440703,44007441603
44007440405,44007440408
44007442805,44007442817
44007442853,44007442857
44007442865,44007442874
44007442412,44007442413
44003443801,44003443802
44003440618,44003443701
44009441102,44009442902
44007441302,44007443003
44007442502,44007442504
44009442004,44009443201
44007442847,44007442874
44003440606,44003440609
44007441001,44007442815
44007442840,44007442868
44003440904,44009442304
44007441704,44007441705
44007440801,44007440807
44007442852,44007442856
44005441502,44005442106
44007441009,44007441010
44007440303,44007440304
44007440405,44007442606
44007440406,44007440407
44007442808,44007442809
44003440604,44003440613
44007442410,44007442411
44007442841,44007442858
44007442831,44007442879
44007442859,44007442863
44007441009,44007442809
44003443704,44009441102
44007442817,44007442880
44007442869,44007442870
44007442809,44007442810
44007442823,44007442873
44003440604,44003443808
44007442843,44007442844
44007442823,44007442828
44001440207,44005442704
44007441009,44007441018
44009440503,44009443607
44001440102,44003443515
44007442823,44007442864
44005442104,44005442106
44007442627,44007442815
44007443905,44007443906
44005441801,44005ZZZZZZ
44007442501,44007442502
44009443206,44009443207
44007442403,44007442408
44009443201,44009443202
44005443306,44005443307
44007442874,44007442875
