0,5,1417.0
0,11,1561.0
0,12,1160.0
0,13,1032.0
0,14,600.0
0,15,832.0
0,16,2029.0
0,17,687.0
0,18,379.0
0,19,561.0
0,20,2025.0
0,21,647.0
0,22,2115.0
0,23,666.0
0,24,1055.0
0,25,1668.0
0,26,626.0
0,27,769.0
0,28,399.0
0,29,1063.0
0,31,563.0
0,32,606.0
0,33,863.0
0,36,1214.0
0,37,693.0
0,38,720.0
0,41,961.0
0,50,412.0
0,58,464.0
0,59,929.0
0,60,1120.0
0,61,1020.0
0,62,697.0
0,63,399.0
0,65,696.0
0,66,1046.0
0,83,889.0
0,84,542.0
0,108,796.0
0,209,614.0
0,210,1670.0
0,211,703.0
0,232,1890.0
0,233,1640.0
0,272,978.0
0,273,362.0
0,274,2137.0
0,275,633.0
0,285,1323.0
0,297,1716.0
0,298,955.0
0,299,921.0
0,300,1938.0
0,309,1047.0
0,310,654.0
0,311,1183.0
0,312,889.0
0,315,1741.0
3,321,866.0
0,322,1479.0
0,323,1219.0
0,324,861.0
0,325,532.0
0,327,478.0
0,328,638.0
0,353,545.0
0,354,814.0
0,355,658.0
0,356,706.0
0,357,718.0
0,360,1532.0
0,368,1050.0
0,369,430.0
0,370,745.0
0,371,535.0
0,372,676.0
0,373,821.0
0,374,1722.0
0,375,336.0
0,376,1402.0
0,377,973.0
0,378,1405.0
0,379,937.0
0,380,1650.0
0,381,1905.0
0,382,1995.0
0,389,818.0
0,390,2705.0
0,394,507.0
0,398,1423.0
0,414,1414.0
0,415,633.0
0,416,899.0
0,417,1554.0
0,418,810.0
0,419,1475.0
0,420,1571.0
0,421,603.0
0,422,529.0
0,423,524.0
0,424,800.0
0,430,2230.0
0,431,1060.0
0,432,976.0
0,433,995.0
0,434,610.0
0,435,560.0
0,436,118.0
0,437,1404.0
0,449,887.0
0,450,502.0
0,498,1192.0
0,499,1245.0
0,500,1501.0
0,501,930.0
0,502,954.0
0,503,1708.0
0,504,1370.0
0,506,1564.0
0,514,860.0
0,521,1419.0
0,522,2432.0
0,523,1050.0
0,525,1437.0
0,526,2123.0
0,527,906.0
0,528,333.0
0,529,2926.0
0,530,761.0
0,553,352.0
0,554,521.0
0,555,952.0
0,556,1034.0
0,557,483.0
0,558,542.0
0,559,807.0
0,563,1029.0
0,564,1353.0
0,565,1240.0
0,581,763.0
0,582,1437.0
0,583,733.0
0,584,766.0
0,585,759.0
0,622,533.0
0,623,1454.0
0,652,1490.0
0,653,1758.0
0,654,740.0
0,660,1344.0
0,661,1176.0
0,662,1125.0
0,663,1390.0
0,664,1352.0
0,668,1056.0
0,669,926.0
0,691,1487.0
0,692,1201.0
0,693,1804.0
0,694,932.0
0,695,715.0
0,696,1220.0
0,697,1529.0
0,698,409.0
0,699,682.0
0,703,1177.0
0,704,1235.0
0,705,11.0
0,706,834.0
0,707,1097.0
0,711,564.0
0,719,683.0
0,746,808.0
0,747,482.0
0,759,964.0
0,761,1402.0
0,762,1040.0
0,763,1474.0
0,764,1367.0
0,772,1126.0
0,773,1257.0
0,778,853.0
0,779,456.0
0,790,1536.0
0,791,852.0
0,795,701.0
0,796,689.0
0,800,1191.0
0,801,1106.0
0,802,994.0
0,803,527.0
0,809,2058.0
0,810,168.0
0,811,725.0
0,815,1781.0
0,816,548.0
0,817,1671.0
0,820,671.0
0,821,993.0
0,822,549.0
0,852,725.0
0,868,616.0
0,878,942.0
0,879,852.0
0,880,415.0
0,881,1516.0
0,882,449.0
0,883,459.0
0,884,830.0
0,895,940.0
0,896,1690.0
0,916,1144.0
0,917,900.0
0,918,963.0
0,919,395.0
0,920,1513.0
0,921,1680.0
0,922,1091.0
0,933,848.0
0,947,583.0
0,948,846.0
0,949,458.0
0,950,687.0
0,951,770.0
0,964,328.0
0,965,1237.0
0,966,1431.0
0,989,1922.0
0,1001,867.0
0,1002,1174.0
0,1019,1013.0
0,1042,1378.0
0,1043,960.0
0,1044,722.0
0,1045,971.0
0,1046,1341.0
0,1051,968.0
0,1052,721.0
0,1067,769.0
0,1068,762.0
0,1074,631.0
0,1075,1423.0
0,1076,851.0
0,1078,890.0
0,1125,907.0
0,1126,1987.0
0,1131,1471.0
0,1132,1579.0
0,1133,410.0
0,1134,509.0
0,1140,310.0
0,1141,858.0
0,1142,472.0
0,1144,1413.0
0,1145,640.0
0,1146,517.0
0,1147,1009.0
0,1148,720.0
0,1149,342.0
0,1150,1662.0
0,1156,2949.0
0,1171,852.0
0,1173,1337.0
0,1174,310.0
0,1181,1101.0
0,1183,1533.0
0,1184,1129.0
0,1185,1200.0
0,1186,763.0
0,1193,656.0
0,1194,669.0
0,1195,1230.0
0,1199,290.0
0,1200,547.0
0,1202,713.0
0,1203,1141.0
0,1204,695.0
0,1297,1664.0
0,1298,965.0
0,1300,1278.0
0,1301,1857.0
0,1302,823.0
0,1303,1603.0
0,1304,1499.0
0,1307,1202.0
0,1308,1993.0
0,1309,742.0
0,1310,703.0
0,1325,1689.0
0,1326,1434.0
0,1327,1297.0
0,1328,1425.0
0,1329,1669.0
0,1332,1038.0
0,1333,1970.0
0,1380,1206.0
0,1381,1301.0
0,1385,1407.0
0,1386,1223.0
0,1387,1201.0
0,1388,769.0
0,1389,875.0
0,1390,956.0
0,1398,1834.0
0,1399,306.0
0,1404,1272.0
0,1405,873.0
0,1406,1119.0
0,1409,1685.0
0,1411,715.0
0,1416,1270.0
0,1419,1380.0
0,1421,594.0
0,1430,1182.0
0,1431,504.0
0,1434,1533.0
0,1435,502.0
0,1441,586.0
0,1442,861.0
0,1451,298.0
0,1458,1026.0
0,1459,503.0
0,1466,1805.0
0,1467,1107.0
0,1468,925.0
0,1470,2209.0
0,1471,2197.0
0,1483,437.0
0,1489,499.0
0,1490,1324.0
0,1491,1193.0
0,1492,1177.0
0,1504,1335.0
0,1528,1540.0
0,1540,1063.0
0,1541,511.0
0,1542,1714.0
0,1543,2343.0
0,1547,536.0
0,1556,632.0
0,1561,536.0
0,1577,740.0
0,1585,901.0
0,1601,918.0
0,1602,1283.0
0,1603,1411.0
0,1616,845.0
0,1617,1312.0
0,1618,1227.0
0,1619,1508.0
0,1627,1450.0
0,1628,385.0
0,1629,777.0
0,1630,710.0
0,1631,1208.0
0,1636,1211.0
0,1637,729.0
0,1638,1542.0
0,1639,418.0
0,1643,891.0
0,1644,576.0
0,1650,1949.0
0,1656,1125.0
0,1657,1186.0
0,1658,590.0
0,1676,959.0
0,1685,503.0
0,1686,946.0
0,1687,1300.0
0,1688,729.0
0,1689,1247.0
0,1712,1868.0
0,1717,1252.0
0,1739,835.0
0,1740,1700.0
0,1746,1257.0
0,1747,981.0
0,1761,2051.0
0,1762,568.0
0,1765,690.0
0,1769,1360.0
0,1770,819.0
0,1771,1037.0
0,1772,1285.0
0,1773,817.0
0,1777,843.0
0,1778,829.0
0,1779,786.0
0,1781,645.0
0,1782,444.0
0,1790,321.0
0,1791,516.0
0,1792,734.0
0,1807,1001.0
0,1810,2920.0
0,1813,784.0
0,1814,805.0
0,1831,555.0
0,1832,338.0
0,1835,910.0
0,1836,1338.0
0,1837,1650.0
0,1838,1550.0
0,1839,2449.0
0,1841,1190.0
0,1867,375.0
0,1887,324.0
0,1888,769.0
0,1889,430.0
0,1890,1085.0
0,1892,1027.0
0,1893,632.0
0,1894,646.0
0,1895,845.0
0,1896,64.0
0,1911,782.0
0,1912,1302.0
0,1927,2110.0
0,1928,449.0
0,1936,652.0
0,1937,348.0
0,1938,1055.0
0,1940,480.0
0,1941,215.0
0,1942,798.0
0,1943,626.0
0,1944,858.0
0,1947,1074.0
0,1952,432.0
0,1953,691.0
0,1954,489.0
0,1955,742.0
0,1956,86.0
0,1957,1175.0
0,1975,1004.0
0,1976,275.0
0,2015,1538.0
0,2020,787.0
0,2021,736.0
0,2028,396.0
0,2037,741.0
0,2038,562.0
0,2039,645.0
0,2054,901.0
0,2055,574.0
0,2058,1030.0
0,2060,882.0
0,2063,798.0
0,2064,1732.0
0,2068,469.0
0,2075,1105.0
0,2076,976.0
0,2077,590.0
0,2078,1571.0
0,2079,1273.0
0,2080,500.0
0,2081,538.0
0,2088,1313.0
0,2096,736.0
0,2101,1453.0
0,2102,500.0
0,2105,1034.0
0,2113,794.0
0,2114,1033.0
0,2115,769.0
0,2119,1053.0
0,2120,558.0
0,2123,825.0
0,2133,1300.0
0,2135,729.0
0,2136,1910.0
0,2137,939.0
0,2138,2414.0
0,2139,1084.0
0,2151,639.0
0,2160,660.0
0,2169,956.0
0,2174,1750.0
0,2176,963.0
0,2177,1302.0
0,2178,1175.0
0,2179,1127.0
0,2180,1021.0
0,2181,1500.0
0,2184,2170.0
0,2185,2167.0
0,2186,1338.0
0,2187,1172.0
0,2188,1067.0
0,2209,805.0
0,2211,804.0
0,2212,1877.0
0,2228,792.0
0,2230,566.0
0,2236,851.0
0,2237,310.0
0,2238,853.0
0,2239,441.0
0,2240,512.0
0,2241,885.0
0,2242,920.0
0,2271,734.0
0,2272,670.0
0,2280,2303.0
0,2281,1166.0
0,2284,1386.0
0,2285,1360.0
0,2289,794.0
0,2290,507.0
0,2291,1178.0
0,2309,927.0
0,2310,1439.0
0,2311,1053.0
0,2312,816.0
0,2313,343.0
0,2314,1054.0
0,2317,1673.0
0,2321,1080.0
0,2323,620.0
0,2324,825.0
0,2327,703.0
0,2329,902.0
0,2375,579.0
0,2376,761.0
0,2378,634.0
0,2381,953.0
0,2382,1832.0
0,2383,2968.0
0,2384,2190.0
0,2385,1340.0
0,2409,815.0
0,2410,919.0
0,2411,670.0
0,2412,512.0
0,2416,926.0
0,2417,350.0
0,2418,195.0
0,2422,825.0
0,2423,714.0
0,2430,1225.0
0,2434,1723.0
0,2439,894.0
0,2447,873.0
0,2451,549.0
0,2466,907.0
0,2477,595.0
0,2484,375.0
0,2494,456.0
0,2505,1730.0
0,2506,1454.0
0,2538,987.0
0,2546,621.0
0,2547,460.0
0,2548,1283.0
0,2551,1157.0
0,2552,836.0
0,2553,571.0
0,2565,555.0
0,2576,1103.0
0,2577,570.0
0,2598,503.0
0,2600,645.0
0,2621,274.0
0,2622,248.0
0,2623,533.0
0,2624,534.0
0,2634,562.0
0,2635,978.0
0,2638,901.0
0,2640,206.0
0,2656,1228.0
0,2665,701.0
0,2683,875.0
0,2694,86.0
0,2696,969.0
0,2697,1082.0
0,2698,769.0
0,2707,479.0
0,2709,657.0
0,2710,979.0
0,2711,1512.0
0,2713,1234.0
0,2714,843.0
0,2715,252.0
0,2716,9.0
0,2717,1098.0
0,2720,1487.0
0,2723,954.0
0,2728,754.0
0,2729,714.0
0,2736,600.0
0,2737,840.0
0,2738,1183.0
0,2739,1404.0
0,2758,1228.0
0,2767,410.0
0,2774,764.0
0,2778,1076.0
0,2781,504.0
0,2784,1383.0
0,2790,1528.0
0,2791,1650.0
0,2795,1191.0
0,2798,691.0
0,2799,471.0
0,2821,421.0
0,2824,1775.0
0,2825,1670.0
0,2827,1649.0
0,2833,1684.0
0,2836,980.0
0,2837,518.0
0,2838,954.0
0,2843,915.0
0,2845,1104.0
0,2846,319.0
0,2848,509.0
0,2855,1327.0
0,2856,633.0
0,2861,919.0
0,2862,1565.0
0,2866,539.0
0,2867,401.0
0,2874,442.0
0,2875,1799.0
0,2876,554.0
0,2878,1681.0
0,2879,489.0
0,2881,1238.0
0,2891,1100.0
0,2892,714.0
0,2905,887.0
0,2907,1770.0
0,2908,605.0
0,2911,2872.0
0,2914,581.0
0,2924,1420.0
0,2925,636.0
0,2926,536.0
0,2938,1169.0
0,2957,694.0
0,2965,709.0
0,2986,922.0
0,2987,1503.0
0,2990,470.0
0,2991,881.0
0,2992,533.0
0,2993,299.0
0,2999,645.0
0,3006,320.0
0,3007,697.0
0,3012,928.0
0,3013,279.0
0,3016,834.0
0,3019,1119.0
0,3020,1192.0
0,3021,1068.0
0,3025,447.0
0,3028,687.0
0,3029,947.0
0,3030,2438.0
0,3042,797.0
0,3045,725.0
0,3046,544.0
0,3063,456.0
0,3065,889.0
0,3067,805.0
0,3070,1096.0
0,3071,502.0
0,3072,365.0
0,3078,894.0
0,3085,1069.0
0,3087,448.0
0,3092,651.0
0,3093,413.0
0,3094,1773.0
0,3096,1507.0
0,3097,678.0
0,3098,1539.0
0,3105,1562.0
0,3106,855.0
0,3107,512.0
0,3134,1193.0
0,3137,1424.0
0,3139,729.0
0,3142,785.0
0,3156,566.0
0,3157,278.0
0,3158,87.0
0,3159,488.0
0,3170,532.0
0,3183,446.0
0,3184,1071.0
0,3191,779.0
0,3192,922.0
0,3198,1358.0
0,3209,160.0
0,3215,648.0
0,3238,1367.0
0,3241,1341.0
0,3242,740.0
0,3244,483.0
0,3245,937.0
0,3246,377.0
0,3249,509.0
0,3250,714.0
0,3255,915.0
0,3264,922.0
0,3286,871.0
0,3296,776.0
0,3297,255.0
0,3308,425.0
0,3309,639.0
0,3311,793.0
0,3324,2745.0
0,3327,474.0
0,3328,1046.0
0,3333,338.0
0,3334,942.0
0,3337,332.0
0,3345,1493.0
0,3349,825.0
0,3352,820.0
0,3353,208.0
0,3366,722.0
0,3367,560.0
0,3369,1093.0
0,3371,438.0
0,3373,826.0
0,3374,829.0
0,3376,917.0
0,3377,180.0
0,3386,247.0
0,3387,1255.0
0,3388,889.0
0,3389,1954.0
0,3399,597.0
0,3400,1090.0
0,3404,710.0
0,3407,874.0
0,3408,284.0
0,3410,473.0
0,3411,243.0
0,3415,1296.0
0,3417,1016.0
0,3418,532.0
0,3423,16.0
0,3424,882.0
0,3426,699.0
0,3437,1154.0
0,3441,627.0
0,3442,312.0
0,3449,400.0
0,3450,293.0
0,3453,608.0
0,3465,1208.0
0,3470,591.0
0,3476,451.0
0,3482,513.0
0,3485,768.0
0,3495,1659.0
0,3496,746.0
0,3510,745.0
0,3511,727.0
0,3512,649.0
0,3519,438.0
0,3531,1096.0
0,3540,613.0
0,3541,376.0
0,3545,389.0
0,3561,360.0
0,3573,500.0
0,3575,543.0
0,3577,732.0
0,3589,489.0
0,3593,286.0
0,3599,276.0
0,3609,817.0
0,3623,790.0
0,3625,915.0
0,3635,669.0
0,3650,106.0
0,3673,824.0
0,3683,169.0
0,3685,818.0
1,6,872.0
1,7,1166.0
1,30,1114.0
1,34,937.0
1,35,1522.0
1,42,980.0
1,43,743.0
1,57,893.0
1,64,1245.0
1,67,672.0
1,68,816.0
1,69,2662.0
1,70,723.0
1,71,2185.0
1,72,2491.0
1,73,2110.0
1,74,2525.0
1,75,1306.0
1,76,1641.0
1,77,1909.0
1,78,1644.0
1,117,677.0
1,118,1843.0
1,119,993.0
1,120,1892.0
1,121,1226.0
1,122,2042.0
1,123,2053.0
1,124,396.0
1,125,1666.0
1,126,1021.0
1,127,1087.0
1,128,1263.0
1,129,1218.0
1,130,2037.0
1,131,1098.0
1,143,2025.0
1,144,0.01
1,145,1119.0
1,146,1220.0
1,147,2069.0
1,162,1117.0
1,163,2055.0
1,164,1583.0
1,165,2103.0
1,166,2394.0
1,167,1079.0
1,168,687.0
1,169,1266.0
1,170,863.0
1,171,711.0
1,181,956.0
1,182,3628.0
1,206,680.0
1,212,822.0
1,216,1358.0
1,217,2654.0
1,218,849.0
1,219,890.0
1,229,791.0
1,230,1924.0
1,231,1113.0
1,238,1787.0
1,239,2004.0
1,240,2338.0
1,241,3106.0
1,254,1222.0
1,255,2581.0
1,256,961.0
1,260,1173.0
1,261,1372.0
1,308,876.0
1,313,1460.0
1,314,1014.0
1,316,2183.0
1,317,297.0
1,319,1920.0
1,329,950.0
1,330,2060.0
1,331,1051.0
1,332,1359.0
1,333,971.0
1,334,865.0
1,335,780.0
1,344,1152.0
1,345,1395.0
1,346,808.0
1,347,833.0
1,348,834.0
1,349,828.0
1,361,4479.0
1,387,1122.0
1,388,539.0
1,404,984.0
1,405,722.0
1,406,401.0
1,407,915.0
1,408,1120.0
1,409,922.0
1,410,791.0
1,411,926.0
1,413,1265.0
1,425,395.0
1,426,1621.0
1,427,724.0
1,438,2568.0
1,445,738.0
1,446,321.0
1,447,956.0
1,448,696.0
1,451,1590.0
1,452,1153.0
1,453,490.0
1,456,1244.0
1,457,645.0
1,459,2054.0
1,466,1140.0
1,467,1387.0
1,468,427.0
1,469,957.0
1,472,1284.0
1,473,840.0
1,483,1069.0
1,484,860.0
1,485,1198.0
1,494,795.0
1,531,1230.0
1,532,956.0
1,533,966.0
1,534,967.0
1,535,1164.0
1,544,1008.0
1,545,993.0
1,546,853.0
1,547,850.0
1,548,1250.0
1,549,565.0
1,550,616.0
1,551,2003.0
1,552,136.0
1,567,1685.0
1,568,2015.0
1,569,2584.0
1,570,1299.0
1,571,2456.0
1,572,928.0
1,573,1025.0
1,574,898.0
1,575,1067.0
1,576,378.0
1,577,362.0
1,578,1.0
1,579,1791.0
1,580,1042.0
1,591,1560.0
1,592,1666.0
1,593,1428.0
1,594,789.0
1,608,1228.0
1,609,1015.0
1,617,1773.0
1,634,1105.0
1,635,529.0
1,636,1559.0
1,637,1393.0
1,638,1628.0
1,642,1565.0
1,643,1403.0
1,644,604.0
1,645,1291.0
1,646,1328.0
1,647,700.0
1,648,1779.0
1,649,1141.0
1,650,1087.0
1,651,1571.0
1,655,1423.0
1,656,0.01
1,657,0.01
1,658,0.01
1,659,0.01
1,670,888.0
1,671,1991.0
1,672,1237.0
1,675,538.0
1,676,854.0
1,677,816.0
1,678,600.0
1,679,879.0
1,680,1435.0
1,681,1372.0
1,682,1547.0
1,683,1079.0
1,689,2327.0
1,700,858.0
1,701,1441.0
1,702,464.0
1,712,1164.0
1,720,2010.0
1,721,1596.0
1,722,3627.0
1,727,2879.0
1,728,1937.0
1,729,290.0
1,730,0.01
1,731,0.01
1,732,0.01
1,733,0.01
1,737,976.0
1,738,3748.0
1,742,2208.0
1,743,5201.0
1,744,10408.0
1,745,1407.0
1,780,1427.0
1,787,1501.0
1,788,988.0
1,789,961.0
1,797,1374.0
1,798,1172.0
1,806,1325.0
1,807,1359.0
1,808,1801.0
1,813,812.0
1,814,411.0
1,818,606.0
1,819,1649.0
1,845,3145.0
1,846,2146.0
1,847,1762.0
1,848,1651.0
1,849,2265.0
1,850,2478.0
1,874,1630.0
1,875,1077.0
1,876,1319.0
1,877,981.0
1,885,1633.0
1,886,1255.0
1,892,1460.0
1,893,1038.0
1,894,1258.0
1,923,1157.0
1,924,2300.0
1,925,1578.0
1,929,1547.0
1,930,2025.0
1,931,2053.0
1,940,1812.0
1,941,1141.0
1,945,749.0
1,946,1258.0
1,952,1140.0
1,953,594.0
1,954,1153.0
1,960,1769.0
1,961,1431.0
1,962,804.0
1,963,1418.0
1,967,1444.0
1,986,537.0
1,987,926.0
1,991,1983.0
1,1020,1678.0
1,1021,3054.0
1,1022,1479.0
1,1023,1248.0
1,1024,1626.0
1,1025,930.0
1,1053,869.0
1,1064,1440.0
1,1065,944.0
1,1066,1056.0
1,1070,444.0
1,1071,448.0
1,1072,682.0
1,1073,770.0
1,1077,1439.0
1,1079,1108.0
1,1080,708.0
1,1081,661.0
1,1082,771.0
1,1099,1114.0
1,1100,581.0
1,1101,1219.0
1,1103,708.0
1,1104,631.0
1,1106,1305.0
1,1107,719.0
1,1108,949.0
1,1109,1658.0
1,1110,1997.0
1,1111,1023.0
1,1112,1833.0
1,1113,1509.0
1,1114,2446.0
1,1115,1269.0
1,1116,1033.0
1,1117,1169.0
1,1118,1258.0
1,1123,481.0
1,1124,636.0
1,1135,402.0
1,1136,2093.0
1,1137,1032.0
1,1138,858.0
1,1139,1116.0
1,1143,1482.0
1,1205,959.0
1,1206,1603.0
1,1207,800.0
1,1208,1273.0
1,1212,1009.0
1,1213,2023.0
1,1214,820.0
1,1226,923.0
1,1227,537.0
1,1228,2038.0
1,1229,1380.0
1,1231,619.0
1,1236,1268.0
1,1237,396.0
1,1246,921.0
1,1290,720.0
1,1291,273.0
1,1292,747.0
1,1311,336.0
1,1312,1259.0
1,1313,4324.0
1,1314,483.0
1,1315,502.0
1,1316,268.0
1,1317,1011.0
1,1335,2224.0
1,1336,1804.0
1,1349,1255.0
1,1350,705.0
1,1351,930.0
1,1358,1675.0
1,1359,1398.0
1,1360,1853.0
1,1361,777.0
1,1363,798.0
1,1382,3184.0
1,1391,981.0
1,1392,1345.0
1,1393,692.0
1,1394,1073.0
1,1395,905.0
1,1396,493.0
1,1397,540.0
1,1400,998.0
1,1401,1158.0
1,1402,920.0
1,1403,959.0
1,1417,2762.0
1,1420,782.0
1,1432,397.0
1,1433,936.0
1,1437,2190.0
1,1438,883.0
1,1443,2305.0
1,1444,998.0
1,1445,2151.0
1,1448,688.0
1,1449,1208.0
1,1452,834.0
1,1457,775.0
1,1460,2310.0
1,1461,815.0
1,1462,1346.0
1,1472,829.0
1,1481,1472.0
1,1482,1072.0
1,1485,1911.0
1,1493,1920.0
1,1494,1397.0
1,1499,1396.0
1,1500,862.0
1,1501,896.0
1,1527,763.0
1,1532,2038.0
1,1533,2394.0
1,1534,1084.0
1,1535,1485.0
1,1536,1258.0
1,1537,1359.0
1,1539,401.0
1,1544,864.0
1,1545,2357.0
1,1546,1284.0
1,1550,570.0
1,1565,779.0
1,1571,1718.0
1,1572,1610.0
1,1578,939.0
1,1579,1878.0
1,1580,1481.0
1,1581,1002.0
1,1582,1814.0
1,1583,1000.0
1,1584,1254.0
1,1620,1053.0
1,1621,1919.0
1,1646,1284.0
1,1651,1767.0
1,1652,298.0
1,1653,1475.0
1,1654,31.0
1,1655,0.01
1,1677,1328.0
1,1753,1364.0
1,1754,1457.0
1,1760,991.0
1,1766,738.0
1,1768,358.0
1,1789,942.0
1,1815,334.9999999931315
1,1816,722.0
1,1868,784.0
1,1869,1002.0
1,1870,1850.0
1,1931,573.0
1,1945,1468.0
1,1977,287.0
1,1978,534.0
1,2013,2493.0
1,2014,871.0
1,2017,1684.0
1,2033,853.0
1,2045,1120.0
1,2057,969.0
1,2065,909.0
1,2069,1065.0
1,2070,248.0
1,2071,524.0
1,2072,897.0
1,2073,1684.0
1,2074,1360.0
1,2084,1219.0
1,2104,1221.0
1,2109,1459.0
1,2117,1036.0
1,2118,1312.0
1,2124,1348.0
1,2125,2882.0
1,2126,0.01
1,2127,2139.0
1,2134,671.0
1,2152,1476.0
1,2153,682.0
1,2157,1260.0
1,2158,842.0
1,2159,4.0
1,2170,720.0
1,2197,954.0
1,2203,731.0
1,2213,1183.0
1,2222,1539.0
1,2229,1260.0
1,2231,1883.0
1,2286,1039.0
1,2297,551.0
1,2298,936.0
1,2299,1324.0
1,2300,1437.0
1,2301,728.0
1,2303,826.0
1,2306,1062.0
1,2307,948.0
1,2308,475.0
1,2318,417.0
1,2319,627.0
1,2330,1061.0
1,2333,1113.0
1,2334,744.0
1,2335,2139.0
1,2336,796.0
1,2344,2552.0
1,2345,2591.0
1,2346,1025.0
1,2371,1000.0
1,2373,1831.0
1,2379,1265.0
1,2388,1449.0
1,2389,525.0
1,2390,857.0
1,2391,1547.0
1,2395,778.0
1,2396,838.0
1,2397,1022.0
1,2407,702.0
1,2408,716.0
1,2419,702.0
1,2420,722.0
1,2421,891.0
1,2425,528.0
1,2426,420.0
1,2452,587.0
1,2453,588.0
1,2454,986.0
1,2455,1019.0
1,2458,1261.0
1,2459,1570.0
1,2460,943.0
1,2469,1097.0
1,2470,1384.0
1,2471,1036.0
1,2475,501.0
1,2492,910.0
1,2493,1164.0
1,2542,682.0
1,2544,3705.0
1,2545,782.0
1,2549,0.01
1,2550,169.0
1,2555,1786.0
1,2578,621.0
1,2579,754.0
1,2588,1710.0
1,2654,2834.0
1,2655,1416.0
1,2673,742.0
1,2677,1344.0
1,2682,838.0
1,2686,1797.0
1,2687,799.0
1,2688,873.0
1,2689,727.0
1,2690,1859.0
1,2695,210.0
1,2699,1089.0
1,2700,971.0
1,2718,1745.0
1,2731,1919.0
1,2732,0.01
1,2733,28.0
1,2734,0.01
1,2735,0.01
1,2743,1634.0
1,2746,1433.0
1,2770,2078.0
1,2785,1087.0
1,2786,1119.0
1,2794,631.0
1,2822,1375.0
1,2829,4215.0
1,2830,626.0
1,2831,728.0
1,2834,839.0
1,2839,796.0
1,2842,990.0
1,2847,2055.0
1,2849,992.0
1,2850,883.0
1,2851,779.0
1,2852,892.0
1,2853,1140.0
1,2857,1004.0
1,2859,2587.0
1,2860,708.0
1,2880,1108.0
1,2882,35.0
1,2909,597.0
1,2910,365.0
1,2932,1807.0
1,2978,1858.0
1,3001,1375.0
1,3004,869.0
1,3005,882.0
1,3008,896.0
1,3014,240.0
1,3015,1306.0
1,3022,2504.0
1,3024,823.0
1,3043,1237.0
1,3044,1379.0
1,3048,1668.0
1,3049,675.0
1,3051,185.0
1,3066,717.0
1,3079,640.0
1,3086,1375.0
1,3089,460.0
1,3095,997.0
1,3099,906.0
1,3103,1335.0
1,3111,784.0
1,3133,823.0
1,3136,305.0
1,3179,275.0
1,3180,1272.0
1,3186,724.0
1,3193,2217.0
1,3210,746.0
1,3212,810.0
1,3214,386.0
1,3233,1138.0
1,3239,1065.0
1,3243,5147.0
1,3248,1103.0
1,3314,1163.0
1,3335,726.0
1,3372,1714.0
1,3375,1065.0
1,3406,937.0
1,3409,214.0
1,3422,1112.0
1,3436,577.0
1,3438,1260.0
1,3439,1356.0
1,3451,946.0
1,3469,831.0
1,3483,1004.0
1,3484,796.0
1,3518,769.0
1,3557,473.0
1,3622,1722.0
1,3642,842.0
1,3652,153.0
1,3666,761.0
1,3679,706.0
1,3691,20.0
2,0,1560.0
2,1,1176.0
2,2,1743.0
2,3,990.0
2,4,772.0
2,8,1096.0
2,39,1217.0
2,40,1580.0
2,48,1101.0
2,49,1157.0
2,51,1252.0
2,52,932.0
2,54,1795.0
2,79,1967.0
2,80,2048.0
2,81,1572.0
2,85,1137.0
2,86,721.0
2,89,906.0
2,94,967.0
2,95,1644.0
2,100,2121.0
2,109,1516.0
2,110,1278.0
2,114,1271.0
2,115,2500.0
2,116,3247.0
2,136,1215.0
2,137,2744.0
2,138,2392.0
2,139,2469.0
2,140,1082.0
2,141,924.0
2,142,2032.0
2,148,364.0
2,149,1200.0
2,151,1073.0
2,172,1066.0
2,173,2714.0
2,174,2512.0
2,175,5388.0
2,198,1174.0
2,199,2213.0
2,200,1417.0
2,201,1359.0
2,202,1294.0
2,203,1497.0
2,204,1683.0
2,205,660.0
2,207,842.0
2,208,500.0
2,213,2138.0
2,214,1903.0
2,215,2730.0
2,234,2554.0
2,235,1639.0
2,236,1044.0
2,257,891.0
2,258,1008.0
2,259,1021.0
2,262,1923.0
2,263,2391.0
2,264,807.0
2,265,925.0
2,266,2702.0
2,267,819.0
2,268,0.01
2,269,1860.0
2,270,2322.0
2,271,1655.0
2,290,3573.0
2,291,2661.0
2,292,2616.0
2,293,2524.0
2,294,1329.0
2,301,1189.0
2,302,1735.0
2,303,1870.0
2,304,2474.0
2,305,1260.0
2,306,2042.0
2,307,711.0
2,326,1373.0
2,336,1342.0
2,337,1818.0
2,350,1549.0
2,351,1443.0
2,352,834.0
2,384,1140.0
2,385,1218.0
2,386,1502.0
2,395,728.0
2,396,1145.0
2,397,1024.0
2,399,1540.0
2,400,1489.0
2,401,894.0
2,402,546.0
2,464,1698.0
2,470,1274.0
2,471,1737.0
2,495,1039.0
2,496,899.0
2,497,1063.0
2,505,1410.0
2,507,833.0
2,508,1115.0
2,518,1991.0
2,519,1728.0
2,520,1070.0
2,537,1481.0
2,540,1495.0
2,560,996.0
2,561,2101.0
2,562,1647.0
2,616,1474.0
2,666,2693.0
2,718,1730.0
2,765,826.0
2,766,821.0
2,767,1552.0
2,768,2633.0
2,769,992.0
2,770,844.0
2,771,1705.0
2,781,1471.0
2,782,1376.0
2,783,1062.0
2,784,769.0
2,785,1004.0
2,812,1459.0
2,901,2569.0
2,902,2860.0
2,926,928.0
2,927,1990.0
2,928,1754.0
2,937,1778.0
2,938,1077.0
2,1030,3872.0
2,1031,1856.0
2,1059,1346.0
2,1060,1297.0
2,1061,1508.0
2,1062,1547.0
2,1063,1382.0
2,1083,1450.0
2,1084,1403.0
2,1085,1432.0
2,1086,2730.0
2,1087,2474.0
2,1105,1555.0
2,1119,391.0
2,1120,308.0
2,1121,1199.0
2,1122,1167.0
2,1127,811.0
2,1128,1060.0
2,1129,980.0
2,1130,261.0
2,1151,916.0
2,1152,981.0
2,1153,1397.0
2,1159,954.0
2,1160,1021.0
2,1172,1218.0
2,1188,761.0
2,1189,602.0
2,1190,1207.0
2,1191,1263.0
2,1192,289.0
2,1201,369.0
2,1209,2401.0
2,1215,1829.0
2,1216,665.0
2,1217,918.0
2,1219,1319.0
2,1220,1214.0
2,1221,823.0
2,1230,3364.0
2,1238,1782.0
2,1239,1257.0
2,1240,1643.0
2,1241,1571.0
2,1242,1233.0
2,1243,50.0
2,1249,1043.0
2,1250,573.0
2,1260,1604.0
2,1268,4007.0
2,1269,2487.0
2,1270,1162.0
2,1271,1619.0
2,1272,1202.0
2,1273,1362.0
2,1274,1093.0
2,1277,2503.0
2,1278,1819.0
2,1279,2996.0
2,1280,2861.0
2,1281,2381.0
2,1282,2182.0
2,1285,1227.0
2,1286,279.0
2,1334,1862.0
2,1341,1128.0
2,1342,1648.0
2,1343,986.0
2,1344,1742.0
2,1345,1734.0
2,1346,2072.0
2,1347,1356.0
2,1348,2746.0
2,1362,805.0
2,1366,684.0
2,1367,383.0
2,1372,1058.0
2,1377,1001.0
2,1379,1327.0
2,1422,980.0
2,1423,979.0
2,1424,963.0
2,1436,910.0
2,1446,1487.0
2,1447,967.0
2,1450,1234.0
2,1463,1069.0
2,1464,1309.0
2,1465,856.0
2,1473,1994.0
2,1474,243.0
2,1475,1036.0
2,1476,1693.0
2,1477,2451.0
2,1478,1762.0
2,1479,621.0
2,1480,1188.0
2,1502,1594.0
2,1529,918.0
2,1530,3136.0
2,1531,893.0
2,1548,850.0
2,1566,841.0
2,1567,1341.0
2,1568,1057.0
2,1569,1405.0
2,1570,459.0
2,1622,1346.0
2,1623,305.0
2,1624,1650.0
2,1625,1319.0
2,1694,2371.0
2,1748,2024.0
2,1749,1498.0
2,1758,408.0
2,1759,443.0
2,1780,960.0
2,1793,1248.0
2,1794,1160.0
2,1795,2153.0
2,1812,2041.0
2,1817,1887.0
2,1818,1100.0
2,1819,2132.0
2,1877,1006.0
2,1878,1988.0
2,1879,1259.0
2,1880,432.0
2,1881,1245.0
2,1882,1345.0
2,1883,2091.0
2,1884,0.01
2,1885,1168.0
2,1886,1898.0
2,1891,967.0
2,1907,437.0
2,1908,416.0
2,1929,846.0
2,1930,1182.0
2,1932,1627.0
2,1933,1148.0
2,1939,1275.0
2,1946,1216.0
2,1948,994.0
2,1949,920.0
2,1950,1525.0
2,1951,2127.0
2,1958,1610.0
2,1960,1428.0
2,1962,559.0
2,1963,1147.0
2,1964,1410.0
2,1989,1806.0
2,1990,753.0
2,1995,646.0
2,1998,1148.0
2,1999,1230.0
2,2000,1204.0
2,2001,1177.0
2,2002,1725.0
2,2003,586.0
2,2004,942.0
2,2006,1179.0
2,2008,923.0
2,2009,1624.0
2,2010,287.0
2,2011,861.0
2,2026,2729.0
2,2027,2355.0
2,2029,661.0
2,2030,977.0
2,2031,962.0
2,2032,1239.0
2,2050,784.0
2,2051,1459.0
2,2052,846.0
2,2053,1061.0
2,2066,1281.0
2,2092,823.0
2,2093,917.0
2,2100,1096.0
2,2108,866.0
2,2110,1472.0
2,2128,433.0
2,2129,740.0
2,2214,1020.0
2,2215,1026.0
2,2216,1526.0
2,2224,2024.0
2,2227,1901.0
2,2282,1124.0
2,2283,1391.0
2,2287,897.0
2,2288,1151.0
2,2293,1337.0
2,2294,691.0
2,2295,37.0
2,2304,1076.0
2,2305,1196.0
2,2315,1386.0
2,2316,1155.0
2,2322,1212.0
2,2328,1614.0
2,2331,528.0
2,2332,474.0
2,2342,1205.0
2,2343,1663.0
2,2347,1476.0
2,2349,847.0
2,2359,1849.0
2,2361,1062.0
2,2362,1236.0
2,2365,1702.0
2,2386,1951.0
2,2387,1754.0
2,2401,1267.0
2,2402,1923.0
2,2403,805.0
2,2404,1413.0
2,2405,1018.0
2,2424,665.0
2,2427,1259.0
2,2440,1628.0
2,2448,18.0
2,2449,804.0
2,2450,1780.0
2,2468,1475.0
2,2485,1104.0
2,2498,492.0
2,2509,1342.0
2,2510,1007.0
2,2540,1750.0
2,2541,1816.0
2,2556,928.0
2,2557,1950.0
2,2566,1223.0
2,2586,949.0
2,2587,1155.0
2,2595,1617.0
2,2596,1033.0
2,2597,1643.0
2,2619,1285.0
2,2620,1611.0
2,2625,2207.0
2,2626,2330.0
2,2628,947.0
2,2629,463.0
2,2633,439.0
2,2636,1267.0
2,2637,2648.0
2,2639,913.0
2,2644,1201.0
2,2645,1895.0
2,2646,2349.0
2,2650,2181.0
2,2651,906.0
2,2652,1867.0
2,2653,563.0
2,2658,1227.0
2,2661,1023.0
2,2662,1225.0
2,2671,1117.0
2,2676,688.0
2,2678,2106.0
2,2680,1413.0
2,2693,1192.0
2,2703,1112.0
2,2721,1207.0
2,2724,1707.0
2,2725,794.0
2,2730,833.0
2,2747,1102.0
2,2748,1088.0
2,2750,1485.0
2,2751,706.0
2,2757,1282.0
2,2782,1080.0
2,2783,797.0
2,2787,1349.0
2,2788,1443.0
2,2789,2425.0
2,2792,990.0
2,2793,2349.0
2,2800,1542.0
2,2801,2878.0
2,2802,791.0
2,2803,3466.0
2,2804,1918.0
2,2807,995.0
2,2814,3045.0
2,2815,962.0
3,2817,1062.0
2,2819,2907.0
2,2823,559.0
2,2828,1797.0
2,2871,1194.0
2,2872,1540.0
2,2877,1247.0
2,2919,1325.0
2,2920,1073.0
2,2921,1958.0
2,2922,1511.0
2,2931,1018.0
2,2937,1633.0
2,2956,489.0
2,2969,772.0
2,2971,850.0
2,2972,617.0
2,2973,1366.0
2,2974,1788.0
2,2980,1152.0
2,2981,2678.0
2,2982,973.0
2,2983,1619.0
2,2984,1654.0
2,2988,0.01
2,2989,8.0
2,2995,1568.0
2,2996,1486.0
2,2997,549.0
2,2998,1150.0
2,3002,969.0
2,3026,875.0
2,3050,1136.0
2,3074,2006.0
2,3076,1579.0
2,3077,3495.0
2,3080,1250.0
2,3081,898.0
2,3082,975.0
2,3083,1716.0
2,3104,975.0
2,3135,1265.0
2,3140,705.0
2,3153,823.0
2,3174,1187.0
2,3175,1747.0
2,3176,1416.0
2,3177,9.0
2,3178,873.0
2,3182,869.0
2,3203,988.0
2,3219,3921.0
2,3220,1113.0
2,3227,1100.0
2,3232,1128.0
2,3265,390.0
2,3266,784.0
2,3267,1187.0
2,3298,1741.0
2,3300,1923.0
2,3301,990.0
2,3302,947.0
2,3305,2991.0
2,3306,2779.0
2,3315,729.0
2,3346,1521.0
2,3347,868.0
2,3348,1324.0
2,3350,1361.0
2,3351,709.0
2,3354,1275.0
2,3356,1066.0
2,3358,1343.0
2,3362,1498.0
2,3395,1145.0
2,3398,1443.0
2,3401,627.0
2,3402,1242.0
2,3403,552.0
2,3425,158.0
2,3428,2638.0
2,3430,1468.0
2,3434,3042.0
2,3435,1486.0
2,3452,1693.0
2,3466,833.0
2,3467,2982.0
2,3468,1140.0
2,3472,791.0
2,3505,1128.0
2,3506,765.0
2,3517,1153.0
2,3527,680.0
2,3537,601.0
2,3543,1493.0
2,3546,1237.0
2,3547,1589.0
2,3552,1933.0
2,3554,1013.0
2,3556,2046.0
2,3570,294.0
2,3579,399.0
2,3581,1441.0
2,3585,1288.0
2,3598,1780.0
2,3602,876.0
2,3603,950.0
2,3606,1273.0
2,3614,870.0
2,3618,1121.0
2,3620,1066.0
2,3628,925.0
2,3639,2153.0
2,3646,636.0
2,3653,1362.0
2,3654,1770.0
2,3661,1418.0
2,3664,1423.0
2,3677,1452.0
2,3688,1597.0
3,44,1182.0
3,45,2852.0
3,46,632.0
3,47,847.0
3,87,1019.0
3,88,1071.0
3,90,925.0
3,91,1014.0
3,92,1326.0
3,93,1227.0
3,96,539.0
3,97,1218.0
3,98,820.0
3,99,1066.0
3,101,1514.0
3,102,980.0
3,103,1300.0
3,104,861.0
3,105,1020.0
3,106,1400.0
3,111,732.0
3,112,1015.0
3,113,1253.0
3,132,968.0
3,133,1230.0
3,134,740.0
3,135,1387.0
3,150,1263.0
3,152,1022.0
3,153,1162.0
3,154,546.0
3,155,1116.0
3,158,1730.0
3,159,1986.0
3,160,686.0
3,161,994.0
3,178,380.0
3,187,1178.0
3,188,1394.0
3,189,1301.0
3,191,937.0
3,192,2527.0
3,193,1057.0
3,195,1378.0
3,196,1363.0
3,197,1710.0
3,220,1004.0
3,221,743.0
3,222,1509.0
3,223,1965.0
3,224,1009.0
3,225,1388.0
3,226,881.0
3,227,1029.0
3,228,801.0
3,237,1016.0
3,244,1268.0
3,245,1414.0
3,246,1037.0
3,247,1637.0
3,248,1264.0
3,249,1448.0
3,250,1010.0
3,253,573.0
3,340,1209.0
3,341,1010.0
3,342,668.0
3,343,2707.0
3,358,550.0
3,359,1156.0
3,383,2178.0
3,412,664.0
3,428,1137.0
3,429,681.0
3,463,1611.0
3,465,1330.0
3,486,1140.0
3,487,1565.0
3,488,2402.0
3,489,2494.0
3,490,385.0
3,491,449.0
3,492,2204.0
3,493,1228.0
3,509,1834.0
3,510,1713.0
3,511,1169.0
3,512,746.0
3,513,1163.0
3,524,2117.0
3,586,1341.0
3,589,1259.0
3,610,1565.0
3,611,1865.0
3,612,1606.0
3,613,1303.0
3,614,1182.0
3,615,1247.0
3,624,841.0
3,625,1231.0
3,665,2556.0
3,667,1429.0
3,686,917.0
3,687,1149.0
3,688,656.0
3,690,768.0
3,708,547.0
3,709,480.0
3,710,1428.0
3,726,1608.0
3,858,2166.0
3,859,784.0
3,860,535.0
3,861,1555.0
3,862,596.0
3,863,1727.0
3,867,820.0
3,869,1415.0
3,870,202.0
3,871,676.0
3,872,426.0
3,873,598.0
3,887,2338.0
3,888,1329.0
3,889,1791.0
3,890,1085.0
3,891,297.0
3,897,2077.0
3,898,1908.0
3,899,882.0
3,900,1141.0
3,903,2262.0
3,904,1431.0
3,905,2043.0
3,906,1305.0
3,939,1183.0
3,955,765.0
3,956,312.0
3,957,1474.0
3,958,831.0
3,959,1970.0
3,990,1098.0
3,1027,539.0
3,1028,1586.0
3,1029,969.0
3,1032,522.0
3,1033,304.0
3,1034,2096.0
3,1035,3661.0
3,1036,3067.0
3,1037,1191.0
3,1038,1867.0
3,1039,2871.0
3,1040,1912.0
3,1041,3437.0
3,1054,1051.0
3,1055,2654.0
3,1056,1445.0
3,1057,1259.0
3,1058,1838.0
3,1069,756.0
3,1088,1365.0
3,1089,504.0
3,1090,875.0
3,1091,2894.0
3,1092,2516.0
3,1093,909.0
3,1094,1921.0
3,1095,1743.0
3,1096,2033.0
3,1097,1343.0
3,1098,17.0
3,1154,2750.0
3,1155,1993.0
3,1157,1686.0
3,1158,727.0
3,1169,1979.0
3,1170,647.0
3,1210,1398.0
3,1211,1044.0
3,1218,3194.0
3,1222,1880.0
3,1223,1680.0
3,1224,2623.0
3,1225,898.0
3,1232,911.0
3,1233,853.0
3,1234,908.0
3,1235,810.0
3,1244,1746.0
3,1245,3030.0
3,1247,990.0
3,1248,1024.0
3,1251,584.0
3,1252,762.0
3,1253,863.0
3,1254,1043.0
3,1255,1004.0
3,1256,1667.0
3,1257,1433.0
3,1258,638.0
3,1259,1642.0
3,1261,848.0
3,1262,1409.0
3,1263,1203.0
3,1264,877.0
3,1265,1477.0
3,1266,867.0
3,1267,524.0
3,1275,1169.0
3,1276,853.0
3,1283,978.0
3,1284,2334.0
3,1287,1915.0
3,1288,2236.0
3,1289,1118.0
3,1294,805.0
3,1295,1012.0
3,1299,1455.0
3,1305,2428.0
3,1306,631.0
3,1320,1369.0
3,1321,1725.0
3,1322,1932.0
3,1323,399.0
3,1324,877.0
3,1330,2381.0
3,1331,969.0
3,1338,1119.0
3,1339,1566.0
3,1340,1863.0
3,1364,1123.0
3,1365,1638.0
3,1373,1236.0
3,1374,847.0
3,1375,817.0
3,1376,2092.0
3,1384,1151.0
3,1410,3372.0
3,1412,1572.0
3,1418,1092.0
3,1425,2412.0
3,1426,1435.0
3,1427,1896.0
3,1428,1300.0
3,1429,2178.0
3,1453,1044.0
3,1454,657.0
3,1455,863.0
3,1469,2914.0
3,1484,829.0
3,1495,1803.0
3,1505,1402.0
3,1509,433.0
3,1510,1055.0
3,1552,1693.0
3,1553,1136.0
3,1554,788.0
3,1555,1122.0
3,1573,906.0
3,1574,862.0
3,1575,518.0
3,1576,920.0
3,1604,2642.0
3,1605,919.0
3,1611,573.0
3,1612,402.0
3,1613,1580.0
3,1626,783.0
3,1642,1854.0
3,1645,857.0
3,1696,2536.0
3,1709,1220.0
3,1710,1263.0
3,1711,617.0
3,1713,1057.0
3,1714,630.0
3,1716,752.0
3,1718,2750.0
3,1732,428.0
3,1741,2703.0
3,1742,1043.0
3,1743,816.0
3,1744,848.0
3,1750,1452.0
3,1751,1919.0
3,1752,1069.0
3,1755,923.0
3,1785,1956.0
3,1786,308.0
3,1787,1183.0
3,1808,1340.0
3,1809,1955.0
3,1811,1899.0
3,1840,1126.0
3,1909,2451.0
3,1910,4323.0
3,1961,1135.0
3,1965,947.0
3,1966,1894.0
3,1967,1914.0
3,1968,1297.0
3,1969,1290.0
3,1970,1035.0
3,1971,1009.0
3,1972,911.0
3,1973,638.0
3,1974,2240.0
3,1979,1188.0
3,1980,1348.0
3,1981,884.0
3,1982,979.0
3,1983,1162.0
3,1984,820.0
3,1985,934.0
3,1986,1932.0
3,1987,872.0
3,1988,1182.0
3,1991,804.0
3,1992,927.0
3,1996,1242.0
3,1997,1164.0
5,2005,1492.0
3,2007,2038.0
3,2012,1041.0
3,2016,517.0
3,2023,1638.0
3,2034,1786.0
3,2040,1084.0
3,2042,778.0
3,2043,1090.0
3,2044,881.0
3,2046,1242.0
3,2047,1638.0
3,2048,1241.0
3,2049,806.0
3,2056,1582.0
3,2059,1895.0
3,2061,1597.0
3,2062,1584.0
3,2067,2975.0
3,2087,1416.0
3,2090,1292.0
3,2091,1237.0
3,2094,1075.0
3,2095,949.0
3,2098,793.0
3,2103,1236.0
3,2121,2206.0
3,2122,655.0
3,2130,1497.0
3,2150,825.0
3,2183,237.0
3,2204,607.0
3,2205,694.0
3,2206,560.0
3,2207,1506.0
3,2208,1196.0
3,2217,1033.0
3,2218,2077.0
3,2225,1188.0
3,2226,1348.0
3,2232,906.0
3,2243,657.0
3,2273,1865.0
3,2274,2177.0
3,2275,1516.0
3,2276,518.0
3,2296,1602.0
3,2302,49.0
3,2337,1221.0
3,2338,1117.0
3,2339,807.0
3,2340,1133.0
3,2341,921.0
3,2348,1099.0
3,2350,1126.0
3,2351,740.0
3,2352,925.0
3,2353,1150.0
3,2354,1520.0
3,2355,842.0
3,2356,647.0
3,2357,666.0
3,2358,1392.0
3,2360,3228.0
3,2363,843.0
3,2364,2230.0
3,2366,847.0
3,2367,1627.0
3,2368,1061.0
3,2369,1414.0
3,2377,1134.0
3,2380,1273.0
3,2394,1104.0
3,2399,605.0
3,2400,1447.0
3,2429,1048.0
3,2432,468.0
3,2433,294.0
3,2441,1840.0
3,2442,1109.0
3,2443,722.0
3,2456,1962.0
3,2457,380.0
3,2463,1776.0
3,2472,1091.0
3,2473,698.0
3,2474,278.0
3,2478,378.0
3,2479,1791.0
3,2480,1889.0
3,2481,1194.0
3,2482,645.0
3,2488,1358.0
3,2491,1321.0
3,2521,1898.0
3,2522,1913.0
3,2523,997.0
3,2524,1127.0
3,2531,827.0
3,2539,1041.0
3,2606,3454.0
3,2607,1749.0
3,2608,1836.0
3,2630,1071.0
3,2631,826.0
3,2632,1144.0
3,2641,1004.0
3,2642,1235.0
3,2643,470.0
3,2647,936.0
3,2648,616.0
3,2649,1395.0
3,2657,1854.0
3,2666,991.0
3,2667,1333.0
3,2668,1679.0
3,2669,1362.0
3,2670,296.0
3,2672,963.0
3,2674,1009.0
3,2675,1429.0
3,2679,473.0
3,2684,1145.0
3,2685,1119.0
3,2691,1146.0
3,2692,954.0
3,2719,605.0
3,2727,415.0
3,2744,1312.0
3,2759,916.0
3,2760,1647.0
3,2761,816.0
3,2779,3555.0
3,2780,924.0
3,2805,1071.0
3,2806,1194.0
3,2808,881.0
3,2809,1264.0
3,2810,1432.0
3,2811,907.0
3,2812,1438.0
3,2813,1843.0
3,2816,334.0
3,2818,990.0
3,2820,1248.0
3,2826,1413.0
3,2832,785.0
3,2844,1038.0
3,2854,599.0
3,2870,1881.0
3,2893,180.0
3,2899,866.0
3,2903,2186.0
3,2906,738.0
3,2927,1047.0
3,2966,1051.0
3,2967,1080.0
3,2968,1244.0
3,2970,651.0
3,2975,1150.0
3,2976,879.0
3,2977,1102.0
3,2979,991.0
3,2994,433.0
3,3000,665.0
3,3009,2274.0
3,3010,352.0
3,3052,487.0
3,3064,3839.0
3,3068,873.0
3,3069,355.0
3,3073,1050.0
3,3075,810.0
3,3109,657.0
3,3154,952.0
3,3155,1845.0
3,3172,779.0
3,3173,1170.0
3,3181,1657.0
3,3205,370.0
3,3216,993.0
3,3217,2322.0
3,3218,1487.0
3,3221,633.0
3,3222,1207.0
3,3223,767.0
3,3224,1306.0
3,3225,1305.0
3,3226,1073.0
3,3228,1210.0
3,3229,1266.0
3,3230,642.0
3,3231,407.0
3,3234,689.0
3,3240,1122.0
3,3247,408.0
3,3251,348.0
3,3259,796.0
3,3274,1811.0
3,3299,916.0
3,3303,761.0
3,3304,1138.0
3,3313,813.0
3,3343,1121.0
3,3355,646.0
3,3357,1470.0
3,3359,737.0
3,3360,1078.0
3,3361,938.0
3,3363,824.0
3,3364,1167.0
3,3365,1229.0
3,3370,1014.0
3,3380,173.0
3,3396,1333.0
3,3397,451.0
3,3413,1423.0
3,3414,2266.0
3,3427,2642.0
3,3429,869.0
3,3431,738.0
3,3432,824.0
3,3433,827.0
3,3448,550.0
3,3463,900.0
3,3464,1374.0
3,3475,671.0
3,3481,784.0
3,3488,2116.0
3,3504,690.0
3,3507,2171.0
3,3508,1044.0
3,3513,679.0
3,3514,1083.0
3,3515,978.0
3,3516,1069.0
3,3521,598.0
3,3523,610.0
3,3532,505.0
3,3533,584.0
3,3534,917.0
3,3535,1623.0
3,3536,1242.0
3,3548,1003.0
3,3549,1327.0
3,3550,1284.0
3,3551,1016.0
3,3553,759.0
3,3555,799.0
3,3571,643.0
3,3572,842.0
3,3574,602.0
3,3576,994.0
3,3586,656.0
3,3590,1069.0
3,3591,888.0
3,3592,1101.0
3,3600,1317.0
3,3601,973.0
3,3604,1084.0
3,3605,823.0
3,3607,1092.0
3,3608,731.0
3,3613,1633.0
3,3615,558.0
3,3616,1245.0
3,3617,1004.0
3,3619,1147.0
3,3629,1137.0
3,3633,1124.0
3,3634,1015.0
3,3638,596.0
3,3640,1081.0
3,3641,526.0
3,3647,1093.0
3,3648,770.0
3,3651,875.0
3,3658,745.0
3,3660,965.0
3,3662,731.0
3,3665,845.0
3,3668,906.0
3,3669,645.0
3,3671,1371.0
3,3672,1383.0
3,3674,2387.0
3,3675,716.0
3,3681,874.0
3,3682,1156.0
3,3687,885.0
3,3689,859.0
3,3690,881.0
4,53,573.0
4,55,927.0
4,56,614.0
4,194,955.0
4,276,1701.0
4,277,1993.0
4,278,311.0
4,281,265.0
4,282,3819.0
4,283,45.0
4,284,942.0
4,536,1498.0
4,538,1570.0
4,539,1405.0
4,541,1466.0
4,542,1707.0
4,543,1990.0
4,632,1882.0
4,723,2618.0
4,755,2692.0
4,756,2296.0
4,757,1321.0
4,758,1317.0
4,760,2362.0
4,793,1274.0
4,794,1991.0
4,804,1359.0
4,805,340.0
4,823,783.0
4,824,891.0
4,825,2836.0
4,826,922.0
4,827,2089.0
4,829,452.0
4,831,1667.0
4,832,62.0
4,833,28.0
4,834,30.0
4,835,773.0
4,836,714.0
4,837,346.0
4,838,714.0
4,839,0.01
4,840,4080.0
4,841,378.0
4,842,2086.0
4,844,1443.0
4,853,1685.0
4,854,1962.0
4,855,1995.0
4,856,1733.0
4,857,2186.0
4,907,1728.0
4,908,425.0
4,909,790.0
4,910,928.0
4,911,1566.0
4,912,1671.0
4,913,1505.0
4,914,1083.0
4,915,2077.0
4,934,1489.0
4,935,1556.0
4,936,1149.0
4,968,934.0
4,969,2030.0
4,970,15.0
4,972,1956.0
4,973,787.0
4,974,2294.0
4,975,3194.0
4,976,1072.0
4,977,598.0
4,978,1700.0
4,979,366.0
4,980,1238.0
4,981,1161.0
4,983,330.0
4,984,495.0
4,985,0.01
4,988,228.0
4,992,2448.0
4,993,1522.0
4,994,813.0
4,995,1027.0
4,1003,1930.0
4,1004,2642.0
4,1005,0.01
4,1006,0.01
4,1007,0.01
4,1012,833.0
4,1013,114.0
4,1014,609.0
4,1015,1061.0
4,1016,0.01
4,1047,624.0
4,1048,1490.0
4,1049,1291.0
4,1050,22.0
4,1161,1495.0
4,1162,2150.0
4,1163,2344.0
4,1164,2037.0
4,1165,1416.0
4,1166,1283.0
4,1318,573.0
4,1319,550.0
4,1337,620.0
4,1356,1278.0
4,1368,1662.0
4,1369,2449.0
4,1370,929.0
4,1538,1393.0
4,1549,1242.0
4,1586,2602.0
4,1587,1013.0
4,1608,1704.0
4,1609,2170.0
4,1610,2409.0
4,1633,2734.0
4,1634,2356.0
4,1635,2655.0
4,1661,763.0
4,1662,111.0
4,1663,921.0
4,1664,1515.0
4,1665,2009.0
4,1666,702.0
4,1667,47.0
4,1668,278.0
4,1669,564.0
4,1670,243.0
4,1671,854.0
4,1672,1334.0
4,1673,1152.0
4,1674,1473.0
4,1675,1335.0
4,1678,1570.0
4,1682,994.0
4,1683,1477.0
4,1684,1117.0
4,1691,379.0
4,1692,803.0
4,1693,538.0
4,1695,936.0
4,1697,686.0
4,1698,965.0
4,1699,4557.0
4,1702,1539.0
4,1703,1326.0
4,1704,1081.0
4,1705,881.0
4,1706,3594.0
4,1707,1562.0
4,1708,2298.0
4,1723,2084.0
4,1724,2135.0
4,1725,1736.0
4,1726,1114.0
4,1727,1149.0
4,1728,1092.0
4,1730,1666.0
4,1731,1293.0
4,1733,1758.0
4,1734,750.0
4,1735,599.0
4,1736,1578.0
4,1737,1382.0
4,1783,4894.0
4,1784,1208.0
4,1796,1347.0
4,1797,1364.0
4,1798,2388.0
4,1801,2161.0
4,1802,926.0
4,1803,435.0
4,1821,676.0
4,1822,1787.0
4,1823,1786.0
4,1824,2561.0
4,1825,1730.0
4,1826,2051.0
4,1827,856.0
4,1828,178.0
4,1829,2141.0
4,1843,1282.0
4,1844,1150.0
4,1845,1933.0
4,1846,1700.0
4,1847,599.0
4,1848,1351.0
4,1849,799.0
4,1850,957.0
4,1851,1556.0
4,1852,480.0
4,1853,778.0
4,1854,452.0
4,1855,1556.0
4,1856,1452.0
4,1857,1802.0
4,1858,2448.0
4,1859,350.0
4,1860,1564.0
4,1861,2659.0
4,1862,1442.0
4,1871,979.0
4,1873,2221.0
4,1874,1020.0
4,1875,1239.0
4,1876,1500.0
4,1897,794.0
4,1898,1347.0
4,1899,632.0
4,1900,394.0
4,1905,1177.0
4,1906,955.0
4,1913,890.0
4,1914,156.0
4,1915,2511.0
4,1916,0.01
4,1917,680.0
4,1918,1938.0
4,1919,2398.0
4,1920,1022.0
4,1923,1632.0
4,1924,1199.0
4,1925,2129.0
4,1926,167.0
4,1993,918.0
4,1994,564.0
4,2022,2393.0
4,2106,664.0
4,2107,263.0
4,2116,815.0
4,2156,994.0
4,2167,2299.0
4,2171,1883.0
4,2172,3288.0
4,2173,1000.0
4,2189,1176.0
4,2190,99.0
4,2191,2200.0
4,2192,1149.0
4,2193,1238.0
4,2194,1700.0
4,2198,1323.0
4,2199,1788.0
4,2200,844.0
4,2201,2292.0
4,2202,2851.0
4,2221,1457.0
4,2223,1019.0
4,2233,2411.0
4,2234,2278.0
4,2235,909.0
4,2244,299.0
4,2245,1121.0
4,2246,36.0
4,2247,218.0
4,2248,34.0
4,2249,1575.0
4,2250,1625.0
4,2251,969.0
4,2252,1304.0
4,2253,1772.0
4,2254,489.0
4,2255,1495.0
4,2256,729.0
4,2257,2094.0
4,2258,2900.0
4,2262,826.0
4,2263,1195.0
4,2264,1081.0
4,2265,902.0
4,2266,84.0
4,2267,73.0
4,2268,0.01
4,2269,1001.0
4,2277,941.0
4,2278,1381.0
4,2279,1501.0
4,2320,409.0
4,2428,951.0
4,2435,2377.0
4,2436,2047.0
4,2438,2675.0
4,2483,1022.0
4,2490,1019.0
4,2495,1396.0
4,2496,1397.0
4,2497,682.0
4,2499,415.0
4,2500,21.0
4,2501,1175.0
4,2502,1139.0
4,2503,1121.0
4,2504,1276.0
4,2508,751.0
4,2511,1185.0
4,2512,578.0
4,2513,1909.0
4,2515,947.0
4,2516,2749.0
4,2517,119.0
4,2518,898.0
4,2519,450.0
4,2520,1034.0
4,2526,2128.0
4,2528,3294.0
4,2529,1746.0
4,2530,3096.0
4,2532,2845.0
4,2533,947.0
4,2535,1312.0
4,2536,1410.0
4,2537,1220.0
4,2561,2502.0
4,2562,15.0
4,2563,764.0
4,2567,260.0
4,2568,649.0
4,2569,1823.0
4,2571,2205.0
4,2573,0.01
4,2574,160.0
4,2580,1003.0
4,2581,1019.0
4,2582,1496.0
4,2583,1472.0
4,2584,1035.0
4,2585,1894.0
4,2589,1351.0
4,2590,244.0
4,2593,779.0
4,2594,1604.0
4,2599,831.0
4,2601,1357.0
4,2603,2032.0
4,2604,1396.0
4,2605,1938.0
4,2611,1006.0
4,2612,324.0
4,2613,143.0
4,2615,573.0
4,2616,514.0
4,2617,3404.0
4,2618,1486.0
4,2740,909.0
4,2741,1623.0
4,2742,903.0
4,2749,1224.0
4,2752,1325.0
4,2753,907.0
4,2754,861.0
4,2755,1325.0
4,2756,105.0
4,2762,504.0
4,2763,256.0
4,2764,2189.0
4,2765,1327.0
4,2766,24.0
4,2768,1573.0
4,2771,1849.0
4,2772,283.0
4,2773,3009.0
4,2775,2709.0
4,2776,1087.0
4,2777,2595.0
4,2796,1254.0
4,2797,350.0
4,2883,1990.0
4,2884,1289.0
4,2885,628.0
4,2886,1410.0
4,2887,375.0
4,2889,1652.0
4,2890,1169.0
4,2894,1397.0
4,2895,1099.0
4,2896,60.0
4,2897,1759.0
4,2898,1429.0
4,2902,638.0
4,2904,1086.0
4,2928,998.0
4,2929,1110.0
4,2930,213.0
4,2934,1303.0
4,2935,1818.0
4,2936,3557.0
4,2939,604.0
4,2940,2201.0
4,2941,2057.0
4,2944,1176.0
4,2945,1976.0
4,2947,2733.0
4,2948,1877.0
4,2949,1883.0
4,2950,436.0
4,2951,630.0
4,2952,23.0
4,2953,1709.0
4,2954,1155.0
4,2955,2054.0
4,2958,2498.0
4,2960,1829.0
4,2961,1907.0
4,2962,1810.0
4,2963,44.0
4,2985,655.0
4,3023,1011.0
4,3031,1353.0
4,3032,917.0
4,3033,1815.0
4,3035,1292.0
4,3036,771.0
4,3037,1894.0
4,3040,1032.0
4,3041,623.0
4,3054,1778.0
4,3055,3395.0
4,3056,1157.0
4,3057,1298.0
4,3058,1468.0
4,3062,1904.0
4,3101,1717.0
4,3112,1461.0
4,3116,2026.0
4,3117,1928.0
4,3120,1881.0
4,3121,65.0
4,3122,1946.0
4,3125,2671.0
4,3126,584.0
4,3127,865.0
4,3129,1184.0
4,3130,0.01
4,3131,1295.0
4,3132,389.0
4,3143,1927.0
4,3144,1458.0
4,3145,896.0
4,3146,2195.0
4,3147,1109.0
4,3150,1333.0
4,3151,864.0
4,3152,718.0
4,3161,1593.0
4,3162,1312.0
4,3163,1296.0
4,3164,1104.0
4,3165,832.0
4,3166,1551.0
4,3167,1120.0
4,3168,0.01
4,3169,1808.0
4,3199,945.0
4,3200,2739.0
4,3202,750.0
4,3204,2092.0
4,3208,1261.0
4,3211,1620.0
4,3237,767.0
4,3252,837.0
4,3254,1863.0
4,3258,1780.0
4,3260,1181.0
4,3262,1401.0
4,3263,1729.0
4,3268,2201.0
4,3269,1253.0
4,3270,2119.0
4,3271,1681.0
4,3272,1522.0
4,3273,1651.0
4,3275,1237.0
4,3276,892.0
4,3277,146.0
4,3278,723.0
4,3279,845.0
4,3280,57.0
4,3281,549.0
4,3282,3.0
4,3283,1494.0
4,3284,388.0
4,3285,988.0
4,3287,1379.0
4,3288,1801.0
4,3289,930.0
4,3290,1212.0
4,3294,995.0
4,3295,773.0
4,3307,1526.0
4,3329,1328.0
4,3330,1240.0
4,3331,1033.0
4,3332,1002.0
4,3338,2461.0
4,3344,1444.0
4,3378,809.0
4,3379,2292.0
4,3381,1694.0
4,3382,2250.0
4,3383,1006.0
4,3384,947.0
4,3390,1774.0
4,3391,1526.0
4,3393,25.0
4,3394,1617.0
4,3416,891.0
4,3419,785.0
4,3421,1657.0
4,3444,1061.0
4,3445,922.0
4,3446,1517.0
4,3454,721.0
4,3455,461.0
4,3456,582.0
4,3457,202.0
4,3458,939.0
4,3459,1366.0
4,3460,1284.0
4,3461,597.0
4,3462,1187.0
4,3473,1335.0
4,3474,1005.0
4,3478,450.0
4,3479,110.0
4,3480,1016.0
4,3487,883.0
4,3489,1885.0
4,3490,1464.0
4,3492,1439.0
4,3493,1432.0
4,3494,44.0
4,3499,1453.0
4,3500,1479.0
4,3501,1396.0
4,3502,270.0
4,3503,1433.0
4,3509,2083.0
4,3520,1054.0
4,3522,1048.0
4,3524,1098.0
4,3525,532.0
4,3526,13.0
4,3528,1061.0
4,3529,1908.0
4,3530,1160.0
4,3539,569.0
4,3542,3219.0
4,3544,1343.0
4,3559,931.0
4,3560,839.0
4,3562,1254.0
4,3563,0.01
4,3564,619.0
4,3565,770.0
4,3566,1982.0
4,3567,2267.0
4,3568,3495.0
4,3569,716.0
4,3578,1306.0
4,3580,1330.0
4,3583,1889.0
4,3584,1318.0
4,3587,626.0
4,3588,71.0
4,3595,641.0
4,3596,45.0
4,3597,608.0
4,3610,909.0
4,3612,818.0
4,3624,1147.0
4,3626,13.0
4,3627,1319.0
4,3630,1632.0
4,3631,887.0
4,3632,1635.0
4,3637,2035.0
4,3643,1343.0
4,3644,1376.0
4,3645,216.0
4,3649,243.0
4,3655,1584.0
4,3657,1595.0
4,3663,735.0
4,3667,1762.0
4,3676,319.0
4,3678,759.0
4,3680,165.0
4,3684,1499.0
4,3686,627.0
4,3692,1188.0
5,9,692.0
5,10,1403.0
5,82,585.0
5,107,696.0
5,156,930.0
5,157,1518.0
5,176,1672.0
5,177,404.0
5,179,1785.0
5,180,2239.0
5,183,722.0
5,184,2172.0
5,185,1872.0
5,186,1002.0
5,190,1648.0
5,242,1999.0
5,243,1761.0
5,251,941.0
5,252,1295.0
5,279,1538.0
5,280,2176.0
5,286,1734.0
5,287,2670.0
5,288,1186.0
5,289,1633.0
5,295,633.0
5,296,1212.0
5,318,785.0
5,320,926.0
5,338,1560.0
5,339,802.0
5,362,819.0
5,363,1199.0
5,364,1051.0
5,365,1575.0
5,366,766.0
5,367,1822.0
5,391,2716.0
5,392,1555.0
5,393,1182.0
5,403,1801.0
5,439,1270.0
5,440,2795.0
5,441,2849.0
5,442,1261.0
5,443,2170.0
5,444,1244.0
5,454,3282.0
5,455,1909.0
5,458,1836.0
5,460,2240.0
5,461,2261.0
5,462,2364.0
5,474,1836.0
5,475,2497.0
5,476,4320.0
5,477,1402.0
5,478,1973.0
5,479,2109.0
5,480,2373.0
5,481,1805.0
5,482,3032.0
5,515,1827.0
5,516,1619.0
5,517,2435.0
5,566,1174.0
5,587,2010.0
5,588,1412.0
5,590,985.0
5,595,2970.0
5,596,1816.0
5,597,1558.0
5,598,1911.0
5,599,2104.0
5,600,2564.0
5,601,2574.0
5,602,1880.0
5,603,1540.0
5,604,1990.0
5,605,1737.0
5,606,3561.0
5,607,1717.0
5,618,1970.0
5,619,1967.0
5,620,1016.0
5,621,1256.0
5,626,909.0
5,627,1987.0
5,628,614.0
5,629,959.0
5,630,1806.0
5,631,1615.0
5,633,979.0
5,639,2207.0
5,640,1080.0
5,641,1108.0
5,673,1381.0
5,674,1326.0
5,684,1672.0
5,685,526.0
5,713,2994.0
5,714,28.0
5,715,0.01
5,716,16.0
5,717,0.01
5,724,989.0
5,725,1064.0
5,734,2234.0
5,735,2207.0
5,736,1039.0
5,739,2383.0
5,740,1005.0
5,741,1042.0
5,748,1948.0
5,749,2394.0
5,750,2396.0
5,751,2231.0
5,752,2954.0
5,753,2416.0
5,754,3105.0
5,774,1467.0
5,775,1565.0
5,776,2537.0
5,777,834.0
5,786,634.0
5,792,1255.0
5,799,1809.0
5,828,12.0
5,830,1124.0
5,843,2015.0
5,851,3417.0
5,864,872.0
5,865,807.0
5,866,500.0
5,932,1475.0
5,942,2177.0
5,943,2120.0
5,944,1445.0
5,971,1713.0
5,982,2811.0
5,996,2009.0
5,997,1264.0
5,998,1370.0
5,999,2398.0
5,1000,1821.0
5,1008,946.0
5,1009,1593.0
5,1010,36.0
5,1011,2569.0
5,1017,424.0
5,1018,2001.0
5,1026,1641.0
5,1102,1647.0
5,1167,573.0
5,1168,868.0
5,1175,1444.0
5,1176,1362.0
5,1177,346.0
5,1178,1295.0
5,1179,933.0
5,1180,840.0
5,1182,500.0
5,1187,792.0
5,1196,491.0
5,1197,1211.0
5,1198,977.0
5,1293,1534.0
5,1296,865.0
5,1352,1771.0
5,1353,218.0
5,1354,2133.0
5,1355,1423.0
5,1357,1072.0
5,1371,880.0
5,1378,2294.0
5,1383,1587.0
5,1407,2847.0
5,1408,1840.0
5,1413,1374.0
5,1414,1554.0
5,1415,1383.0
5,1439,1749.0
5,1440,1514.0
5,1456,836.0
5,1486,1765.0
5,1487,504.0
5,1488,1546.0
5,1496,2587.0
5,1497,2299.0
5,1498,1930.0
5,1503,1186.0
5,1506,1559.0
5,1507,1151.0
5,1508,1105.0
5,1511,2256.0
5,1512,1164.0
5,1513,1138.0
5,1514,1256.0
5,1515,1748.0
5,1516,2008.0
5,1517,2904.0
5,1518,1372.0
5,1519,1761.0
5,1520,1351.0
5,1521,1559.0
5,1522,2076.0
5,1523,1577.0
5,1524,1701.0
5,1525,1461.0
5,1526,600.0
5,1551,954.0
5,1557,649.0
5,1558,842.0
5,1559,830.0
5,1560,1237.0
5,1562,2449.0
5,1563,421.0
5,1564,1634.0
5,1588,630.0
5,1589,517.0
5,1590,1586.0
5,1591,1190.0
5,1592,1237.0
5,1593,1161.0
5,1594,1724.0
5,1595,2299.0
5,1596,1993.0
5,1597,1856.0
5,1598,1949.0
5,1599,1468.0
5,1600,1693.0
5,1606,822.0
5,1607,500.0
5,1614,871.0
5,1615,1294.0
5,1632,1316.0
5,1640,662.0
5,1641,510.0
5,1647,2743.0
5,1648,1001.0
5,1649,1674.0
5,1659,1399.0
5,1660,1060.0
5,1679,1428.0
5,1680,751.0
5,1681,1180.0
5,1690,723.0
5,1700,1351.0
5,1701,1018.0
5,1715,530.0
5,1719,1926.0
5,1720,107.0
5,1721,1693.0
5,1722,0.01
5,1729,1102.0
5,1738,0.01
5,1745,809.0
5,1756,1968.0
5,1757,682.0
5,1763,2408.0
5,1764,2478.0
5,1767,1495.0
5,1774,2234.0
5,1775,1490.0
5,1776,1888.0
5,1788,1871.0
5,1799,1599.0
5,1800,0.01
5,1804,2518.0
5,1805,61.0
5,1806,1176.0
5,1820,2382.0
5,1830,992.0
5,1833,2327.0
5,1834,835.0
5,1842,1987.0
5,1863,221.0
5,1864,2079.0
5,1865,1827.0
5,1866,8.0
5,1872,899.0
5,1901,2031.0
5,1902,2692.0
5,1903,1774.0
5,1904,43.0
5,1921,934.0
5,1922,2364.0
5,1934,669.0
5,1935,1029.0
5,1959,692.0
5,2018,2185.0
5,2019,1352.0
5,2024,1790.0
5,2025,2567.0
5,2035,1428.0
5,2036,762.0
5,2041,681.0
5,2082,3328.0
5,2083,1479.0
5,2085,416.0
5,2086,1644.0
5,2089,2702.0
5,2097,470.0
5,2099,1353.0
5,2111,2134.0
5,2112,1265.0
5,2131,1015.0
5,2132,2463.0
5,2140,2083.0
5,2141,15.0
5,2142,0.01
5,2143,26.0
5,2144,0.01
5,2145,0.01
5,2146,0.01
5,2147,0.01
5,2148,8.0
5,2149,1933.0
5,2154,928.0
5,2155,1867.0
5,2161,2174.0
5,2162,2981.0
5,2163,1376.0
5,2164,643.0
5,2165,2211.0
5,2166,1491.0
5,2168,2129.0
5,2175,2.0
5,2182,1626.0
5,2195,1394.0
5,2196,1347.0
5,2210,1199.0
5,2219,2451.0
5,2220,921.0
5,2259,1880.0
5,2260,1577.0
5,2261,2307.0
5,2270,3072.0
5,2292,1453.0
5,2325,1059.0
5,2326,880.0
5,2370,601.0
5,2372,2059.0
5,2374,2611.0
5,2392,2284.0
5,2393,2539.0
5,2398,1017.0
5,2406,798.0
5,2413,1213.0
5,2414,1599.0
5,2415,2009.0
5,2431,1455.0
5,2437,695.0
5,2444,713.0
5,2445,1133.0
5,2446,1868.0
5,2461,1737.0
5,2462,1278.0
5,2464,1437.0
5,2465,1674.0
5,2467,913.0
5,2476,2398.0
5,2486,1328.0
5,2487,1459.0
5,2489,1866.0
5,2507,1478.0
5,2514,1233.0
5,2525,2178.0
5,2527,1851.0
5,2534,9.0
5,2543,800.0
5,2554,1672.0
5,2558,0.01
5,2559,720.0
5,2560,744.0
5,2564,1309.0
5,2570,111.0
5,2572,1239.0
5,2575,2076.0
5,2591,1496.0
5,2592,1341.0
5,2602,1431.0
5,2609,681.0
5,2610,111.0
5,2614,1580.0
5,2627,1685.0
5,2659,2440.0
5,2660,2696.0
5,2663,2090.0
5,2664,924.0
5,2681,1417.0
5,2701,1588.0
5,2702,1896.0
5,2704,1035.0
5,2705,655.0
5,2706,1353.0
5,2708,1784.0
5,2712,1281.0
5,2722,238.0
5,2726,2370.0
5,2745,1972.0
5,2769,1686.0
5,2835,1531.0
5,2840,1363.0
5,2841,1805.0
5,2858,811.0
5,2863,597.0
5,2864,1268.0
5,2865,985.0
5,2868,415.0
5,2869,835.0
5,2873,2014.0
5,2888,2072.0
5,2900,2182.0
5,2901,1488.0
5,2912,817.0
5,2913,1669.0
5,2915,2527.0
5,2916,1167.0
5,2917,876.0
5,2918,300.0
5,2923,1954.0
5,2933,1812.0
5,2942,1896.0
5,2943,833.0
5,2946,1492.0
5,2959,1636.0
5,2964,1424.0
5,3003,2361.0
5,3011,1649.0
5,3017,555.0
5,3018,563.0
5,3027,2453.0
5,3034,1344.0
5,3038,361.0
5,3039,205.0
5,3047,935.0
5,3053,1629.0
5,3059,1395.0
5,3060,1683.0
5,3061,0.01
5,3084,1708.0
5,3088,1525.0
5,3090,975.0
5,3091,157.0
5,3100,598.0
5,3102,845.0
5,3108,1776.0
5,3110,885.0
5,3113,3573.0
5,3114,268.0
5,3115,2429.0
5,3118,1688.0
5,3119,2461.0
5,3123,1595.0
5,3124,3246.0
5,3128,3426.0
5,3138,1518.0
5,3141,1024.0
5,3148,1144.0
5,3149,675.0
5,3160,1622.0
5,3171,220.0
5,3185,1787.0
5,3187,1318.0
5,3188,1253.0
5,3189,1382.0
5,3190,553.0
5,3194,397.0
5,3195,1242.0
5,3196,435.0
5,3197,590.0
5,3201,2086.0
5,3206,1256.0
5,3207,611.0
5,3213,1482.0
5,3235,459.0
5,3236,2377.0
5,3253,1807.0
5,3256,2089.0
5,3257,117.0
5,3261,1491.0
5,3291,201.0
5,3292,1217.0
5,3293,1381.0
5,3310,2107.0
5,3312,1794.0
5,3316,1304.0
5,3317,0.01
5,3318,0.01
5,3319,4.0
5,3320,0.01
5,3321,1381.0
5,3322,786.0
5,3323,1195.0
5,3325,855.0
5,3326,1273.0
5,3336,1499.0
5,3339,2386.0
5,3340,0.01
5,3341,737.0
5,3342,1927.0
5,3368,3408.0
5,3385,1054.0
5,3392,1384.0
5,3405,1173.0
5,3412,1726.0
5,3420,1206.0
5,3440,714.0
5,3443,1691.0
5,3447,1173.0
5,3471,1525.0
5,3477,1802.0
5,3486,1302.0
5,3491,2114.0
5,3497,349.0
5,3498,1677.0
5,3538,1656.0
5,3558,605.0
5,3582,1921.0
5,3594,1597.0
5,3611,597.0
5,3621,1266.0
5,3636,601.0
5,3656,1915.0
5,3659,1281.0
5,3670,224.0
