0,0,2114.0
0,1,342.0
0,2,1492.0
0,3,1295.0
0,4,2414.0
0,5,1252.0
0,6,2796.0
0,7,2463.0
0,8,1934.0
0,9,2857.0
0,10,1300.0
0,11,2725.0
0,12,1268.0
0,13,1918.0
0,14,1867.0
0,15,1135.0
0,16,455.0
0,17,3153.0
0,18,1917.0
0,19,1350.0
0,20,1708.0
0,30,711.0
0,31,568.0
0,32,954.0
0,33,3061.0
0,34,3133.0
0,35,2160.0
0,41,1161.0
0,79,1135.0
0,80,169.0
0,88,2820.0
0,89,2365.0
0,90,2774.0
0,96,1066.0
0,97,1678.0
0,98,2544.0
0,99,1515.0
0,100,1939.0
0,101,1854.0
0,102,1425.0
0,105,3152.0
0,106,1763.0
0,122,1288.0
0,123,1657.0
0,124,700.0
0,131,259.0
0,132,0.01
0,133,266.0
0,153,1858.0
0,154,3816.0
0,201,297.0
0,202,1195.0
0,203,557.0
0,204,373.0
0,205,977.0
0,206,3080.0
0,247,2306.0
0,248,1029.0
0,287,583.0
0,288,100.0
0,289,1917.0
0,292,763.0
0,293,2734.0
0,294,2386.0
0,339,579.0
0,353,677.0
0,354,694.0
0,380,2401.0
0,450,2048.0
0,466,343.0
0,467,193.0
0,468,0.01
0,469,973.0
0,470,611.0
0,471,528.0
0,472,117.0
0,540,907.0
0,581,375.0
0,582,3551.0
0,583,320.0
0,657,267.0
0,658,1805.0
0,660,1647.0
0,661,489.0
0,662,269.0
0,703,416.0
0,704,1864.0
0,706,236.0
0,784,1327.0
0,785,671.0
0,786,4665.0
0,796,87.0
0,839,1126.0
0,840,2883.0
0,856,4833.0
0,896,2192.0
0,898,1052.0
0,899,1200.0
0,934,0.01
0,935,492.0
0,936,550.0
0,943,459.0
0,953,0.01
0,954,2824.0
0,955,657.0
0,956,4022.0
0,957,834.0
0,1006,2375.0
0,1007,3630.0
0,1008,3124.0
0,1009,468.0
0,1012,1276.0
0,1020,484.0
0,1023,1567.0
0,1024,2966.0
0,1025,973.0
0,1026,653.0
0,1027,3839.0
0,1028,632.0
0,1029,474.0
0,1030,0.01
0,1031,2000.0
0,1032,2791.0
0,1041,187.0
0,1042,1158.0
0,1045,383.0
0,1046,655.0
0,1047,755.0
0,1048,1153.0
0,1049,810.0
0,1050,329.0
0,1051,258.0
0,1052,422.0
0,1053,398.0
0,1054,373.0
0,1055,1044.0
0,1056,1016.0
0,1057,1588.0
0,1058,1150.0
0,1066,1250.0
0,1067,2626.0
0,1068,1475.0
0,1088,1567.0
0,1089,1342.0
0,1090,398.0
0,1122,332.0
0,1151,2665.0
0,1152,2892.0
0,1153,2265.0
0,1154,2686.0
0,1155,1212.0
0,1156,4296.0
0,1157,2384.0
0,1158,469.0
0,1197,1878.0
0,1198,1526.0
0,1236,991.0
0,1237,1148.0
0,1384,984.0
0,1385,2497.0
0,1386,668.0
0,1404,1124.0
0,1405,637.0
0,1418,2688.0
0,1419,1456.0
0,1427,563.0
0,1428,469.0
0,1442,1150.0
0,1443,1986.0
0,1444,2865.0
0,1445,808.0
0,1446,1305.0
0,1595,2253.0
0,1598,300.0
0,1599,297.0
0,1600,0.01
0,1601,2545.0
0,1602,746.0
0,1603,2712.0
0,1604,1812.0
0,1605,772.0
0,1606,3304.0
0,1607,1023.0
0,1608,2019.0
0,1609,3104.0
0,1628,203.0
0,1629,628.0
0,1630,4230.0
0,1631,1645.0
0,1641,1109.0
0,1642,501.0
0,1643,700.0
0,1644,3101.0
0,1697,980.0
0,1707,829.0
0,1708,1489.0
0,1709,991.0
0,1710,1551.0
0,1711,3389.0
0,1726,2113.0
0,1727,1994.0
0,1728,2249.0
0,1729,1375.0
0,1730,1321.0
0,1731,686.0
0,1732,2534.0
0,1743,1405.0
0,1744,925.0
0,1748,1246.0
0,1755,842.0
0,1760,2035.0
2,1761,1652.0
0,1762,1224.0
0,1786,631.0
0,1790,1192.0
0,1791,179.0
0,1803,2086.0
0,1804,3169.0
0,1805,2137.0
0,1806,2002.0
0,1807,1090.0
0,1808,2095.0
0,1809,992.0
0,1810,1599.0
0,1811,1336.0
0,1812,924.0
0,1818,2318.0
0,1862,2879.0
0,1873,1214.0
0,1874,2357.0
0,1875,995.0
0,1886,777.0
0,1887,2097.0
0,1888,301.0
0,1889,1702.0
0,1890,1045.0
0,1891,806.0
0,1892,250.0
0,1893,327.0
0,1894,1568.0
0,1895,1900.0
0,1896,2569.0
0,1900,1354.0
0,1910,970.0
0,1923,994.0
0,1924,413.0
0,1925,150.0
0,1926,458.0
0,1927,118.0
0,1942,6649.0
0,1943,2298.0
0,1953,1063.0
0,1963,2750.0
0,1965,1456.0
0,1980,2287.0
0,1993,3232.0
0,1994,2318.0
0,1995,3075.0
0,1996,51.0
0,1997,276.0
0,1998,509.0
0,1999,3346.0
0,2000,3413.0
0,2010,3839.0
0,2011,2914.0
0,2012,2411.0
0,2013,957.0
0,2014,2054.0
0,2015,1709.0
0,2036,115.0
0,2037,1780.0
0,2038,1675.0
0,2039,1212.0
0,2040,937.0
0,2041,1588.0
0,2043,1440.0
0,2044,375.0
0,2045,500.0
0,2046,262.0
0,2049,936.0
0,2050,633.0
0,2051,1855.0
0,2052,2468.0
0,2053,4047.0
0,2054,1739.0
0,2055,2878.0
0,2056,2867.0
0,2057,1262.0
0,2058,2879.0
0,2059,2421.0
0,2067,3638.0
0,2068,1231.0
0,2073,2159.0
0,2075,2978.0
0,2083,512.0
0,2084,1028.0
0,2085,238.0
0,2086,2471.0
0,2087,0.01
0,2088,1564.0
0,2089,810.0
0,2090,452.0
0,2091,3927.0
0,2092,298.0
0,2093,822.0
0,2094,0.01
0,2095,1381.0
0,2103,393.0
0,2104,204.0
0,2107,1988.0
0,2108,1754.0
0,2109,2028.0
0,2110,487.0
0,2115,673.0
0,2197,964.0
0,2198,292.0
0,2199,686.0
0,2200,280.0
0,2203,2850.0
0,2204,544.0
0,2205,371.0
0,2206,372.0
0,2207,890.0
0,2208,221.0
0,2209,940.0
0,2210,452.0
0,2215,1697.0
0,2216,535.0
0,2217,2453.0
0,2245,662.0
0,2246,636.0
0,2247,2009.0
0,2258,3776.0
0,2259,2842.0
0,2260,348.0
0,2283,1320.0
0,2284,1350.0
0,2285,743.0
0,2289,598.0
0,2294,567.0
0,2296,1714.0
0,2297,2239.0
0,2298,935.0
0,2299,2652.0
0,2300,1434.0
0,2301,632.0
0,2304,1119.0
0,2305,1042.0
0,2306,571.0
0,2307,1763.0
0,2308,1515.0
0,2309,1638.0
0,2311,767.0
0,2313,3200.0
0,2316,240.0
0,2318,2214.0
0,2320,0.01
0,2321,2657.0
0,2333,1694.0
0,2334,2816.0
0,2335,809.0
0,2336,687.0
0,2337,471.0
0,2338,2202.0
0,2352,592.0
0,2353,1236.0
0,2354,710.0
0,2359,1193.0
0,2361,1555.0
0,2362,1451.0
0,2363,2724.0
0,2365,491.0
0,2383,1103.0
0,2423,857.0
0,2497,1469.0
0,2499,1768.0
0,2535,925.0
0,2579,1243.0
0,2580,2126.0
0,2664,460.0
0,2665,2329.0
0,2667,2146.0
0,2685,1538.0
0,2686,502.0
0,2688,1598.0
0,2691,805.0
0,2711,6139.0
0,2717,1775.0
0,2718,1566.0
0,2719,2216.0
0,2720,1831.0
0,2724,438.0
0,2730,350.0
0,2731,808.0
0,2739,1394.0
0,2740,2825.0
0,2741,452.0
0,2744,694.0
0,2747,226.0
0,2748,645.0
0,2754,1445.0
0,2755,1725.0
0,2756,153.0
0,2757,2540.0
0,2762,479.0
0,2763,775.0
3,2764,967.0
0,2766,2401.0
0,2768,574.0
0,2769,2675.0
0,2770,2348.0
0,2771,3900.0
0,2772,3079.0
0,2773,3435.0
0,2799,1245.0
0,2810,1462.0
0,2820,519.0
0,2834,3044.0
0,2835,2973.0
0,2866,1565.0
0,2902,1959.0
0,2923,451.0
0,2924,341.0
0,2925,1680.0
0,2926,2058.0
0,2927,2316.0
0,2928,116.0
0,2934,1428.0
0,2936,183.0
0,2937,217.0
0,2938,72.0
0,2950,532.0
0,2951,411.0
0,2952,654.0
0,2955,1020.0
0,2956,2355.0
0,2957,3336.0
0,2961,1698.0
0,2962,2804.0
0,2963,810.0
0,2964,3631.0
0,2965,1258.0
0,2966,364.0
0,2967,91.0
0,2968,2521.0
0,2969,392.0
0,2970,2233.0
0,2971,1161.0
0,2972,2868.0
0,2973,3031.0
0,2974,380.0
0,2975,262.0
0,2982,560.0
0,3001,2714.0
0,3009,1294.0
0,3010,748.0
0,3013,1405.0
0,3035,525.0
0,3059,791.0
0,3060,1252.0
0,3061,3481.0
0,3062,1382.0
0,3093,3873.0
0,3119,430.0
0,3120,1065.0
0,3143,459.0
0,3263,1647.0
0,3284,1289.0
0,3316,1603.0
0,3317,757.0
0,3327,870.0
0,3341,3000.0
0,3342,940.0
0,3355,678.0
0,3399,480.0
0,3400,1635.0
0,3446,582.0
0,3450,242.0
0,3451,555.0
0,3452,540.0
0,3463,3053.0
0,3464,2910.0
0,3470,1410.0
0,3474,670.0
0,3481,1406.0
0,3483,704.0
0,3493,1406.0
0,3503,750.0
0,3519,900.0
0,3527,952.0
0,3532,1864.0
0,3550,819.0
0,3554,943.0
0,3555,1201.0
0,3560,1824.0
0,3561,1045.0
0,3565,1650.0
0,3569,735.0
0,3570,2171.0
0,3575,1092.0
0,3584,1562.0
0,3639,1274.0
0,3723,236.0
0,3727,171.0
0,3729,270.0
0,3731,1037.0
0,3741,470.0
0,3742,430.0
0,3744,292.0
0,3745,508.0
0,3746,90.0
0,3747,49.0
0,3784,174.0
0,3793,468.0
0,3804,3202.0
0,3805,621.0
0,3873,0.01
0,3947,1338.0
0,3960,757.0
0,3961,2554.0
0,3962,0.01
0,3963,736.0
0,3971,2062.0
0,3972,2525.0
0,3976,1786.0
0,4032,2407.0
0,4035,907.0
0,4036,614.0
0,4040,1227.0
0,4041,1127.0
0,4042,580.0
0,4048,591.0
0,4055,110.0
0,4058,849.0
0,4061,650.0
0,4062,3.0
0,4067,713.0
0,4068,260.0
0,4072,887.0
0,4073,371.0
0,4074,0.01
0,4075,1215.0
0,4076,145.0
0,4116,250.0
0,4133,937.0
0,4185,0.01
0,4186,406.0
0,4189,26.0
0,4207,429.0
0,4218,616.0
0,4219,0.01
0,4220,897.0
0,4222,1328.0
0,4226,284.0
0,4227,671.0
0,4297,638.0
0,4308,316.0
0,4325,1595.0
0,4337,422.0
0,4362,1266.0
0,4407,473.0
0,4425,239.0
0,4427,0.01
0,4428,34.0
0,4431,918.0
0,4498,3313.0
0,4620,750.0
0,4628,816.0
0,4630,337.0
0,4675,1184.0
0,4679,213.0
0,4680,0.01
0,4716,0.01
0,4717,0.01
0,4718,390.0
0,4776,0.01
0,4785,0.01
0,4804,0.009999991627410054
1,21,966.0
1,22,0.01
1,36,1076.0
1,40,1701.0
1,109,773.0
1,125,2050.0
1,126,896.0
1,127,554.0
1,128,1001.0
1,129,750.0
1,130,1572.0
1,170,945.0
1,171,907.0
1,213,1123.0
1,214,1704.0
1,215,2078.0
1,216,1781.0
1,217,0.01
1,218,1640.0
1,225,1740.0
1,226,1798.0
1,227,1851.0
1,228,3485.0
1,229,1562.0
1,245,627.0
1,246,1642.0
1,266,1881.0
1,267,2332.0
1,268,1868.0
1,269,2012.0
1,273,2043.0
1,274,1551.0
1,275,2525.0
1,276,2788.0
1,277,2428.0
1,278,1462.0
1,279,1929.0
1,281,1507.0
1,282,1515.0
1,286,1787.0
1,290,2084.0
1,291,1087.0
1,325,1936.0
1,326,449.0
1,327,259.0
1,329,2897.0
1,331,2563.0
1,333,1930.0
1,335,3494.0
1,336,2863.0
1,337,2493.0
1,338,1081.0
1,348,1674.0
1,349,652.0
1,377,1967.0
1,378,1631.0
1,379,1432.0
1,505,2103.0
1,506,2794.0
1,507,2787.0
1,508,1284.0
1,509,954.0
1,510,2590.0
1,511,1540.0
1,512,1577.0
1,513,2610.0
1,514,3277.0
1,515,3014.0
1,516,1252.0
1,517,1301.0
1,519,742.0
1,520,331.0
1,521,157.0
1,522,1248.0
1,523,1791.0
1,524,2580.0
1,525,1953.0
1,526,1301.0
1,527,2483.0
1,528,2398.0
1,529,2408.0
1,531,1305.0
1,532,2075.0
1,615,1266.0
1,616,657.0
1,631,1294.0
1,632,856.0
1,633,1232.0
1,634,1964.0
1,635,2517.0
1,636,411.0
1,637,2419.0
1,638,3412.0
1,639,1696.0
1,663,2970.0
1,664,3063.0
1,665,1936.0
1,666,1488.0
1,667,2618.0
1,668,2002.0
1,669,676.0
1,670,2447.0
1,672,1743.0
1,673,1019.0
1,674,1189.0
1,679,1641.0
1,680,1546.0
1,681,0.01
1,682,864.0
1,683,986.0
1,684,1432.0
1,685,950.0
1,721,1103.0
1,722,330.0
1,723,107.0
1,727,2994.0
1,754,1994.0
1,755,1149.0
1,756,1206.0
1,757,2451.0
1,760,2842.0
11,761,1977.0
1,762,1558.0
1,763,1879.0
1,764,1780.0
1,787,1377.0
1,788,1320.0
1,789,1825.0
1,790,912.0
1,791,1104.0
1,793,666.0
1,794,1353.0
1,821,1201.0
1,822,2261.0
1,841,404.0
1,870,1848.0
1,871,909.0
1,872,1451.0
1,912,698.0
1,913,437.0
1,914,705.0
1,915,401.0
1,916,1155.0
1,917,152.0
1,918,2678.0
1,919,352.0
1,920,1384.0
1,921,739.0
1,922,999.0
1,923,15.0
1,925,1604.0
1,970,3733.0
1,971,2712.0
1,990,2213.0
1,991,424.0
1,1014,1576.0
1,1015,1803.0
1,1016,3153.0
1,1017,3571.0
1,1019,2663.0
1,1059,1037.0
1,1172,1960.0
1,1186,2025.0
1,1189,3431.0
1,1190,3710.0
1,1191,3214.0
1,1209,1110.0
1,1234,1543.0
1,1235,1439.0
1,1283,961.0
1,1330,1210.0
1,1331,727.0
1,1340,1379.0
1,1341,0.01
1,1342,604.0
1,1348,1590.0
1,1349,2091.0
1,1350,2276.0
1,1351,1229.0
1,1352,1410.0
1,1390,1896.0
1,1391,2360.0
1,1406,431.0
1,1423,3788.0
1,1534,2741.0
1,1535,1987.0
1,1536,1549.0
1,1537,1952.0
1,1538,2376.0
1,1539,1476.0
1,1540,1995.0
1,1541,1485.0
1,1544,558.0
1,1575,1384.0
1,1617,1384.0
1,1619,1525.0
1,1620,2481.0
1,1623,1534.0
1,1624,1433.0
1,1625,2650.0
1,1626,4911.0
1,1645,1859.0
1,1668,1936.0
1,1669,3726.0
1,1698,3416.0
1,1699,2334.0
1,1700,1530.0
1,1701,2319.0
1,1702,2099.0
1,1704,2626.0
1,1741,2867.0
1,1742,3382.0
1,1745,788.0
1,1746,1251.0
1,1747,717.0
1,1771,1635.0
1,1772,2430.0
1,1773,2317.0
1,1792,596.0
1,1793,2534.0
1,1796,390.0
1,1819,1307.0
1,1820,850.0
1,1821,1270.0
1,2117,1414.0
1,2118,1917.0
1,2119,2148.0
1,2120,1410.0
1,2121,3672.0
1,2122,3052.0
1,2125,2984.0
1,2126,3631.0
1,2127,3682.0
1,2129,1500.0
1,2194,2299.0
1,2201,1698.0
1,2202,666.0
1,2211,1139.0
1,2212,2241.0
1,2213,1658.0
1,2214,1443.0
1,2317,362.0
1,2447,3531.0
1,2448,3720.0
1,2449,2362.0
1,2450,2493.0
1,2451,1352.0
1,2452,2307.0
1,2453,3816.0
1,2476,1302.0
1,2477,2399.0
1,2478,1701.0
1,2479,2213.0
1,2480,2850.0
1,2481,1888.0
1,2482,1491.0
1,2493,3654.0
1,2494,3510.0
1,2495,1068.0
1,2496,2057.0
1,2527,1614.0
1,2531,3372.0
1,2553,632.0
1,2645,810.0
1,2646,1559.0
1,2650,3403.0
1,2693,708.0
1,2694,491.0
1,2708,1768.0
1,2709,3006.0
1,2710,869.0
1,2716,0.01
1,2734,3666.0
1,2735,2167.0
1,2736,2281.0
1,2738,3151.0
1,2795,1839.0
1,2837,2344.0
1,2838,1296.0
1,2839,1874.0
1,2865,572.0
1,2929,1462.0
1,2930,2070.0
1,2931,2470.0
1,2939,1920.0
1,2940,3167.0
1,2941,3873.0
1,2942,1060.0
1,2981,653.0
1,2987,519.0
1,2999,354.0
1,3000,1032.0
1,3014,1166.0
1,3015,1834.0
1,3016,1733.0
1,3036,2335.0
1,3042,281.0
1,3043,971.0
1,3046,1419.0
1,3056,1174.0
1,3057,1877.0
1,3058,2557.0
1,3077,3384.0
1,3078,1421.0
1,3079,2339.0
1,3080,1998.0
1,3081,3472.0
1,3082,1097.0
1,3083,1725.0
1,3084,1678.0
1,3125,2232.0
1,3156,720.0
1,3166,2762.0
1,3167,2839.0
1,3168,1516.0
1,3169,1553.0
1,3170,1796.0
1,3171,507.0
1,3172,804.0
1,3179,2582.0
1,3180,3160.0
1,3181,774.0
1,3205,2097.0
1,3206,2371.0
1,3207,256.0
1,3208,441.0
1,3221,1588.0
1,3223,1071.0
1,3224,1717.0
1,3225,1796.0
1,3226,1786.0
1,3227,2733.0
1,3228,1954.0
1,3229,1857.0
1,3241,1351.0
1,3242,1132.0
1,3243,1606.0
1,3244,2195.0
1,3245,1756.0
1,3253,2509.0
1,3254,2362.0
1,3255,1606.0
1,3256,1215.0
1,3265,1372.0
1,3266,1213.0
1,3286,454.0
1,3300,431.0
1,3309,2813.0
1,3310,2899.0
1,3312,1399.0
1,3314,726.0
1,3315,414.0
1,3345,1855.0
1,3349,2779.0
1,3364,619.0
1,3366,1686.0
1,3376,1443.0
1,3388,2793.0
1,3389,1805.0
1,3392,1940.0
1,3426,764.0
1,3465,3027.0
1,3471,2342.0
1,3472,2567.0
1,3473,1163.0
1,3480,827.0
1,3533,1814.0
1,3549,1124.0
1,3567,437.0
1,3601,1693.0
1,3602,2189.0
1,3604,2531.0
1,3629,2723.0
1,3638,2517.0
1,3683,2016.0
1,3708,2365.0
1,3710,1671.0
1,3711,1732.0
1,3724,739.0
1,3756,350.0
1,3762,902.0
1,3775,1241.0
1,3806,1970.0
1,3807,2727.0
1,3813,1325.0
1,3845,2838.0
1,3846,1977.0
1,3849,2104.0
1,3857,2268.0
1,3858,3529.0
1,3878,737.0
1,3879,1557.0
1,3880,2627.0
1,3905,2013.0
1,3906,2047.0
1,3909,2430.0
1,3910,433.0
1,3911,127.0
1,3912,2908.0
1,3921,2908.0
1,3922,1531.0
1,3931,2480.0
1,3932,1401.0
1,3975,2502.0
1,3989,1398.0
1,4011,735.0
1,4043,62.0
1,4080,2003.0
1,4081,1478.0
1,4099,1204.0
1,4100,1327.0
1,4139,1654.0
1,4148,2342.0
1,4151,2043.0
1,4181,2613.0
1,4238,3226.0
1,4239,1530.0
1,4269,1528.0
1,4272,2258.0
1,4273,1336.0
1,4274,1574.0
1,4276,1894.0
1,4278,2068.0
1,4309,815.0
1,4312,1882.0
1,4372,0.01
1,4376,1911.0
1,4451,2208.0
1,4459,1785.0
1,4467,1713.0
1,4482,687.0
1,4487,1678.0
1,4567,2068.0
1,4571,868.0
1,4572,1559.0
1,4573,1926.0
1,4574,2053.0
1,4594,1563.0
1,4601,577.0
1,4641,2593.0
1,4685,2491.0
1,4691,1515.0
1,4726,0.01
1,4727,1264.0
1,4750,0.01
1,4752,1090.0
1,4763,1313.0
1,4788,1232.0
2,23,2113.0
2,24,2838.0
2,26,3334.0
2,27,2134.0
2,28,3937.0
2,29,3312.0
2,38,2060.0
2,50,2946.0
2,51,4154.0
2,55,1791.0
2,60,1669.0
2,68,3232.0
2,71,2211.0
2,85,2741.0
2,86,1432.0
2,91,3477.0
2,92,1427.0
2,95,2295.0
2,107,2819.0
2,108,3276.0
2,232,4220.0
2,344,1653.0
2,345,1590.0
2,346,2297.0
2,347,2363.0
2,451,2760.0
2,577,3041.0
2,580,2683.0
2,857,2390.0
2,858,2008.0
2,859,741.0
2,875,2224.0
2,876,2764.0
2,905,254.0
2,906,2112.0
2,907,2518.0
2,908,1133.0
2,909,1292.0
2,910,2008.0
2,945,1231.0
2,946,2501.0
2,947,2765.0
2,948,3496.0
2,949,2223.0
2,950,1676.0
2,951,2547.0
2,952,2043.0
2,972,2565.0
2,973,3443.0
2,977,2486.0
2,978,3298.0
2,979,2457.0
2,980,2796.0
4,981,2176.0
2,992,463.0
2,1044,238.0
2,1091,2308.0
2,1092,3982.0
2,1093,4028.0
2,1123,3192.0
2,1124,2142.0
2,1125,2696.0
2,1126,3106.0
2,1130,3443.0
2,1131,873.0
2,1132,1370.0
2,1133,1002.0
2,1214,2279.0
2,1215,2111.0
2,1216,2627.0
2,1217,2333.0
2,1218,1614.0
2,1219,2938.0
2,1220,2542.0
2,1221,2828.0
2,1268,1479.0
2,1269,1978.0
2,1343,2074.0
2,1344,2019.0
2,1345,2385.0
2,1346,2296.0
2,1347,4228.0
2,1353,6104.0
2,1354,2430.0
2,1355,2709.0
2,1356,2428.0
2,1357,2270.0
2,1358,2378.0
2,1460,2417.0
2,1461,2965.0
2,1496,1425.0
2,1497,1156.0
2,1498,2053.0
2,1499,2028.0
2,1500,999.0
2,1501,1271.0
2,1646,4062.0
2,1650,1383.0
2,1651,1627.0
2,1689,2779.0
2,1690,2324.0
2,1691,2863.0
2,1692,1527.0
2,1693,1781.0
2,1694,1409.0
2,1695,2264.0
2,1696,2739.0
2,1705,2659.0
2,1706,2268.0
2,1724,964.0
2,1733,3439.0
2,1734,2266.0
2,1735,3097.0
2,1736,2084.0
2,1737,2911.0
2,1738,3029.0
2,1750,2416.0
2,1751,2904.0
2,1752,1773.0
2,1753,1555.0
2,1754,2669.0
2,1756,2962.0
2,1757,2402.0
2,1758,2901.0
2,1759,2475.0
2,1763,3241.0
2,1782,2407.0
2,1783,2827.0
2,1787,681.0
2,1788,911.0
2,1789,446.0
2,1813,3632.0
2,1814,2230.0
2,1815,3342.0
2,1816,2995.0
2,1817,3012.0
2,1824,3002.0
2,1831,3229.0
2,1850,3422.0
2,1851,1656.0
2,1852,3344.0
2,1853,2057.0
2,1854,2820.0
2,1855,2540.0
2,1856,1799.0
2,1865,2053.0
2,1866,1675.0
2,1871,2329.0
2,1872,1660.0
2,1928,3145.0
2,1952,2706.0
2,1954,4324.0
2,1955,10752.0
2,1956,5952.0
2,1957,3473.0
2,2077,2557.0
2,2078,3328.0
2,2079,845.0
2,2080,2959.0
2,2081,5115.0
2,2082,3045.0
2,2191,2492.0
2,2218,2649.0
2,2219,3231.0
2,2319,1635.0
2,2322,3310.0
2,2323,2793.0
2,2324,3594.0
2,2326,2364.0
2,2327,2657.0
2,2355,2221.0
2,2357,2436.0
2,2358,3246.0
2,2364,2574.0
2,2376,2778.0
2,2377,1758.0
2,2384,2129.0
2,2385,3028.0
2,2386,2974.0
2,2387,2666.0
2,2388,3174.0
2,2410,3557.0
2,2692,1855.0
2,2706,835.0
2,2712,1220.0
2,2714,328.0
2,2715,2471.0
2,2721,2836.0
2,2722,3382.0
2,2723,3631.0
2,2725,2563.0
2,2749,2213.0
2,2750,2674.0
2,2751,2032.0
4,2789,1200.0
2,2797,2793.0
2,2798,3285.0
2,2802,2560.0
2,2844,2541.0
2,2910,858.0
2,2976,3104.0
2,2977,2570.0
2,2978,2904.0
2,2979,3551.0
2,2980,4048.0
2,2997,1505.0
2,3003,3999.0
2,3007,2741.0
2,3008,2544.0
2,3041,2673.0
2,3090,3295.0
2,3091,2706.0
2,3129,2538.0
2,3130,2618.0
2,3141,2255.0
2,3285,2105.0
2,3294,3540.0
2,3323,3199.0
2,3324,2509.0
2,3325,2625.0
2,3326,2240.0
2,3335,3261.0
2,3362,1779.0
2,3363,2857.0
2,3377,3708.0
2,3378,3644.0
2,3379,1226.0
2,3380,3006.0
2,3381,2430.0
2,3382,1924.0
2,3407,2918.0
2,3419,2631.0
2,3420,2743.0
2,3433,3938.0
2,3461,2564.0
2,3462,3300.0
2,3466,4240.0
2,3469,2136.0
2,3477,4337.0
2,3482,2222.0
2,3484,855.0
2,3489,3019.0
2,3505,1133.0
2,3523,1824.0
2,3524,3308.0
2,3525,2768.0
2,3526,1881.0
2,3528,1938.0
2,3529,2611.0
2,3571,1254.0
2,3583,2191.0
2,3597,3663.0
2,3630,1810.0
2,3682,3133.0
2,3730,2126.0
2,3734,2096.0
2,3735,2952.0
2,3769,2650.0
2,3783,2582.0
2,3814,1423.0
2,3815,1981.0
2,3817,2858.0
2,3818,2677.0
2,3826,3288.0
2,3827,3621.0
2,3836,2112.0
2,3859,2233.0
2,3969,4488.0
2,4029,2942.0
2,4030,3131.0
2,4031,2507.0
2,4034,1311.0
2,4044,2586.0
2,4112,1957.0
2,4122,3214.0
2,4123,2142.0
2,4132,2989.0
2,4184,3300.0
2,4187,2376.0
2,4199,2488.0
2,4221,1809.0
2,4224,2368.0
2,4233,2894.0
2,4260,1745.0
2,4327,2329.0
2,4334,2397.0
2,4335,3182.0
2,4339,0.01
2,4354,2248.0
2,4364,2840.0
2,4365,2251.0
2,4405,3098.0
2,4406,2588.0
2,4497,2143.0
2,4507,2740.0
2,4509,952.0
2,4517,3425.0
2,4551,2737.0
2,4552,2857.0
2,4633,2651.0
2,4660,3362.0
2,4662,0.01
2,4663,1339.0
2,4664,1637.0
2,4681,1846.0
2,4683,2644.0
2,4701,0.01
2,4704,2824.0
2,4744,0.01
2,4779,3169.0
2,4801,4.0
2,4802,0.01
3,25,2454.0
3,39,4435.0
3,44,2488.0
3,45,4023.0
3,46,3612.0
3,47,3127.0
3,48,3460.0
3,49,2704.0
3,52,3158.0
3,53,3090.0
3,54,1236.0
3,56,2859.0
3,57,1728.0
3,58,2437.0
3,59,4801.0
3,61,1885.0
3,62,2510.0
3,63,2391.0
3,64,1640.0
3,65,1867.0
3,66,2239.0
3,67,2656.0
3,69,2114.0
3,70,3655.0
3,72,3289.0
3,73,2337.0
3,74,2096.0
3,75,2241.0
3,76,2744.0
3,77,3917.0
3,78,3294.0
3,81,1939.0
3,82,3571.0
3,83,3602.0
3,84,5210.0
3,87,4232.0
3,93,2896.0
3,94,3489.0
3,103,2083.0
3,104,3133.0
3,230,1427.0
3,231,2755.0
3,233,2213.0
3,234,3293.0
3,235,3581.0
3,236,3016.0
3,242,2670.0
3,243,3515.0
3,244,1370.0
3,295,1627.0
3,341,1967.0
3,342,1816.0
3,343,2440.0
3,571,3116.0
3,572,3126.0
3,573,1159.0
3,574,3127.0
3,575,4266.0
3,576,5623.0
3,578,1663.0
3,579,2429.0
3,604,1962.0
3,605,702.0
3,606,1785.0
3,911,2603.0
5,939,1807.0
3,1043,547.0
3,1270,1908.0
3,1271,1141.0
3,1272,2716.0
3,1275,3517.0
3,1291,4282.0
3,1292,3093.0
3,1368,1765.0
3,1369,1748.0
3,1370,2050.0
3,1439,2600.0
3,1440,1348.0
3,1517,3417.0
3,1518,1755.0
3,1519,2381.0
3,1520,1803.0
3,1521,3734.0
3,1522,1947.0
3,1562,1822.0
3,1563,1892.0
3,1564,1994.0
3,1565,2841.0
3,1566,1997.0
3,1567,4295.0
3,1568,3329.0
3,1578,1599.0
3,1579,1997.0
3,1580,2138.0
3,1581,8219.0
3,1582,3971.0
3,1583,1935.0
3,1584,2664.0
3,1585,2399.0
3,1586,1954.0
3,1610,1964.0
3,1613,1640.0
3,1614,1636.0
3,1616,1936.0
3,1660,1947.0
3,1666,1769.0
3,1739,3730.0
3,1740,2953.0
3,1764,3200.0
3,1776,3394.0
3,1777,2100.0
3,1794,1705.0
3,1795,1382.0
3,1798,2374.0
3,1799,1773.0
3,1834,1590.0
3,1857,1702.0
3,1858,2376.0
3,1859,1568.0
3,1860,1373.0
3,1861,2538.0
3,1863,2279.0
3,1864,2147.0
3,1867,3055.0
3,1869,1802.0
3,1907,3398.0
3,1908,1986.0
3,1909,3154.0
3,1915,2368.0
3,1987,1992.0
3,2189,1562.0
3,2190,1799.0
3,2241,1242.0
3,2257,1861.0
3,2290,1396.0
3,2291,2030.0
3,2292,2396.0
3,2293,1715.0
3,2295,3013.0
3,2302,1227.0
3,2303,3039.0
3,2310,1314.0
3,2312,3219.0
3,2314,1857.0
3,2315,3127.0
3,2325,2746.0
3,2328,2692.0
3,2329,2526.0
3,2330,1136.0
3,2331,1871.0
3,2332,3373.0
3,2341,3530.0
3,2342,1810.0
3,2343,1690.0
3,2344,2653.0
3,2345,2352.0
3,2346,3507.0
3,2347,3095.0
3,2348,1964.0
3,2349,1599.0
3,2350,4087.0
3,2351,2544.0
3,2366,2460.0
3,2367,2364.0
3,2368,3418.0
3,2369,2250.0
3,2370,2290.0
3,2371,2821.0
3,2372,3582.0
3,2379,1772.0
3,2380,1295.0
3,2381,1993.0
3,2382,1762.0
3,2397,1594.0
3,2409,2616.0
3,2411,2013.0
3,2412,1653.0
3,2413,2813.0
3,2414,4378.0
3,2415,2233.0
3,2416,1310.0
3,2443,3280.0
3,2444,2481.0
3,2445,1303.0
3,2446,1797.0
3,2581,3573.0
3,2613,2106.0
3,2614,1335.0
3,2615,2601.0
3,2666,2436.0
3,2687,2723.0
3,2707,536.0
3,2811,1941.0
3,2867,733.0
3,2872,1012.0
3,2873,2268.0
3,2874,2659.0
3,2875,1689.0
3,2888,2272.0
3,2911,1870.0
3,2943,3363.0
3,2947,2898.0
3,2948,2135.0
3,2949,2239.0
3,2960,2206.0
3,2983,4489.0
3,2984,2512.0
3,2986,2225.0
3,2988,1918.0
3,2989,2550.0
3,2990,2857.0
3,2991,1811.0
3,2992,3476.0
3,2993,1576.0
3,2994,2794.0
3,2995,5881.0
3,2996,1622.0
3,2998,2365.0
3,3002,2467.0
3,3004,1702.0
3,3005,1912.0
3,3006,2059.0
3,3011,2424.0
3,3012,3981.0
3,3037,2049.0
3,3038,6103.0
3,3039,2119.0
3,3040,2064.0
3,3045,2523.0
3,3087,2391.0
3,3088,1864.0
3,3089,1776.0
3,3092,991.0
3,3142,2420.0
3,3445,1124.0
3,3448,1684.0
3,3559,979.0
3,3566,1064.0
3,3568,3336.0
3,3576,3994.0
3,3577,2113.0
3,3578,3378.0
3,3579,1182.0
3,3580,3044.0
3,3582,2760.0
3,3626,3388.0
3,3627,2719.0
3,3628,2355.0
3,3781,1418.0
3,3782,0.01
3,3796,2839.0
3,3812,1508.0
3,3816,3030.0
3,3819,3297.0
3,3820,2246.0
3,3821,2805.0
3,3822,1919.0
3,3823,1933.0
3,3824,3611.0
3,3825,2297.0
3,3835,2002.0
3,3837,3360.0
3,3838,3247.0
3,3839,4058.0
3,3840,2420.0
3,3850,1054.0
6,4025,2099.0
3,4026,2315.0
3,4047,1516.0
3,4049,2384.0
3,4101,1578.0
3,4104,1730.0
3,4113,3734.0
3,4115,3018.0
3,4117,1406.0
3,4118,3036.0
3,4119,2562.0
3,4120,801.0
3,4124,2577.0
3,4125,2340.0
3,4126,2236.0
3,4129,2057.0
3,4130,2698.0
3,4131,2402.0
3,4141,2619.0
3,4142,2352.0
3,4223,1554.0
3,4225,2774.0
3,4232,1876.0
3,4234,1612.0
3,4235,1789.0
3,4262,2674.0
3,4363,2903.0
3,4366,2901.0
3,4367,1578.0
3,4392,1894.0
3,4416,1953.0
3,4429,2253.0
3,4430,2014.0
3,4434,2237.0
3,4439,1620.0
3,4512,3514.0
3,4513,3202.0
3,4514,1742.0
3,4515,3004.0
3,4550,2717.0
3,4561,3143.0
3,4591,706.0
3,4609,2208.0
3,4610,1854.0
3,4616,2867.0
3,4629,3199.0
3,4631,2311.0
3,4639,3925.0
3,4719,2991.0
3,4738,2377.0
3,4739,1066.0
3,4758,1482.0
3,4784,1754.0
4,37,2462.0
4,186,1096.0
4,187,2576.0
4,188,3051.0
4,189,2119.0
4,190,1953.0
4,191,1857.0
4,192,1911.0
4,219,1993.0
4,220,1755.0
4,221,3787.0
4,222,2179.0
4,223,1571.0
4,224,1602.0
4,237,3572.0
4,238,3128.0
4,249,2401.0
4,473,3788.0
4,474,3686.0
4,541,2530.0
4,542,2211.0
4,974,1968.0
4,975,2930.0
4,976,2317.0
4,982,1723.0
4,983,2638.0
4,984,2546.0
4,985,2386.0
4,986,2577.0
4,987,2364.0
4,988,3679.0
4,989,2379.0
4,1005,3665.0
4,1010,3562.0
4,1011,1904.0
4,1060,1106.0
4,1061,1334.0
4,1062,1558.0
4,1063,2828.0
4,1064,1675.0
4,1065,2450.0
4,1134,4120.0
4,1135,2745.0
4,1199,2811.0
4,1200,2502.0
4,1201,3749.0
4,1202,2483.0
4,1203,3574.0
4,1204,2689.0
4,1205,1939.0
4,1206,2604.0
4,1207,1988.0
4,1222,2521.0
4,1223,3416.0
4,1224,2138.0
4,1225,3323.0
4,1226,2476.0
4,1227,2307.0
4,1228,1955.0
4,1229,4873.0
4,1230,4296.0
4,1231,3432.0
4,1232,3033.0
4,1233,2087.0
4,1273,2663.0
4,1274,2943.0
4,1276,1957.0
4,1277,2436.0
4,1278,2964.0
4,1285,2361.0
4,1286,3320.0
4,1287,2139.0
4,1288,3479.0
4,1289,2444.0
4,1290,3167.0
4,1293,3146.0
4,1294,2427.0
4,1295,4101.0
4,1296,1678.0
4,1297,1490.0
4,1298,1926.0
4,1299,2614.0
4,1300,1993.0
4,1301,2379.0
4,1302,2408.0
4,1303,2524.0
4,1359,3468.0
4,1375,2411.0
4,1376,4670.0
4,1377,1888.0
4,1378,2556.0
4,1379,1909.0
4,1380,1821.0
4,1381,3548.0
4,1382,2451.0
4,1383,2690.0
4,1462,3196.0
4,1463,2751.0
4,1464,458.0
4,1465,4842.0
4,1466,3368.0
4,1587,2122.0
4,1588,1915.0
4,1589,3729.0
4,1590,3464.0
4,1591,1469.0
4,1592,2620.0
4,1593,2736.0
4,1594,3134.0
4,1596,2039.0
4,1597,2689.0
4,1611,3325.0
4,1612,1161.0
4,1647,2867.0
4,1648,3036.0
4,1649,1669.0
4,1652,2096.0
4,1653,3038.0
4,1654,4361.0
4,1766,1427.0
4,1767,2942.0
4,1768,1323.0
4,1780,4509.0
4,1781,3311.0
4,1822,1562.0
4,1823,2494.0
4,1825,1422.0
4,1826,2455.0
4,1827,1708.0
4,1828,2240.0
4,1829,3990.0
4,1830,3245.0
4,1832,1959.0
4,1833,2397.0
4,1835,2307.0
4,1870,3685.0
4,1883,2500.0
4,1884,2909.0
4,1885,2430.0
4,1911,1914.0
4,1912,2162.0
4,1913,946.0
4,1914,3334.0
4,1916,2510.0
4,1917,2568.0
4,1918,3373.0
4,1919,1394.0
4,1920,2218.0
4,1921,2132.0
4,1922,3691.0
4,1930,2115.0
4,1931,2185.0
4,1932,2781.0
4,1935,1977.0
4,1938,1288.0
4,1939,3162.0
4,1940,1240.0
4,1941,2967.0
4,1958,3207.0
4,1959,2937.0
4,1960,1995.0
4,1961,2177.0
4,1964,2515.0
4,1981,2324.0
4,1982,1412.0
4,1983,1832.0
4,1984,3014.0
4,1985,3119.0
4,1986,2807.0
4,2007,3426.0
4,2008,2668.0
4,2009,2581.0
4,2016,3082.0
4,2017,1465.0
4,2028,1875.0
4,2029,2420.0
4,2030,2835.0
4,2031,3436.0
4,2032,2424.0
4,2033,2611.0
4,2034,1543.0
4,2035,3320.0
4,2096,3074.0
4,2097,3289.0
4,2098,1705.0
4,2099,1473.0
4,2100,3010.0
4,2101,2323.0
4,2102,2325.0
4,2220,1682.0
4,2221,2489.0
4,2229,1760.0
4,2242,3762.0
4,2243,2581.0
4,2248,2778.0
4,2252,2925.0
4,2253,2494.0
4,2254,3174.0
4,2255,1585.0
4,2256,1105.0
4,2261,2639.0
4,2356,3158.0
4,2498,2590.0
4,2578,3332.0
4,2608,2841.0
4,2726,2369.0
4,2727,3203.0
4,2728,1958.0
4,2729,2016.0
4,2742,1520.0
4,2743,1846.0
4,2745,1866.0
4,2746,2506.0
4,2758,2526.0
4,2759,2634.0
6,2760,3414.0
4,2767,1153.0
4,2788,2891.0
4,2793,3359.0
4,2794,3221.0
4,2800,1747.0
4,2801,2457.0
4,2909,1444.0
4,2920,2994.0
4,2944,2580.0
4,2945,1770.0
4,2985,3805.0
4,3034,3198.0
4,3048,3077.0
4,3049,0.01
4,3295,3575.0
4,3296,3187.0
4,3297,2595.0
4,3298,2263.0
4,3299,2025.0
4,3304,2588.0
4,3305,6013.0
4,3306,1589.0
4,3307,2505.0
4,3308,1341.0
4,3356,2381.0
4,3357,2009.0
4,3358,3499.0
4,3359,2713.0
4,3360,1602.0
4,3369,2948.0
4,3370,2552.0
4,3386,2055.0
4,3387,3023.0
4,3409,1431.0
4,3475,2161.0
4,3485,2773.0
4,3486,1587.0
4,3499,1598.0
4,3500,2394.0
4,3501,2274.0
4,3502,1173.0
4,3513,2682.0
4,3514,2528.0
4,3530,1581.0
4,3552,2803.0
4,3557,2079.0
4,3558,1837.0
4,3574,1557.0
4,3732,2884.0
4,3753,1482.0
4,3755,1592.0
4,3770,656.0
4,3803,851.0
4,3956,2323.0
4,3964,3021.0
4,3977,2325.0
4,3978,3556.0
4,3979,1370.0
4,3980,2631.0
4,3981,2274.0
4,3982,1829.0
4,3984,2251.0
4,3985,2049.0
4,3986,2520.0
4,3994,2972.0
4,4019,2244.0
4,4020,3316.0
4,4046,3071.0
4,4050,1985.0
4,4056,3452.0
4,4057,2799.0
4,4102,2335.0
4,4103,2270.0
4,4188,2294.0
4,4214,2342.0
4,4295,1605.0
4,4298,1977.0
4,4333,2784.0
4,4338,2410.0
4,4346,2121.0
4,4347,2482.0
4,4356,1415.0
4,4357,1876.0
4,4423,1466.0
4,4424,1628.0
4,4477,2151.0
4,4478,3440.0
4,4483,1949.0
4,4503,1740.0
4,4589,1623.0
4,4590,1816.0
4,4602,1482.0
4,4604,0.01
4,4627,2400.0
4,4651,2161.0
4,4678,1858.0
4,4769,1443.0
4,4774,3025.0
4,4795,1043.0
5,42,5959.0
5,43,3788.0
5,110,3475.0
5,111,2149.0
5,112,2561.0
5,113,2465.0
5,114,2869.0
5,115,2509.0
5,116,1543.0
5,117,2715.0
5,118,2889.0
5,121,3306.0
5,134,2023.0
5,135,2564.0
5,138,1702.0
5,139,1682.0
5,140,1895.0
5,144,2234.0
5,145,2366.0
5,149,3787.0
5,150,2021.0
5,151,2859.0
5,152,2685.0
5,162,2148.0
5,163,2553.0
5,165,2121.0
5,169,1701.0
5,182,2703.0
5,183,1551.0
5,200,3183.0
5,241,3167.0
5,270,1507.0
5,271,2119.0
5,272,2025.0
5,324,1311.0
5,334,1792.0
5,433,2422.0
5,434,3046.0
5,435,2076.0
5,436,2639.0
5,437,2332.0
5,438,2740.0
5,439,2296.0
5,440,1891.0
5,441,1688.0
5,442,2054.0
5,444,3687.0
5,445,2179.0
5,456,2439.0
5,503,3176.0
5,504,3360.0
5,607,1108.0
5,608,1785.0
5,609,1805.0
5,612,2928.0
5,613,1583.0
5,614,4742.0
5,617,3261.0
5,619,3021.0
5,622,2910.0
5,623,3051.0
5,624,2005.0
5,629,1276.0
5,630,1655.0
5,671,1293.0
5,675,1266.0
5,676,3037.0
5,687,1729.0
5,705,1682.0
5,724,1993.0
5,728,1636.0
5,729,1827.0
5,730,2581.0
5,731,2919.0
5,732,2143.0
5,733,2303.0
5,734,1138.0
5,782,2096.0
5,783,2069.0
5,795,1040.0
5,827,1060.0
5,847,1049.0
5,848,1781.0
5,849,887.0
5,850,1491.0
5,851,1601.0
5,852,2335.0
5,853,1541.0
5,854,1914.0
5,855,2359.0
5,861,1138.0
5,862,1852.0
5,863,1826.0
5,864,1509.0
5,865,1716.0
5,897,2040.0
5,926,3526.0
5,927,3242.0
5,928,1424.0
5,929,1522.0
5,930,7.0
5,931,2045.0
5,932,2091.0
5,933,1523.0
5,938,2435.0
5,940,676.0
5,941,2150.0
5,942,1125.0
5,944,893.0
5,995,1684.0
5,996,1270.0
5,1021,3635.0
5,1022,1548.0
5,1033,2188.0
5,1034,1481.0
5,1035,2444.0
5,1036,558.0
5,1037,813.0
5,1038,870.0
5,1039,2832.0
5,1040,1293.0
5,1121,2877.0
5,1129,2484.0
5,1148,1254.0
5,1149,1450.0
5,1150,2104.0
5,1159,809.0
5,1165,2339.0
5,1166,2223.0
5,1167,1691.0
5,1174,1262.0
5,1175,1319.0
5,1183,1773.0
5,1187,1395.0
5,1188,1788.0
5,1192,2826.0
5,1193,2348.0
5,1194,2849.0
5,1195,7010.0
5,1196,516.0
5,1367,2812.0
5,1387,2313.0
5,1388,2142.0
5,1389,2435.0
5,1420,2111.0
5,1421,2449.0
5,1422,2895.0
5,1424,1354.0
5,1425,1627.0
5,1426,2125.0
5,1441,1873.0
5,1573,1792.0
5,1574,2416.0
5,1576,1458.0
5,1615,2011.0
5,1618,928.0
5,1621,2858.0
5,1622,3075.0
5,1627,1372.0
5,1655,3266.0
5,1661,1458.0
5,1662,3003.0
5,1663,2610.0
5,1664,1102.0
5,1665,2509.0
5,1667,2455.0
5,1677,1376.0
5,1681,2110.0
5,1682,1513.0
5,1703,1975.0
5,1725,1617.0
5,1749,1511.0
5,1770,2046.0
5,1774,3898.0
5,1775,1997.0
5,1797,126.0
5,1868,1331.0
5,2074,2422.0
5,2076,1288.0
5,2178,2092.0
5,2179,2660.0
5,2180,1972.0
5,2181,2684.0
5,2182,4.0
5,2183,2295.0
5,2184,2851.0
5,2185,2522.0
5,2186,2776.0
5,2187,0.01
5,2188,2266.0
5,2192,2474.0
5,2193,2020.0
5,2230,2427.0
5,2231,1122.0
5,2240,1191.0
5,2244,1292.0
5,2339,1445.0
5,2340,1744.0
5,2360,1355.0
5,2373,3119.0
5,2374,1098.0
5,2375,6011.0
5,2378,2011.0
5,2419,3199.0
5,2424,1923.0
5,2582,3389.0
5,2583,2411.0
5,2584,3463.0
5,2585,2491.0
5,2586,1744.0
5,2587,1817.0
5,2673,1616.0
5,2674,3119.0
5,2675,1268.0
5,2689,2116.0
5,2690,1218.0
5,2695,1726.0
5,2696,1731.0
5,2713,1609.0
5,2732,3133.0
5,2733,1842.0
5,2737,1680.0
5,2796,2132.0
5,2812,1974.0
5,2817,829.0
5,2818,2318.0
5,2821,3474.0
5,2822,1863.0
5,2823,1064.0
5,2826,1112.0
5,2827,427.0
5,2828,3171.0
5,2832,1863.0
5,2833,1145.0
5,2836,1618.0
5,2840,1958.0
5,2841,1884.0
5,2860,2086.0
5,2861,2459.0
5,2862,1022.0
5,2863,916.0
5,2946,2619.0
5,2958,6352.0
5,2959,1120.0
5,3017,2014.0
5,3020,3547.0
5,3027,1796.0
5,3028,2735.0
5,3029,2351.0
5,3030,1300.0
5,3031,78.0
5,3047,2225.0
5,3109,2629.0
5,3110,1977.0
5,3111,2028.0
5,3112,2012.0
5,3113,1821.0
5,3114,3034.0
5,3115,3201.0
5,3116,2914.0
5,3144,1038.0
5,3145,2207.0
5,3147,4252.0
5,3148,2061.0
5,3165,2213.0
5,3182,3088.0
5,3183,1602.0
5,3184,3516.0
5,3186,1858.0
5,3187,1942.0
5,3197,294.0
5,3209,3089.0
5,3220,2427.0
5,3259,1065.0
5,3277,2490.0
5,3278,2272.0
5,3279,2059.0
5,3280,2062.0
5,3287,652.0
5,3288,2096.0
5,3337,1657.0
5,3346,2612.0
5,3350,3153.0
5,3354,1665.0
5,3390,2676.0
5,3391,2129.0
5,3440,1998.0
5,3453,1818.0
5,3454,1862.0
5,3455,2395.0
5,3479,1558.0
5,3490,1991.0
5,3491,1573.0
5,3492,2646.0
5,3534,698.0
5,3535,2437.0
5,3547,2520.0
5,3548,597.0
5,3551,894.0
5,3572,1246.0
5,3573,1199.0
5,3581,3566.0
5,3598,2620.0
5,3603,2068.0
5,3684,2504.0
5,3685,1076.0
5,3686,3626.0
5,3720,1775.0
5,3728,2463.0
5,3736,3195.0
5,3763,1360.0
5,3774,1279.0
5,3797,1901.0
5,3828,2547.0
5,3848,1480.0
5,3872,1052.0
5,3896,730.0
5,3904,2056.0
5,3913,1525.0
5,3944,2179.0
5,3970,1806.0
5,3973,1348.0
5,3974,1801.0
5,3991,2766.0
5,3992,3055.0
5,4021,1967.0
5,4022,2424.0
5,4033,895.0
5,4039,2511.0
5,4045,2260.0
5,4051,1863.0
5,4098,3125.0
5,4111,1314.0
5,4114,2122.0
5,4121,1569.0
5,4152,146.0
5,4153,14.0
5,4228,1619.0
5,4229,2205.0
5,4231,3588.0
5,4268,2681.0
5,4277,2793.0
5,4290,2493.0
5,4303,1764.0
5,4305,1802.0
5,4311,2556.0
5,4314,2220.0
5,4329,1506.0
5,4332,1001.0
5,4391,2308.0
5,4404,1373.0
5,4411,1361.0
5,4432,3020.0
5,4435,2489.0
5,4444,262.0
5,4463,3914.0
5,4476,813.0
5,4495,759.0
5,4530,1572.0
5,4548,2344.0
5,4570,3595.0
5,4576,2440.0
5,4632,2740.0
5,4643,2386.0
5,4650,1334.0
5,4714,1708.0
5,4721,1899.0
5,4755,2875.0
5,4767,2295.0
5,4772,2046.0
5,4773,2307.0
6,119,2670.0
6,120,3703.0
6,136,1749.0
6,137,1809.0
6,141,2142.0
6,142,2618.0
6,143,1643.0
6,146,2860.0
6,147,2509.0
6,148,2737.0
6,155,2115.0
6,156,1949.0
6,157,2288.0
6,158,3673.0
6,159,3445.0
6,160,3900.0
6,161,2829.0
6,164,965.0
6,166,2802.0
6,167,1710.0
6,168,3819.0
6,184,3534.0
6,185,2801.0
6,193,2600.0
6,194,2769.0
6,195,1781.0
6,196,1586.0
6,197,2403.0
6,198,1883.0
6,199,2666.0
6,239,3184.0
6,240,3233.0
6,284,816.0
6,340,2931.0
6,443,3280.0
6,452,2057.0
6,453,1604.0
6,454,1927.0
6,455,2305.0
6,457,1229.0
6,458,3792.0
6,459,9373.0
6,460,4397.0
6,461,1301.0
6,462,2619.0
6,463,2091.0
6,464,2396.0
6,465,2440.0
6,563,2370.0
6,564,3606.0
6,565,2156.0
6,566,3775.0
6,584,1858.0
6,618,2910.0
6,620,1869.0
6,621,1199.0
6,625,1300.0
6,626,1155.0
6,627,2067.0
6,628,2869.0
6,686,4609.0
6,688,2043.0
6,725,2908.0
6,726,3005.0
6,823,2558.0
6,824,3230.0
6,825,2612.0
6,826,1972.0
6,828,3246.0
6,829,2201.0
6,830,1724.0
6,831,3237.0
6,832,3608.0
6,842,2534.0
6,843,1875.0
6,844,1311.0
6,860,2190.0
6,867,1650.0
6,868,3412.0
6,994,2403.0
6,997,2247.0
6,998,1637.0
6,1000,3333.0
6,1001,2282.0
6,1002,3231.0
6,1003,2951.0
6,1004,3570.0
6,1069,2277.0
6,1070,2115.0
6,1073,2324.0
6,1074,1301.0
6,1075,2429.0
6,1076,2715.0
6,1077,2792.0
6,1078,2084.0
6,1080,2521.0
6,1081,1311.0
6,1082,1617.0
6,1084,2851.0
6,1085,2490.0
6,1086,2432.0
6,1087,2056.0
6,1103,1931.0
6,1104,2063.0
6,1105,2540.0
6,1106,1762.0
6,1114,2995.0
6,1115,2911.0
6,1116,2912.0
6,1127,3795.0
6,1128,3392.0
6,1160,2594.0
6,1161,3580.0
6,1162,2049.0
6,1163,1695.0
6,1164,1818.0
6,1168,1993.0
6,1169,998.0
6,1170,2460.0
6,1171,1798.0
6,1173,3093.0
6,1279,1101.0
6,1280,1809.0
6,1338,3035.0
6,1467,1181.0
6,1524,3308.0
6,1525,2252.0
6,1526,2674.0
6,1527,1827.0
6,1656,2171.0
6,1657,1836.0
6,1658,1624.0
6,1659,3227.0
6,1676,1858.0
6,1678,3027.0
6,1679,1467.0
6,1680,2209.0
6,1765,2293.0
6,1769,2033.0
6,1778,1503.0
6,1779,720.0
6,1784,2270.0
6,1800,2974.0
6,1801,2552.0
6,1802,2295.0
6,1901,3020.0
6,1902,3275.0
6,1903,3261.0
6,1904,3153.0
6,1905,1115.0
6,1906,1535.0
6,1929,1903.0
6,1933,3408.0
6,1934,2205.0
6,1936,1421.0
6,1937,1327.0
6,1962,1732.0
6,1966,2389.0
6,1990,2552.0
6,1991,3016.0
6,1992,2101.0
6,2001,2001.0
6,2002,2041.0
6,2003,1113.0
6,2004,2176.0
6,2005,1602.0
6,2006,1618.0
6,2018,1845.0
6,2019,1024.0
6,2020,1399.0
6,2021,808.0
6,2105,1605.0
6,2106,1890.0
6,2112,1276.0
6,2113,1810.0
6,2116,1322.0
6,2152,2327.0
6,2249,1055.0
6,2250,2896.0
6,2251,1298.0
6,2398,1966.0
6,2417,2038.0
6,2418,2491.0
6,2609,4939.0
6,2610,3591.0
6,2611,3791.0
6,2612,1031.0
6,2668,3120.0
6,2669,4114.0
6,2670,2455.0
6,2671,2413.0
6,2672,3218.0
6,2698,2420.0
6,2699,2937.0
6,2700,2374.0
6,2761,1094.0
6,2765,1181.0
6,2803,1176.0
6,2804,1248.0
6,2805,2517.0
6,2806,3063.0
6,2807,2415.0
6,2808,2040.0
6,2809,1662.0
6,2813,1439.0
6,2814,1227.0
6,2816,2688.0
6,2819,3608.0
6,2824,3215.0
6,2845,2338.0
6,2846,981.0
6,2847,2555.0
6,2848,2078.0
6,2849,3546.0
6,2855,1417.0
6,2859,1359.0
6,2864,1841.0
6,2868,1920.0
6,2869,3319.0
6,2870,1974.0
6,2882,1863.0
6,2884,3059.0
6,2886,1772.0
6,2889,3467.0
6,2890,2663.0
6,2891,2854.0
6,2903,2024.0
6,2904,913.0
6,2905,3204.0
6,2906,1661.0
6,2907,1330.0
6,2908,1286.0
6,2921,3195.0
6,2935,1367.0
6,2953,1341.0
6,2954,1538.0
6,3018,2668.0
6,3019,2351.0
6,3023,2401.0
6,3024,2406.0
6,3025,2956.0
6,3026,2521.0
6,3044,4562.0
6,3085,1105.0
6,3086,2755.0
6,3117,1767.0
6,3118,2073.0
6,3135,1547.0
6,3146,914.0
6,3161,2443.0
6,3162,2997.0
6,3163,1934.0
6,3164,1510.0
6,3185,2149.0
6,3257,1292.0
6,3264,3192.0
6,3301,2335.0
6,3302,1974.0
6,3303,1616.0
6,3319,2052.0
6,3320,2639.0
6,3321,1834.0
6,3322,2428.0
6,3331,2844.0
6,3332,2094.0
6,3333,2028.0
6,3334,2002.0
6,3336,2976.0
6,3338,1391.0
6,3339,3053.0
6,3351,1953.0
6,3352,1609.0
6,3353,1545.0
6,3368,1403.0
6,3408,2772.0
6,3476,4918.0
6,3478,1499.0
6,3512,2070.0
6,3531,1979.0
6,3556,1336.0
6,3689,2561.0
6,3718,1965.0
6,3719,3136.0
6,3725,2514.0
6,3733,1131.0
6,3737,1798.0
6,3738,2054.0
6,3743,1317.0
6,3759,1994.0
6,3761,1299.0
6,3776,2999.0
6,3777,2381.0
6,3778,2371.0
6,3779,1155.0
6,3780,1824.0
6,3788,2042.0
6,3789,4364.0
6,3794,2825.0
6,3811,1094.0
6,3899,1759.0
6,3900,1290.0
6,3901,1129.0
6,3942,1341.0
6,3943,2021.0
6,3957,2179.0
6,3958,1274.0
6,3966,1836.0
6,4027,1894.0
6,4028,1517.0
6,4038,1685.0
6,4060,2199.0
10,4198,1672.0
6,4206,1583.0
6,4208,1557.0
6,4212,2298.0
6,4213,4824.0
6,4230,2605.0
6,4263,1775.0
6,4304,1755.0
6,4306,3167.0
6,4307,1211.0
6,4328,1782.0
6,4403,1680.0
6,4412,2130.0
6,4453,1902.0
6,4479,2170.0
6,4481,1983.0
6,4502,1601.0
6,4506,1916.0
6,4540,2474.0
6,4542,1931.0
6,4544,1584.0
6,4553,2181.0
6,4585,2720.0
6,4592,2153.0
6,4593,1010.0
6,4682,2131.0
6,4732,2954.0
6,4799,2047.0
7,172,918.0
7,255,1818.0
7,256,868.0
7,257,2122.0
7,258,1190.0
7,297,1478.0
7,322,603.0
7,350,1712.0
7,351,1197.0
7,364,1404.0
7,372,1537.0
7,401,1389.0
7,475,635.0
7,476,648.0
7,479,1284.0
7,481,748.0
7,483,1176.0
7,494,1304.0
7,495,690.0
7,547,1458.0
7,548,2379.0
7,585,1793.0
7,586,1502.0
7,594,1483.0
7,596,2626.0
7,601,662.0
7,701,1503.0
7,720,708.0
7,737,712.0
7,743,1824.0
7,744,1663.0
7,745,563.0
7,746,1013.0
7,766,2700.0
7,767,2573.0
7,798,1170.0
7,816,971.0
7,817,1246.0
7,818,1174.0
7,834,1662.0
7,837,1203.0
7,900,3360.0
7,903,2066.0
7,958,1402.0
7,959,1591.0
7,960,469.0
7,964,3713.0
7,965,2014.0
7,968,1808.0
7,1371,2655.0
7,1372,3846.0
7,1373,2437.0
7,1374,4015.0
7,1395,3585.0
7,1396,3000.0
7,1397,3995.0
7,1398,3231.0
7,1399,3901.0
7,1410,3682.0
7,1411,2836.0
7,1414,2251.0
7,1429,1890.0
7,1430,2072.0
7,1431,2959.0
7,1434,2975.0
7,1435,2828.0
7,1447,4319.0
7,1448,2681.0
7,1452,1010.0
7,1456,2569.0
7,1457,1891.0
7,1458,2034.0
7,1459,3837.0
7,1478,1366.0
7,1479,1149.0
7,1480,2382.0
7,1481,2080.0
7,1482,2786.0
7,1483,1855.0
7,1488,2045.0
7,1489,2043.0
7,1490,2406.0
7,1491,2153.0
7,1492,2478.0
7,1493,2627.0
7,1494,3271.0
7,1505,1691.0
7,1506,1719.0
7,1508,1124.0
7,1509,2307.0
7,1510,2003.0
7,1511,2136.0
7,1512,1272.0
7,1514,2867.0
7,1515,4025.0
7,1530,2144.0
7,1546,2546.0
7,1550,2544.0
7,1551,2208.0
7,1552,3553.0
7,1553,3709.0
7,1554,2867.0
7,1555,2710.0
7,1556,2987.0
7,1557,2166.0
7,1558,2847.0
7,1559,2953.0
7,1560,3770.0
7,1561,1680.0
7,1569,2309.0
7,1571,1266.0
7,1632,2086.0
7,1637,3322.0
7,1638,1870.0
7,1639,2063.0
7,1640,1193.0
7,1670,1707.0
7,1672,2045.0
7,1673,1916.0
7,1674,2532.0
7,1675,2940.0
7,1683,2680.0
7,1720,3605.0
7,1722,3232.0
7,1880,1409.0
7,1897,2064.0
7,1947,5285.0
7,1967,3121.0
7,1974,3422.0
7,1975,1581.0
7,1976,3120.0
7,1977,2962.0
7,1978,1743.0
7,1979,2582.0
7,2061,1920.0
7,2070,2641.0
7,2144,945.0
7,2168,1525.0
7,2169,1031.0
7,2171,2195.0
7,2173,2009.0
7,2264,2038.0
7,2265,2231.0
7,2266,2304.0
7,2267,2408.0
7,2273,2084.0
7,2274,2203.0
7,2275,1358.0
7,2276,1880.0
7,2277,1893.0
7,2278,1845.0
7,2280,3095.0
7,2281,2173.0
7,2282,2464.0
7,2501,1521.0
7,2514,1288.0
7,2515,1749.0
7,2519,1323.0
7,2525,1776.0
7,2526,1055.0
7,2542,1963.0
7,2562,992.0
7,2563,2042.0
7,2606,971.0
7,2607,1673.0
7,2629,2530.0
7,2639,1022.0
7,2640,727.0
7,2641,1326.0
7,2643,1654.0
7,2644,1810.0
7,2704,2596.0
7,2774,1979.0
7,2775,1921.0
7,2779,2168.0
7,2783,2213.0
7,2784,2708.0
7,2785,2338.0
7,2786,1625.0
7,2787,2717.0
7,2790,1853.0
7,2791,1946.0
7,2851,1046.0
7,2852,1205.0
7,2857,3162.0
7,2876,1969.0
7,2893,4360.0
7,2894,1379.0
7,2896,2894.0
7,2897,2282.0
7,2898,2928.0
7,2914,2609.0
7,2915,2162.0
7,2916,2713.0
7,2917,1552.0
7,2919,2620.0
7,3052,962.0
7,3103,2832.0
7,3121,1274.0
7,3122,889.0
7,3149,1731.0
7,3150,853.0
7,3151,1443.0
7,3153,1387.0
7,3154,928.0
7,3188,1506.0
7,3191,1713.0
7,3202,858.0
7,3203,1988.0
7,3211,1739.0
7,3233,2484.0
7,3237,1691.0
7,3262,991.0
7,3289,1266.0
7,3290,946.0
7,3293,1947.0
7,3383,1898.0
7,3398,2272.0
7,3401,2229.0
7,3402,2030.0
7,3410,1505.0
7,3411,3364.0
7,3412,2253.0
7,3413,2691.0
7,3415,2239.0
7,3416,2294.0
7,3417,1861.0
7,3422,2102.0
7,3423,1325.0
7,3424,2270.0
7,3430,1431.0
7,3431,3149.0
7,3432,2003.0
7,3434,1966.0
7,3435,1814.0
7,3436,2293.0
7,3449,1119.0
7,3456,1720.0
7,3457,2554.0
7,3460,2020.0
7,3467,679.0
11,3468,2267.0
7,3494,3129.0
7,3495,1242.0
7,3496,2892.0
7,3506,2885.0
7,3508,1685.0
7,3517,1813.0
7,3545,1186.0
7,3562,1403.0
7,3563,3013.0
7,3610,1916.0
7,3625,827.0
7,3641,546.0
7,3661,942.0
7,3665,1165.0
7,3666,1947.0
7,3671,2220.0
7,3676,1764.0
7,3681,1602.0
7,3707,1116.0
7,3751,2122.0
7,3752,2086.0
7,3754,1979.0
7,3764,1748.0
7,3765,2007.0
7,3766,1744.0
7,3768,1892.0
7,3771,2330.0
7,3792,1736.0
7,3800,2096.0
7,3802,1765.0
7,3842,1443.0
7,3856,1175.0
7,3867,967.0
7,3868,1925.0
7,3874,1212.0
7,3876,1115.0
7,3883,2066.0
7,3888,1617.0
7,3892,273.0
7,3893,545.0
7,3894,976.0
7,3895,947.0
7,3917,1173.0
7,3928,2093.0
7,3938,1600.0
7,3945,2698.0
7,3948,1743.0
7,3953,861.0
7,3993,2023.0
7,3997,2085.0
7,3998,3914.0
7,4001,3623.0
7,4002,2598.0
7,4003,2306.0
7,4004,1718.0
7,4005,2513.0
7,4008,2595.0
7,4012,2195.0
7,4013,2411.0
7,4014,3259.0
7,4024,1933.0
7,4054,3038.0
7,4071,2585.0
7,4092,3404.0
7,4094,2659.0
7,4108,2301.0
7,4109,1662.0
7,4110,1575.0
7,4138,1475.0
7,4145,1015.0
7,4147,1385.0
7,4161,1302.0
8,4167,2307.0
7,4175,2323.0
7,4182,1207.0
7,4209,3759.0
7,4210,2493.0
7,4217,1786.0
7,4243,1464.0
7,4244,1625.0
7,4248,1066.0
7,4254,853.0
7,4255,809.0
7,4256,1069.0
7,4261,1768.0
7,4265,1682.0
7,4275,1839.0
7,4287,1821.0
7,4292,1328.0
7,4313,1836.0
7,4317,1693.0
7,4318,1753.0
7,4320,637.0
7,4326,1599.0
7,4345,2899.0
7,4359,2476.0
7,4374,871.0
7,4378,1612.0
7,4384,1709.0
7,4386,1204.0
7,4389,833.0
7,4399,790.0
7,4400,1174.0
7,4409,2327.0
7,4410,2382.0
7,4418,1956.0
7,4420,1749.0
7,4433,831.0
7,4437,932.0
7,4450,1360.0
7,4454,1443.0
7,4455,1729.0
7,4474,2538.0
7,4488,2844.0
7,4489,2776.0
7,4490,2217.0
7,4492,2498.0
7,4493,2006.0
7,4494,1869.0
7,4496,1312.0
7,4504,2523.0
7,4505,1298.0
7,4528,1169.0
7,4529,77.0
7,4539,2694.0
7,4554,1866.0
7,4555,1769.0
7,4556,987.0
7,4559,1206.0
7,4560,1630.0
7,4562,1747.0
7,4579,834.0
7,4581,936.0
7,4586,1306.0
7,4595,2513.0
7,4598,2372.0
7,4599,1466.0
7,4615,1719.0
7,4625,2151.0
7,4637,1146.0
7,4642,1174.0
7,4655,1806.0
7,4656,1619.0
7,4667,1086.0
7,4677,1327.0
7,4689,1203.0
7,4692,1162.0
7,4696,3388.0
7,4712,1026.0
7,4720,959.0
7,4725,1036.0
7,4728,731.0
7,4734,2268.0
7,4746,1925.0
7,4747,604.0
7,4760,729.0
7,4761,1663.0
7,4762,962.0
7,4771,511.0
7,4775,2937.0
7,4780,1317.0
7,4787,920.0
7,4793,2819.0
7,4798,635.0
8,173,1242.0
8,174,1199.0
8,175,2367.0
8,176,1331.0
8,177,426.0
8,178,1285.0
8,179,964.0
8,207,167.0
8,208,303.0
8,209,1625.0
8,296,404.0
8,303,1588.0
8,304,1487.0
8,305,781.0
8,306,616.0
8,307,1191.0
8,311,843.0
8,312,2853.0
8,314,1967.0
8,315,655.0
8,316,40.0
8,318,1104.0
8,323,2176.0
8,357,2006.0
8,360,1377.0
8,361,924.0
8,362,1576.0
8,367,1418.0
8,368,2312.0
8,369,1339.0
8,370,1043.0
8,371,3611.0
8,383,3368.0
8,384,3842.0
8,385,2011.0
8,392,3285.0
8,393,2971.0
8,397,507.0
8,398,454.0
8,399,1343.0
8,400,1128.0
8,402,584.0
8,419,8.0
8,427,2324.0
8,428,3116.0
8,534,3085.0
8,535,1142.0
8,536,2789.0
8,537,2551.0
8,543,923.0
8,544,1189.0
8,545,1703.0
8,561,1525.0
8,562,1306.0
8,595,2614.0
8,597,1667.0
8,598,2159.0
8,599,848.0
8,600,610.0
8,644,5114.0
8,647,4175.0
8,648,4103.0
8,649,4327.0
8,689,960.0
8,690,1457.0
8,691,654.0
8,693,2644.0
8,694,149.0
8,695,1952.0
8,707,797.0
8,736,834.0
8,740,834.0
8,747,1631.0
8,750,4255.0
8,751,3915.0
8,769,1196.0
8,770,1890.0
8,771,1404.0
8,780,1177.0
8,802,754.0
8,803,1412.0
8,804,2274.0
8,805,942.0
8,806,2237.0
8,807,1076.0
8,808,1407.0
8,809,2779.0
8,810,1112.0
8,811,1130.0
8,812,2053.0
8,813,1703.0
8,814,926.0
8,815,723.0
8,833,1003.0
8,835,1550.0
8,836,1384.0
8,879,2766.0
8,880,3680.0
8,888,4034.0
8,895,1592.0
8,966,1670.0
8,967,1311.0
8,1364,3460.0
8,1365,3627.0
8,1366,38.0
8,1572,2929.0
8,1714,1737.0
8,1718,3138.0
8,1945,4537.0
12,2069,2209.0
8,2131,2408.0
8,2134,1145.0
8,2135,0.01
8,2136,1300.0
8,2137,1605.0
8,2138,1527.0
8,2139,1016.0
8,2140,2011.0
8,2141,690.0
8,2142,905.0
8,2146,3336.0
8,2147,2738.0
8,2148,1136.0
8,2157,2167.0
8,2158,924.0
8,2159,3027.0
8,2172,1713.0
8,2177,2909.0
8,2279,3092.0
8,2389,1220.0
8,2390,3031.0
8,2391,2671.0
8,2394,1938.0
8,2395,2886.0
8,2400,2865.0
8,2401,2514.0
8,2402,1164.0
8,2403,3462.0
8,2405,3321.0
8,2406,3512.0
8,2407,2276.0
8,2408,2891.0
8,2420,2778.0
8,2428,673.0
8,2436,4109.0
8,2439,3771.0
8,2454,2428.0
8,2460,2651.0
8,2461,2743.0
8,2462,2913.0
8,2463,3409.0
8,2467,1410.0
8,2468,1311.0
8,2469,1001.0
8,2470,1380.0
8,2486,805.0
8,2487,807.0
8,2488,1653.0
8,2489,1179.0
8,2490,1134.0
8,2491,1009.0
8,2500,2100.0
8,2503,2518.0
8,2504,3160.0
8,2505,635.0
8,2510,1895.0
8,2511,2279.0
8,2512,2365.0
8,2516,1414.0
8,2517,2372.0
8,2536,2800.0
8,2537,3031.0
8,2538,972.0
8,2539,105.0
8,2540,999.0
8,2541,502.0
8,2551,1389.0
8,2559,1133.0
8,2566,3878.0
8,2567,1402.0
8,2570,2948.0
8,2572,1487.0
8,2573,3337.0
8,2596,890.0
8,2597,1391.0
8,2598,2251.0
8,2599,1176.0
8,2604,895.0
8,2605,1935.0
8,2617,2882.0
8,2625,2862.0
8,2633,3107.0
8,2634,2568.0
8,2636,691.0
8,2651,778.0
8,2652,2653.0
8,2653,5.0
8,2654,1940.0
8,2678,2247.0
8,2679,1945.0
8,2680,4885.0
8,2681,1817.0
8,2850,2855.0
8,3021,1748.0
8,3064,1511.0
8,3065,1377.0
8,3066,1127.0
8,3067,556.0
8,3070,1445.0
8,3071,517.0
8,3072,922.0
8,3094,1954.0
8,3095,2855.0
8,3097,447.0
8,3102,1682.0
8,3106,1469.0
8,3107,1133.0
8,3127,1141.0
8,3128,1873.0
8,3131,886.0
8,3176,3857.0
8,3177,2865.0
8,3189,648.0
8,3192,1049.0
8,3193,1528.0
8,3194,2194.0
8,3195,1046.0
8,3196,1269.0
8,3204,944.0
8,3212,870.0
8,3248,1610.0
8,3251,4027.0
8,3270,3359.0
8,3271,2496.0
8,3272,3534.0
8,3292,1065.0
8,3394,2549.0
8,3395,2305.0
8,3414,2477.0
8,3497,2083.0
8,3536,1311.0
8,3537,5049.0
8,3539,2714.0
8,3540,3724.0
8,3544,558.0
8,3586,2687.0
8,3587,1536.0
8,3588,2894.0
8,3589,1879.0
8,3590,3500.0
8,3591,3333.0
8,3592,2993.0
8,3593,2806.0
8,3594,3201.0
8,3596,1844.0
8,3599,1504.0
8,3608,1179.0
8,3609,893.0
8,3617,1025.0
8,3618,1218.0
8,3619,4316.0
8,3620,868.0
8,3621,1003.0
8,3623,1322.0
8,3624,1241.0
8,3631,3353.0
8,3637,1004.0
8,3644,1282.0
8,3645,1027.0
8,3646,2459.0
8,3648,2181.0
8,3650,2736.0
8,3651,459.0
8,3652,2202.0
8,3658,3005.0
8,3659,4392.0
8,3660,2874.0
8,3662,2850.0
8,3663,3154.0
8,3664,1838.0
8,3673,715.0
8,3674,189.0
8,3675,981.0
8,3677,1507.0
8,3678,2694.0
8,3688,424.0
8,3695,3180.0
8,3697,2509.0
8,3698,2386.0
8,3700,1253.0
8,3701,924.0
8,3706,1181.0
8,3713,2994.0
8,3714,2441.0
8,3715,2424.0
8,3716,3119.0
8,3717,1784.0
8,3785,2822.0
8,3786,1744.0
8,3829,1937.0
8,3831,34.0
8,3832,37.0
8,3833,82.0
8,3834,811.0
8,3855,606.0
8,3861,1068.0
8,3865,1515.0
8,3866,1692.0
8,3881,2852.0
8,3882,731.0
8,3908,2601.0
8,3914,1023.0
8,3915,990.0
8,3916,492.0
8,3924,333.0
8,3925,1665.0
8,3926,799.0
8,3927,1612.0
8,3939,1890.0
8,3946,3119.0
8,4066,4209.0
8,4082,2101.0
8,4083,851.0
8,4086,3123.0
8,4091,877.0
8,4095,2953.0
8,4127,3602.0
8,4135,2488.0
8,4136,1940.0
8,4137,1759.0
8,4140,2120.0
8,4146,1212.0
8,4149,1097.0
8,4150,571.0
8,4155,1690.0
8,4156,2396.0
8,4157,2001.0
8,4160,473.0
8,4163,312.0
8,4164,657.0
8,4168,1167.0
8,4171,1059.0
8,4173,1832.0
8,4177,1345.0
8,4179,3470.0
8,4240,1242.0
8,4242,874.0
8,4247,1784.0
8,4250,745.0
8,4253,1029.0
8,4258,1953.0
8,4271,1819.0
8,4280,7185.0
8,4281,893.0
8,4282,1079.0
8,4283,213.0
8,4284,608.0
8,4285,908.0
8,4286,785.0
8,4288,833.0
8,4289,2208.0
8,4321,2139.0
8,4324,2622.0
8,4348,1267.0
8,4349,1082.0
8,4350,2488.0
8,4361,2237.0
8,4368,2828.0
8,4369,2800.0
8,4371,2521.0
8,4373,498.0
8,4375,406.0
8,4379,486.0
8,4380,866.0
8,4385,1861.0
8,4388,938.0
8,4396,2345.0
8,4397,2161.0
8,4436,1421.0
8,4440,1580.0
8,4449,523.0
8,4460,932.0
8,4461,52.0
8,4462,1345.0
8,4464,2783.0
8,4470,972.0
8,4475,777.0
8,4516,1443.0
8,4520,999.0
8,4521,486.0
8,4523,721.0
8,4524,1436.0
8,4531,1242.0
8,4533,803.0
8,4534,777.0
8,4538,3649.0
8,4563,1238.0
8,4568,1318.0
8,4575,1984.0
8,4577,2318.0
8,4578,5072.0
8,4583,65.0
8,4612,1240.0
8,4635,595.0
8,4636,709.0
8,4640,839.0
8,4649,2946.0
8,4666,2842.0
8,4669,1098.0
8,4671,77.0
8,4672,3807.0
8,4673,1868.0
8,4686,3321.0
8,4693,1580.0
8,4694,772.0
8,4698,835.0
8,4702,817.0
8,4703,2448.0
8,4707,936.0
8,4708,1495.0
8,4722,984.0
8,4730,1440.0
8,4731,1992.0
8,4743,486.0
8,4748,1652.0
8,4751,1279.0
8,4759,3799.0
8,4791,1658.0
8,4792,1158.0
8,4796,663.0
8,4803,453.0
9,180,2852.0
9,181,1560.0
9,212,2504.0
9,252,1382.0
9,253,1868.0
9,254,2665.0
9,259,3602.0
9,261,2980.0
9,262,2425.0
9,263,2039.0
9,264,803.0
9,298,1924.0
9,299,2076.0
9,300,3377.0
9,301,2924.0
9,302,3509.0
9,308,1807.0
9,309,2041.0
9,310,3642.0
9,313,1122.0
9,317,565.0
9,319,3559.0
9,320,2409.0
9,321,1840.0
9,352,1324.0
9,355,3488.0
9,356,3173.0
9,358,1403.0
9,359,1404.0
9,365,2887.0
9,366,1376.0
9,373,1091.0
9,374,1572.0
9,375,1407.0
9,376,2727.0
9,403,2553.0
9,404,4373.0
9,405,1599.0
9,406,4034.0
9,407,4365.0
9,408,2864.0
9,414,2593.0
9,415,2184.0
9,416,2566.0
9,417,1437.0
9,418,3185.0
9,420,3790.0
9,421,1992.0
9,422,1917.0
9,423,2270.0
9,424,1734.0
9,425,2697.0
9,426,2708.0
9,429,3021.0
9,430,3050.0
9,431,1392.0
9,432,1347.0
9,480,1602.0
9,482,1304.0
9,487,1873.0
9,489,2116.0
9,490,2846.0
9,491,3454.0
9,492,3150.0
9,493,3090.0
9,496,1445.0
9,498,1244.0
9,499,2953.0
9,500,2433.0
9,501,2889.0
9,502,2478.0
9,538,2145.0
9,546,596.0
9,549,2278.0
9,550,2501.0
9,551,2582.0
9,552,3495.0
9,553,2431.0
9,554,1935.0
9,555,2729.0
9,556,2776.0
9,557,2010.0
9,558,1701.0
9,559,2752.0
9,560,1668.0
9,567,1705.0
9,568,1762.0
9,570,3386.0
9,590,3699.0
9,592,2352.0
9,593,1601.0
9,602,2006.0
9,603,767.0
9,610,1822.0
9,611,2350.0
9,692,686.0
9,696,1365.0
9,697,1446.0
9,698,711.0
9,699,3267.0
9,700,1669.0
9,708,2904.0
9,709,1819.0
9,710,2171.0
9,711,3108.0
9,712,2453.0
9,713,2507.0
9,714,2857.0
9,715,2687.0
9,716,2717.0
9,735,3341.0
9,738,2862.0
9,739,517.0
9,741,3116.0
9,742,1632.0
9,765,1935.0
9,774,2161.0
9,776,1265.0
9,777,2168.0
9,781,799.0
9,797,1423.0
9,799,2316.0
9,800,4287.0
9,801,2385.0
9,819,1822.0
9,820,2768.0
9,873,2819.0
9,874,1938.0
9,901,2285.0
9,902,2757.0
9,904,2533.0
9,961,3970.0
9,962,2747.0
9,963,2109.0
9,1304,3072.0
9,1305,1454.0
9,1306,2878.0
9,1308,1321.0
9,2027,0.01
9,2133,2369.0
9,2143,2962.0
9,2160,1880.0
9,2161,2158.0
9,2162,3461.0
9,2163,3047.0
9,2166,960.0
9,2167,108.0
9,2170,863.0
9,2175,3242.0
9,2176,2014.0
9,2226,2011.0
9,2425,2522.0
9,2426,2069.0
9,2427,1922.0
9,2429,2787.0
9,2435,2379.0
9,2441,1884.0
9,2466,1196.0
9,2471,3688.0
9,2473,2363.0
9,2475,2274.0
9,2483,3618.0
9,2484,1911.0
9,2485,1829.0
9,2502,1996.0
9,2506,1080.0
9,2507,2737.0
9,2508,3730.0
9,2509,3805.0
9,2513,706.0
9,2518,2370.0
9,2521,2951.0
9,2522,1626.0
9,2532,681.0
9,2533,574.0
9,2534,1852.0
9,2543,2286.0
9,2544,2564.0
9,2547,1385.0
9,2548,3780.0
9,2550,1215.0
9,2557,2233.0
9,2558,1019.0
9,2590,2560.0
9,2591,1197.0
9,2594,1612.0
9,2595,2075.0
9,2600,1595.0
9,2601,1747.0
9,2642,1121.0
9,2701,2360.0
9,2702,2462.0
9,2703,2843.0
9,2705,1845.0
9,3022,3468.0
9,3032,1811.0
9,3033,2256.0
9,3050,3077.0
9,3051,1405.0
9,3054,2327.0
9,3055,2962.0
9,3073,2571.0
9,3074,1732.0
9,3075,2152.0
9,3096,834.0
9,3100,1612.0
9,3101,42.0
9,3104,2226.0
9,3105,1675.0
9,3108,2735.0
9,3124,3622.0
9,3132,3731.0
9,3133,2179.0
9,3134,3105.0
9,3136,2368.0
9,3139,2028.0
9,3140,2857.0
9,3155,766.0
9,3158,1760.0
9,3159,3505.0
9,3160,1948.0
9,3198,4419.0
9,3201,1218.0
9,3213,1437.0
9,3214,1890.0
9,3215,2497.0
9,3217,4216.0
9,3232,2896.0
9,3234,3700.0
9,3235,874.0
9,3236,898.0
9,3238,3380.0
9,3240,1102.0
9,3249,989.0
9,3250,803.0
9,3267,2118.0
9,3281,2568.0
9,3282,2042.0
9,3283,1790.0
9,3291,1928.0
9,3542,4000.0
9,3543,1982.0
9,3546,2520.0
9,3605,2758.0
9,3606,2231.0
9,3607,2695.0
9,3622,2804.0
9,3634,2511.0
9,3640,1491.0
9,3642,837.0
9,3643,1427.0
9,3647,697.0
9,3653,1144.0
9,3654,2114.0
9,3669,2268.0
9,3702,2216.0
9,3712,2806.0
9,3843,1488.0
9,3844,2189.0
9,3851,2054.0
9,3853,1541.0
9,3854,4515.0
9,3860,665.0
9,3869,3293.0
9,3870,2423.0
9,3871,1877.0
9,3875,1243.0
9,3877,3071.0
9,3884,2000.0
9,3885,4109.0
9,3886,2687.0
9,3889,2468.0
9,3897,1906.0
9,3898,4335.0
9,3918,2638.0
9,3919,1878.0
9,3920,3012.0
9,3929,724.0
9,3934,2476.0
9,3935,2843.0
9,3936,788.0
9,3940,1506.0
9,3941,950.0
9,3949,2221.0
9,3951,2121.0
9,3952,3043.0
9,3955,2343.0
9,4084,864.0
9,4085,2287.0
9,4093,1162.0
9,4162,1198.0
9,4165,2013.0
9,4166,1426.0
9,4170,1841.0
9,4174,2010.0
9,4176,2415.0
9,4183,745.0
9,4236,2278.0
9,4237,3619.0
9,4245,1002.0
9,4246,3142.0
9,4249,2818.0
9,4251,2187.0
9,4252,2151.0
9,4257,3225.0
9,4264,1401.0
9,4266,1471.0
9,4291,1499.0
9,4293,2202.0
9,4294,1258.0
9,4353,1613.0
9,4382,1969.0
9,4383,3347.0
9,4398,2295.0
9,4438,1413.0
9,4441,708.0
9,4442,204.0
9,4443,2357.0
9,4448,2096.0
9,4452,3248.0
9,4457,2211.0
9,4468,1625.0
9,4469,1417.0
9,4473,1453.0
9,4518,1533.0
9,4519,2500.0
9,4526,3112.0
9,4527,2738.0
9,4557,2057.0
9,4564,2009.0
9,4565,760.0
9,4569,2515.0
9,4582,481.0
9,4587,2828.0
9,4588,3705.0
9,4611,1960.0
9,4613,3487.0
9,4634,1822.0
9,4638,1487.0
9,4645,1789.0
9,4646,1550.0
9,4647,1176.0
9,4668,2290.0
9,4670,2457.0
9,4687,1563.0
9,4688,2594.0
9,4690,1396.0
9,4695,2165.0
9,4706,1803.0
9,4709,1688.0
9,4710,1491.0
9,4711,2388.0
9,4724,1920.0
9,4729,2335.0
9,4749,1915.0
9,4778,1788.0
9,4794,825.0
10,210,2787.0
10,211,2665.0
10,250,3247.0
10,251,3287.0
10,260,2680.0
10,363,3110.0
10,394,3811.0
10,395,2390.0
10,396,1768.0
10,409,2532.0
10,410,1476.0
10,411,3314.0
10,412,2437.0
10,413,3164.0
10,446,3056.0
10,447,3441.0
10,448,1940.0
10,449,2536.0
10,477,2641.0
10,478,2378.0
10,484,2491.0
10,485,2088.0
10,486,2821.0
10,488,1864.0
10,497,2088.0
10,533,1789.0
10,539,2183.0
10,569,2468.0
10,587,2088.0
10,588,2633.0
10,589,2748.0
10,591,2793.0
10,659,1558.0
10,702,3363.0
10,717,1898.0
10,718,2557.0
10,719,2367.0
10,768,3093.0
10,772,3343.0
10,773,3488.0
10,775,2501.0
10,778,1958.0
10,779,2474.0
10,838,1975.0
10,937,2770.0
10,969,1782.0
10,993,2716.0
10,1071,2259.0
10,1072,3771.0
10,1079,2091.0
10,1083,2120.0
10,1094,2912.0
10,1095,1435.0
10,1096,2671.0
10,1097,5239.0
10,1098,2470.0
10,1099,3927.0
10,1100,3669.0
10,1101,3865.0
10,1102,4237.0
10,1107,2045.0
10,1108,2689.0
10,1109,1851.0
10,1110,3084.0
10,1111,1613.0
10,1112,3539.0
10,1113,2588.0
10,1117,1989.0
10,1118,2792.0
10,1119,2588.0
10,1120,2615.0
10,1307,2221.0
10,1309,1410.0
10,1310,2498.0
10,1311,1747.0
10,1312,2405.0
10,1313,2910.0
10,1314,2408.0
10,1315,2708.0
10,1316,3365.0
10,1317,1586.0
10,1318,2199.0
10,1319,2730.0
10,1320,2496.0
10,1321,2072.0
10,1322,1803.0
10,1323,3562.0
10,1324,3374.0
10,1325,1993.0
10,1326,3428.0
10,1327,2073.0
10,1328,2701.0
10,1329,3455.0
10,1339,2212.0
10,1523,2506.0
10,1528,4069.0
10,1549,3705.0
10,1671,3326.0
10,2022,2156.0
10,2023,3202.0
10,2024,1703.0
10,2025,2224.0
10,2026,2803.0
10,2062,2417.0
10,2066,2853.0
10,2111,3198.0
10,2114,3509.0
10,2132,2461.0
10,2164,2098.0
10,2165,2638.0
10,2174,1965.0
10,2222,2034.0
10,2223,1788.0
10,2224,3650.0
10,2225,1720.0
10,2227,4158.0
10,2228,1835.0
10,2232,3173.0
10,2233,1174.0
10,2234,2836.0
10,2235,2984.0
10,2236,2996.0
10,2237,1426.0
10,2238,1927.0
10,2239,2687.0
10,2271,3753.0
10,2430,2499.0
10,2431,2877.0
10,2432,2523.0
10,2433,2581.0
10,2434,2885.0
10,2440,3290.0
10,2465,2225.0
10,2472,1798.0
10,2474,2902.0
10,2520,2163.0
10,2523,2272.0
10,2524,2464.0
10,2545,3221.0
10,2546,2492.0
10,2549,2954.0
10,2552,3132.0
10,2554,1916.0
10,2555,3013.0
10,2556,3176.0
10,2560,2529.0
10,2561,2291.0
10,2588,1570.0
10,2589,2486.0
10,2592,1585.0
10,2593,3015.0
10,2602,3765.0
10,2603,2918.0
10,2637,2540.0
10,2638,2014.0
10,2752,2755.0
10,2753,2154.0
10,2780,2197.0
11,2792,3328.0
10,2815,1793.0
10,2825,2899.0
10,2829,2366.0
10,2830,2455.0
10,2831,2684.0
10,2842,1994.0
10,2843,1654.0
10,2856,3151.0
10,2871,2458.0
10,2883,2144.0
10,2885,3366.0
10,2887,3836.0
10,2892,2125.0
10,2922,3264.0
10,3053,2086.0
10,3063,2037.0
10,3068,2372.0
10,3069,2598.0
10,3123,2607.0
10,3126,2140.0
10,3137,2628.0
10,3138,2004.0
10,3152,1696.0
10,3157,2078.0
10,3190,1451.0
10,3199,2935.0
10,3210,2324.0
10,3216,2515.0
10,3230,2127.0
10,3231,2449.0
10,3239,2142.0
10,3247,2182.0
10,3252,2807.0
10,3260,2435.0
10,3261,2466.0
10,3318,3581.0
10,3328,4232.0
10,3329,1938.0
10,3330,1985.0
10,3344,2400.0
10,3371,0.01
10,3372,1382.0
10,3373,2325.0
10,3437,807.0
10,3438,783.0
10,3439,2945.0
10,3515,2293.0
10,3516,3301.0
10,3553,3102.0
10,3611,3194.0
10,3612,2045.0
10,3613,2765.0
10,3614,2248.0
10,3615,2496.0
10,3616,2791.0
10,3635,2396.0
10,3636,1841.0
10,3655,1730.0
10,3656,2544.0
10,3667,3497.0
10,3668,1388.0
10,3670,1606.0
10,3672,1872.0
10,3687,2483.0
10,3703,2897.0
10,3704,2486.0
10,3705,2737.0
10,3726,1966.0
10,3739,2799.0
10,3740,3867.0
10,3757,3105.0
10,3758,2000.0
10,3760,1286.0
10,3772,2757.0
10,3773,1981.0
10,3795,2605.0
10,3830,1914.0
10,3841,2227.0
10,3852,1975.0
10,3864,859.0
10,3887,3156.0
10,3890,2807.0
10,3891,2115.0
10,3933,2482.0
10,3937,2811.0
10,3950,1659.0
10,3954,2966.0
10,3965,1893.0
10,3967,1840.0
10,3968,2599.0
10,4010,2058.0
10,4063,1502.0
10,4064,2242.0
10,4065,2350.0
10,4077,2164.0
10,4096,2003.0
10,4097,2255.0
10,4134,3029.0
10,4154,1742.0
10,4158,2146.0
10,4159,1899.0
10,4169,1737.0
10,4172,2229.0
10,4202,2346.0
10,4205,1156.0
10,4241,1497.0
10,4259,2143.0
10,4267,3154.0
10,4279,1379.0
10,4299,2770.0
10,4300,2940.0
10,4301,1887.0
10,4319,3105.0
10,4322,1591.0
10,4342,2054.0
10,4343,2187.0
10,4355,2799.0
10,4387,1314.0
10,4390,1986.0
10,4413,2732.0
10,4414,3166.0
10,4446,2340.0
10,4447,2138.0
10,4456,2099.0
10,4480,2361.0
10,4484,1584.0
10,4510,2241.0
10,4525,3134.0
10,4541,2114.0
10,4543,1840.0
10,4547,2295.0
10,4558,1786.0
10,4566,1798.0
10,4580,2881.0
10,4605,2486.0
10,4606,5958.0
10,4608,1387.0
10,4614,2304.0
10,4618,1947.0
10,4622,2416.0
10,4623,3697.0
10,4648,2553.0
10,4659,2019.0
10,4697,2103.0
10,4715,2354.0
10,4723,2249.0
10,4733,1576.0
10,4742,2163.0
10,4757,1879.0
10,4766,2497.0
10,4770,2116.0
10,4781,2622.0
10,4782,2971.0
10,4800,3708.0
11,265,2896.0
11,280,3006.0
11,283,2863.0
11,285,2022.0
11,328,1473.0
11,330,2830.0
11,332,3268.0
11,518,2445.0
11,530,1563.0
11,677,2051.0
11,678,3718.0
11,758,2741.0
11,759,2420.0
11,792,2826.0
11,845,2824.0
11,846,2721.0
11,866,3053.0
11,869,3041.0
11,999,3286.0
11,1018,3091.0
11,1176,2018.0
11,1177,2398.0
11,1360,2966.0
11,1361,3113.0
11,1362,2998.0
11,1363,2768.0
11,1392,3910.0
11,1393,3729.0
11,1394,2877.0
11,1400,3594.0
11,1401,2260.0
11,1402,1554.0
11,1403,3305.0
11,1409,3403.0
11,1412,3414.0
11,1413,2722.0
11,1415,3546.0
11,1416,1820.0
11,1417,3135.0
11,1432,3064.0
11,1433,2581.0
11,1436,2087.0
11,1437,2333.0
11,1438,1716.0
11,1449,2209.0
11,1450,3332.0
11,1451,1867.0
11,1453,2585.0
11,1454,1195.0
11,1455,2061.0
11,1468,3027.0
11,1469,3447.0
11,1470,2995.0
11,1471,3587.0
11,1472,1105.0
12,1473,2276.0
11,1474,3647.0
11,1475,2628.0
11,1476,3152.0
11,1477,1774.0
11,1484,2123.0
11,1485,2874.0
11,1486,2757.0
11,1487,3461.0
11,1502,3741.0
11,1503,3624.0
11,1504,3253.0
11,1507,2141.0
11,1513,6676.0
11,1529,2857.0
11,1531,2848.0
11,1532,3180.0
11,1533,2673.0
11,1570,1304.0
11,1577,2238.0
11,1633,2854.0
11,1634,2810.0
11,1635,3346.0
11,1636,4050.0
11,1684,2717.0
11,1685,3248.0
11,1686,3086.0
11,1687,2987.0
11,1688,4104.0
11,1719,3305.0
11,1721,3566.0
11,1723,2754.0
11,1838,3461.0
11,1839,2818.0
11,1840,3878.0
11,1841,3619.0
11,1842,3482.0
11,1843,2367.0
11,1844,3569.0
11,1845,3486.0
11,1846,1810.0
11,1847,1673.0
11,1848,2751.0
11,1876,928.0
11,1877,2968.0
11,1878,2539.0
11,1879,1661.0
11,1882,3072.0
11,1898,2825.0
11,1899,1484.0
11,1944,3347.0
11,1948,3169.0
11,1949,2630.0
11,1950,2843.0
11,1951,3820.0
11,1968,2546.0
11,1969,2894.0
11,1970,2279.0
11,1971,3519.0
11,1972,287.0
11,1973,2474.0
11,1989,2369.0
11,2042,3525.0
11,2060,3262.0
11,2063,786.0
11,2064,5067.0
11,2065,3380.0
11,2071,2094.0
11,2072,2585.0
11,2123,2702.0
11,2124,1845.0
11,2268,3931.0
11,2269,3368.0
11,2288,3099.0
11,2649,1869.0
11,2697,3565.0
11,2776,2402.0
11,2777,2176.0
11,2778,2008.0
11,2781,2473.0
11,2782,3530.0
11,2853,3107.0
11,2854,3083.0
11,2858,2578.0
11,2877,1708.0
11,2878,2836.0
11,2879,3328.0
11,2880,3231.0
11,2881,3690.0
11,2895,2886.0
11,2899,3624.0
11,2900,3652.0
11,2912,2456.0
11,2913,3291.0
11,2918,2746.0
11,2932,2769.0
11,2933,2954.0
11,3076,974.0
11,3200,3135.0
11,3222,2449.0
11,3246,1504.0
11,3258,2535.0
11,3343,2199.0
11,3384,3109.0
11,3385,2875.0
11,3393,2636.0
11,3396,1663.0
11,3397,2143.0
11,3403,1730.0
11,3404,2567.0
11,3405,3034.0
11,3406,1782.0
11,3418,3492.0
11,3425,1779.0
11,3428,3059.0
11,3441,3515.0
11,3442,2634.0
11,3443,3317.0
11,3444,2109.0
11,3447,3329.0
11,3458,3037.0
11,3459,2742.0
11,3487,2807.0
11,3488,3887.0
11,3498,2764.0
11,3504,3698.0
11,3507,2173.0
11,3509,2664.0
11,3510,2658.0
11,3511,1990.0
11,3518,6667.0
11,3520,1792.0
11,3521,2690.0
11,3522,1352.0
11,3564,2764.0
11,3748,3420.0
11,3749,1977.0
11,3750,1680.0
11,3767,3473.0
11,3787,1730.0
11,3790,1806.0
11,3791,2234.0
11,3798,3562.0
11,3801,2903.0
11,3808,2221.0
11,3809,2879.0
11,3810,3799.0
11,3847,2638.0
11,3902,2782.0
11,3903,3052.0
11,3923,2807.0
11,3930,2395.0
11,3990,2981.0
11,3995,2006.0
11,3996,2937.0
11,3999,1873.0
11,4000,2587.0
11,4006,2395.0
11,4007,2220.0
11,4009,2276.0
11,4015,2628.0
11,4016,2326.0
11,4017,3728.0
11,4018,2264.0
11,4023,2614.0
11,4052,2605.0
11,4053,3680.0
11,4059,2309.0
11,4069,2814.0
11,4070,2276.0
11,4079,2529.0
11,4107,2666.0
11,4190,3154.0
11,4191,2669.0
11,4192,2012.0
11,4193,3402.0
11,4194,1915.0
11,4195,1871.0
11,4196,1907.0
11,4197,2754.0
11,4200,1063.0
11,4201,2668.0
11,4203,2381.0
11,4215,1696.0
11,4296,1839.0
11,4315,1925.0
11,4323,3991.0
11,4330,3012.0
11,4331,36.0
11,4336,2094.0
11,4340,1501.0
11,4341,3290.0
11,4344,1376.0
11,4408,1840.0
11,4415,2676.0
11,4417,2461.0
11,4419,2470.0
11,4421,2594.0
11,4422,3117.0
11,4426,2108.0
11,4485,2895.0
11,4486,4446.0
11,4491,1632.0
11,4499,2009.0
11,4500,2273.0
11,4501,3047.0
11,4545,1942.0
11,4549,3796.0
11,4584,1473.0
11,4596,3010.0
11,4597,2773.0
11,4600,2547.0
11,4621,2489.0
11,4624,2607.0
11,4626,2272.0
11,4652,2897.0
11,4653,0.01
11,4654,2566.0
11,4657,2284.0
11,4661,2468.0
11,4676,2834.0
11,4684,1486.0
11,4700,2322.0
11,4735,1938.0
11,4737,1988.0
11,4745,2375.0
11,4754,2879.0
11,4764,1974.0
11,4765,3295.0
11,4768,3494.0
11,4777,160.0
11,4786,2885.0
11,4797,2205.0
12,381,2651.0
12,382,2960.0
12,386,1558.0
12,387,2598.0
12,388,2791.0
12,389,2280.0
12,390,769.0
12,391,4067.0
12,640,867.0
12,641,967.0
12,642,2164.0
12,643,2183.0
12,645,3059.0
12,646,3277.0
12,650,3386.0
12,651,4058.0
12,652,1359.0
12,653,2533.0
12,654,2329.0
12,655,2514.0
12,656,4990.0
12,748,0.01
12,749,2489.0
12,752,3863.0
12,753,1932.0
12,877,1805.0
12,878,2370.0
12,881,3289.0
12,882,3421.0
12,883,1503.0
12,884,3796.0
12,885,1487.0
12,886,2826.0
12,887,2427.0
12,889,2338.0
12,890,2373.0
12,891,2090.0
12,892,2735.0
12,893,3102.0
12,894,1981.0
12,924,0.01
12,1013,3148.0
12,1136,1931.0
12,1137,889.0
12,1138,2713.0
12,1139,745.0
12,1140,1343.0
12,1141,2992.0
12,1142,2438.0
12,1143,2720.0
12,1144,2754.0
12,1145,2120.0
12,1146,2405.0
12,1147,2059.0
12,1178,2703.0
12,1179,3502.0
12,1180,3640.0
12,1181,3445.0
12,1182,2923.0
12,1184,2301.0
12,1185,1200.0
12,1208,1263.0
12,1210,1013.0
12,1211,1945.0
12,1212,1795.0
12,1213,3015.0
12,1238,3406.0
12,1239,3704.0
12,1240,1968.0
12,1241,2342.0
12,1242,2219.0
12,1243,3096.0
12,1244,1893.0
12,1245,933.0
12,1246,2549.0
12,1247,2624.0
12,1248,2208.0
12,1249,2963.0
12,1250,2343.0
12,1251,3071.0
12,1252,1724.0
12,1253,1869.0
12,1254,2289.0
12,1255,2126.0
12,1256,2070.0
12,1257,2440.0
12,1258,1860.0
12,1259,2733.0
12,1260,2127.0
12,1261,1541.0
12,1262,3485.0
12,1263,3199.0
12,1264,3362.0
12,1265,2596.0
12,1266,3651.0
12,1267,2376.0
12,1281,3360.0
12,1282,1578.0
12,1284,3292.0
12,1332,1656.0
12,1333,4234.0
12,1334,2515.0
12,1335,1897.0
12,1336,1161.0
12,1337,2993.0
12,1407,1374.0
12,1408,2600.0
12,1495,3182.0
12,1516,1524.0
12,1542,1903.0
12,1543,3180.0
12,1545,2542.0
12,1547,1799.0
12,1548,3586.0
12,1712,3854.0
12,1713,2141.0
12,1715,2824.0
12,1716,1844.0
12,1717,2806.0
12,1785,1522.0
12,1836,1410.0
12,1837,1600.0
12,1849,1669.0
12,1881,1999.0
12,1946,2481.0
12,1988,2048.0
12,2047,2154.0
12,2048,2949.0
12,2128,3877.0
12,2130,1735.0
12,2145,2162.0
12,2149,2264.0
12,2150,2136.0
12,2151,1886.0
12,2153,2631.0
12,2154,1753.0
12,2155,2432.0
12,2156,2896.0
12,2195,1904.0
12,2196,3.0
12,2262,2711.0
12,2263,2423.0
12,2270,2125.0
12,2272,3045.0
12,2286,2578.0
12,2287,2027.0
12,2392,1441.0
12,2393,2935.0
12,2396,1887.0
12,2399,4464.0
12,2404,1641.0
12,2421,4895.0
12,2422,2033.0
12,2437,3499.0
12,2438,2411.0
12,2442,2551.0
12,2455,2097.0
12,2456,3702.0
12,2457,3603.0
12,2458,1741.0
12,2459,3238.0
12,2464,3402.0
12,2492,2253.0
12,2528,2141.0
12,2529,3226.0
12,2530,3135.0
12,2564,4093.0
12,2565,1999.0
12,2568,3758.0
12,2569,710.0
12,2571,3866.0
12,2574,1592.0
12,2575,1952.0
12,2576,2781.0
12,2577,1946.0
12,2616,2251.0
12,2618,2826.0
12,2619,3196.0
12,2620,2346.0
12,2621,2436.0
12,2622,2884.0
12,2623,3887.0
12,2624,1735.0
12,2626,1901.0
12,2627,1409.0
12,2628,2049.0
12,2630,1860.0
12,2631,1839.0
12,2632,2786.0
12,2635,980.0
12,2647,2513.0
12,2648,1370.0
12,2655,2406.0
12,2656,1786.0
12,2657,2305.0
12,2658,4032.0
12,2659,2088.0
12,2660,1834.0
12,2661,2378.0
12,2662,2713.0
12,2663,1745.0
12,2676,2723.0
12,2677,3675.0
12,2682,1673.0
12,2683,2609.0
12,2684,2287.0
12,2901,2744.0
12,3098,2355.0
12,3099,1894.0
12,3173,2004.0
12,3174,3574.0
12,3175,3549.0
12,3178,2417.0
12,3218,3013.0
12,3219,2703.0
12,3268,2253.0
12,3269,1711.0
12,3273,2472.0
12,3274,2258.0
12,3275,2282.0
12,3276,1994.0
12,3311,2453.0
12,3313,2333.0
12,3340,1117.0
12,3347,784.0
12,3348,0.01
12,3361,958.0
12,3365,1490.0
12,3367,416.0
12,3374,2322.0
12,3375,3115.0
12,3421,2470.0
12,3427,1829.0
12,3429,724.0
12,3538,2698.0
12,3541,2396.0
12,3585,2608.0
12,3595,2406.0
12,3600,2092.0
12,3632,3172.0
12,3633,2017.0
12,3649,1562.0
12,3657,3696.0
12,3679,1414.0
12,3680,2289.0
12,3690,2836.0
12,3691,2449.0
12,3692,2254.0
12,3693,4540.0
12,3694,3022.0
12,3696,1170.0
12,3699,2975.0
12,3709,3084.0
12,3721,2191.0
12,3722,1863.0
12,3799,2373.0
12,3862,2742.0
12,3863,2420.0
12,3907,2251.0
12,3959,2286.0
12,3983,1990.0
12,3987,3403.0
12,3988,2214.0
12,4037,883.0
12,4078,3115.0
12,4087,3470.0
12,4088,1214.0
12,4089,2292.0
12,4090,2561.0
12,4105,1681.0
12,4106,2009.0
12,4128,1918.0
12,4143,1106.0
12,4144,2895.0
12,4178,2846.0
12,4180,2526.0
12,4204,1635.0
12,4211,2764.0
12,4216,3487.0
12,4270,1613.0
12,4302,3.0
12,4310,1736.0
12,4316,2592.0
12,4351,1541.0
12,4352,2332.0
12,4358,1081.0
12,4360,2299.0
12,4370,3856.0
12,4377,2778.0
12,4381,2350.0
12,4393,1904.0
12,4394,1293.0
12,4395,1165.0
12,4401,3474.0
12,4402,1759.0
12,4445,2343.0
12,4458,2091.0
12,4465,2691.0
12,4466,2174.0
12,4471,2537.0
12,4472,2318.0
12,4508,1064.0
12,4511,2194.0
12,4522,2561.0
12,4532,1945.0
12,4535,1232.0
12,4536,2324.0
12,4537,2714.0
12,4546,2479.0
12,4603,1671.0
12,4607,1538.0
12,4617,1960.0
12,4619,2271.0
12,4644,3058.0
12,4658,1277.0
12,4665,1855.0
12,4674,1997.0
12,4699,315.0
12,4705,3206.0
12,4713,4543.0
12,4736,2943.0
12,4740,3096.0
12,4741,2100.0
12,4753,2589.0
12,4756,2512.0
12,4783,2576.0
12,4789,2520.0
12,4790,1919.0
