GEOID,DISTRICT
26039039006,1
26039039004,1
26047047017,1
26047047013,1
26143143004,2
26143143008,1
26143143005,1
26143143013,1
26143143014,2
26137137014,1
26137137004,1
26137137012,1
26039039007,1
26039039005,1
26039039003,1
26053053002,1
26053053008,1
26137137001,1
26137137008,1
26137137003,1
26137137005,1
26001001001,2
26001ZZZZZZ,2
26005005023,3
26005005024,3
26005005010,3
26005005009,3
26005005008,3
26005005017,3
26005005029,3
26047047022,1
26047047004,1
26047047008,1
26047047001,1
26031031003,1
26031031012,1
26001001008,2
26005005016,4
26005005007,3
26005005045,4
26011011015,2
26039039002,1
26073073019,5
26073073017,5
26081081204,5
26081081205,5
26081081051,5
26081081192,5
26081081191,5
26081081052,5
26081081208,3
26081081206,3
26081081199,5
26081081045,5
26081081006,5
26081081238,3
26081081119,5
26081000002,5
26081081209,5
26081081023,3
26081081026,3
26081081230,3
26081081012,5
26081081011,5
26081081009,5
26081081123,5
26081081187,5
26081081186,5
26081081081,3
26081081071,3
26081081082,5
26081081074,3
26081081020,5
26107107003,5
26107107005,5
26107107001,5
26107107016,5
26107107006,5
26107107004,5
26095095002,1
26095095001,1
26081081010,5
26081081013,5
26081081203,5
26081081064,5
26081081233,3
26081081091,3
26081081107,5
26043043011,1
26043043009,1
26043043010,1
26081081017,3
26081081014,3
26081081223,5
26081081225,3
26081081207,3
26043043013,1
26043043002,1
26043043006,1
26029029011,1
26029029019,1
26029029012,1
26029029003,1
26081081182,5
26081081184,5
26089089004,1
26089089005,1
26081081216,3
26081081215,3
26001001005,2
26065065025,6
26065065027,6
26065065038,6
26065065070,6
26065065066,6
26065065039,6
26065065048,6
26065065045,6
26065065094,6
26065065014,6
26065065008,6
26065065009,6
26029029001,1
26029029014,1
26029029016,1
26011011006,2
26011011004,2
26011011001,2
26011011005,2
26011011008,2
26069069009,2
26029029018,1
26029ZZZZZZ,1
26029029017,1
26065065078,6
26065065018,6
26065065005,6
26065065085,6
26065065075,6
26065065064,6
26065065067,6
26075075053,6
26075075062,6
26075075048,6
26065065036,6
26065065043,6
26065065011,6
26065065012,6
26065065015,6
26065065024,6
26065065089,6
26065065044,6
26065065059,6
26029029020,1
26029029002,1
26075075014,6
26075075047,6
26075075041,6
26075075033,6
26075075035,6
26075075034,6
26075075036,6
26065065072,6
26065065071,6
26065065001,6
26065065051,6
26065065117,6
26065065113,6
26065065115,6
26065065068,6
26011011003,2
26011011017,2
26163163196,7
26163163520,8
26163163521,8
26163163460,8
26163163461,8
26163005125,8
26163163519,8
26163163518,8
26163163085,7
26163163083,7
26065065031,6
26065065080,6
26075075061,6
26075075046,6
26027027021,4
26027027022,4
26027027020,4
26027027017,4
26027027002,4
26027027003,4
26027027004,4
26075075016,6
26075075019,6
26075075029,6
26075075028,6
26075075011,6
26075075045,6
26075075006,6
26065065034,6
26031031020,1
26031031018,1
26031031008,1
26031031021,1
26031031009,1
26031031019,1
26163163555,8
26163163517,8
26163163554,8
26163163928,9
26163163933,9
26163163666,9
26007007011,2
26007007006,2
26007007015,2
26007007010,2
26007ZZZZZZ,2
26007007014,2
26027027001,4
26027027016,4
26027027009,4
26027027018,4
26027027019,4
26027027013,4
26007007007,2
26007007002,2
26007007005,2
26007007001,2
26007007009,2
26081081142,5
26081081103,5
26081081022,3
26081081149,5
26081081120,5
26081081067,5
26081081061,5
26027027014,4
26027027012,4
26075075054,6
26075075005,6
26065065033,6
26081081034,5
26081081030,5
26081081007,5
26063063027,2
26063063002,2
26097097013,1
26097097010,1
26027027010,4
26163163032,9
26163163060,9
26163163093,7
26163163137,7
26163163876,7
26163163153,9
26163163183,9
26163163296,7
26163163297,7
26163163841,9
26163163752,9
26163163899,7
26163163134,9
26163163125,9
26163163605,7
26049049170,10
26049049110,10
26049049109,10
26049049099,10
26049049143,2
26049049023,10
26049049139,10
26049049142,10
26049049098,10
26049049097,10
26049049024,2
26049049212,2
26049049094,10
26049049095,10
26049049153,10
26049000017,10
26049049191,10
26049049064,10
26049049001,10
26049049003,10
26049049007,10
26049049091,10
26097097008,1
26097097001,1
26097097003,1
26069069012,2
26001001003,2
26019019010,1
26019019002,1
26019019009,1
26107107011,5
26163163516,8
26163163624,7
26163163860,7
26163163858,7
26163163889,7
26163163887,7
26163163877,7
26163163523,8
26163163524,8
26163163531,8
26163163532,8
26163163522,8
26163163112,7
26163163114,7
26163163542,7
26163163336,8
26163163334,8
26163163553,7
26163163551,7
26163163557,7
26163163548,7
26163163558,7
26163163225,8
26163163026,7
26163163075,7
26163163656,7
26163163246,8
26163163556,8
26049049022,10
26049049077,10
26049049066,10
26049049078,10
26049049165,10
26049049164,10
26049049163,10
26049049159,10
26049049161,10
26049049182,2
26049049205,10
26049049017,10
26049049010,10
26049049008,10
26063063010,2
26019019013,1
26075075063,6
26081081224,5
26081081055,5
26081081109,5
26081081248,3
26081081249,3
26081081092,3
26081081090,3
26063063006,2
26063063005,2
26163163235,8
26163163299,7
26163163611,7
26019019004,1
26019019011,1
26163163020,7
26163163854,7
26163163687,8
26163163572,7
26163163574,7
26163163316,8
26163163494,8
26163163525,8
26163163868,7
26163163285,9
26163163722,9
26163163540,7
26163163417,8
26163163580,8
26163163529,8
26163163477,8
26163163528,8
26163163253,11
26163163583,7
26163163582,7
26163163603,7
26163163668,7
26007007017,2
26007007003,2
26007007004,2
26143143009,1
26099099093,12
26099099094,12
26099099167,8
26099099318,8
26099099251,12
26099099103,12
26099099160,12
26099000017,12
26099099012,12
26099099144,12
26099099273,11
26099099180,8
26099099181,8
26163163803,9
26163163749,9
26163163750,9
26163163347,8
26163163355,8
26163163353,8
26163163351,8
26163163284,11
26163163306,8
26163163562,7
26163163560,7
26163163569,7
26163163563,7
26163163567,7
26163163578,7
26163163017,13
26163163016,13
26163163923,13
26163163924,13
26163163922,13
26163163897,7
26163163113,7
26163163005,7
26163163009,7
26163163909,7
26163ZZZZZZ,8
26163163851,7
26163163028,7
26163163980,7
26163163667,7
26163163847,7
26163163025,7
26163163915,7
26163163671,8
26163163672,8
26163163648,7
26163163845,9
26163163105,7
26163163104,7
26155155029,10
26155155006,10
26155155005,10
26155155014,2
26155155004,2
26155155028,10
26155155031,10
26155155007,10
26155155027,6
26155155010,2
26155155003,10
26155155033,6
26155155015,2
26163163068,13
26163163064,13
26163163039,13
26163163063,13
26089089009,1
26005005022,3
26075075031,6
26075075030,6
26065065083,6
26065065084,6
26065065118,6
26075075021,6
26075075002,6
26075075001,6
26075075003,6
26075075027,6
26075075018,6
26075075023,6
26075075022,6
26075075058,6
26019019012,1
26097097007,1
26097ZZZZZZ,1
26097097014,1
26097097009,1
26097097005,1
26097097006,1
26005005036,4
26005005015,4
26163163162,9
26163163159,9
26163163036,9
26163163054,9
26163163619,7
26163163602,7
26163163213,7
26163163608,7
26163163289,7
26163163863,9
26163163808,9
26163163807,9
26163163769,9
26163163862,13
26163163010,7
26163163981,7
26163163913,7
26163163129,9
26163163130,9
26163163258,7
26163163248,7
26163163771,9
26163163950,9
26163163097,7
26163163988,7
26163163870,7
26163163871,7
26163163973,7
26035035002,2
26035035007,2
26049049166,10
26049049156,10
26049049184,10
26049049185,10
26049049209,2
26049049146,10
26049049177,2
26049049147,10
26049049213,2
26049049116,10
26049049113,10
26049049121,10
26049049120,10
26049049042,10
26049049092,10
26049049081,10
26049049082,10
26049049074,10
26049049068,10
26049049151,10
26049049122,10
26049049175,2
26049049009,10
26049049186,10
26049049101,10
26049049199,10
26049049200,10
26049049198,10
26163163867,13
26163163693,8
26163163685,8
26163163670,8
26163163669,8
26163163593,7
26163163777,9
26097097012,1
26005005042,4
26005005006,4
26163163445,8
26163163447,8
26163163390,8
26163163564,7
26163163293,7
26163163832,9
26163163835,9
26163163139,7
26163163140,7
26163163733,7
26163163790,7
26163163856,7
26163163088,7
26163163078,7
26163163006,7
26163163007,7
26163163079,7
26163163967,9
26163163331,8
26163163309,8
26065065086,6
26065065111,6
26075075020,6
26075075060,6
26163163633,7
26163163635,7
26163163916,13
26163163734,7
26081081110,5
26081081181,5
26081081177,5
26081081065,5
26081081093,5
26081081084,3
26081081083,3
26081081190,5
26081081189,5
26081081075,3
26013013006,1
26013013007,1
26013013004,1
26075075007,6
26163163177,9
26163163301,7
26163163941,9
26163163965,9
26163163969,9
26163163878,7
26163163792,9
26163163102,7
26163163103,7
26163163744,9
26163163703,8
26163163756,9
26163163401,8
26163163388,8
26163163491,8
26163163493,8
26163163618,7
26163163638,7
26163163637,7
26107107009,5
26107107012,5
26107107010,5
26035035008,2
26035035009,2
26035035014,5
26163163781,9
26163163873,7
26065065041,6
26065065065,6
26065065104,6
26069069011,2
26063063016,2
26065065061,6
26065065007,6
26065065056,6
26065065109,6
26065065114,6
26065065069,6
26065065026,6
26065065106,6
26075075038,6
26075075049,6
26075075059,6
26075075008,6
26065065076,6
26065065077,6
26049049072,10
26049049067,10
26049049071,10
26049049137,2
26049049115,10
26049049118,10
26049049201,10
26049049202,10
26049049069,10
26099099027,12
26099099039,12
26099099151,12
26099099204,12
26099099280,8
26099099028,12
26099099159,12
26099099170,12
26099099164,8
26099099168,8
26099099001,12
26099099217,12
26099099208,12
26099099336,12
26099099115,12
26099099142,12
26099099122,12
26053053003,1
26053053001,1
26163163859,9
26071071004,1
26071071014,1
26071071006,1
26049049150,10
26049049014,10
26049049019,10
26049049195,10
26049049215,2
26049049102,10
26049049103,10
26049049020,10
26049049206,10
26049049173,2
26049049058,10
26049049059,10
26049049204,10
26049049133,2
26049049039,10
26049049040,10
26049049210,2
26049049207,10
26011ZZZZZZ,2
26011011002,2
26011011011,2
26011011012,2
26011011007,2
26065065010,6
26065065063,6
26065065110,6
26163163927,8
26163163450,8
26163163441,8
26163163546,7
26163163470,8
26163163449,8
26163163475,8
26163163511,7
26163163536,7
26163163645,7
26163163027,7
26163163590,7
26163163287,7
26163163800,9
26013013003,1
26143143006,2
26143143012,2
26143143001,2
26163163224,8
26163163071,7
26163163782,9
26163163142,7
26163163143,7
26163163141,7
26163163120,7
26163163726,9
26163163741,7
26163163842,9
26163163948,9
26163163795,9
26163163797,9
26163163824,9
26049049108,10
26049049083,10
26049049084,10
26065065050,6
26065065087,6
26065065088,6
26017017021,2
26037037014,6
26037037021,6
26037037028,6
26037037007,6
26037037022,6
26037037018,6
26037037006,6
26163163736,7
26163163454,8
26163163275,7
26163163090,7
26163163576,7
26163163346,8
26163163100,7
26163163101,7
26163163257,7
26163163170,9
26163163211,9
26163163203,9
26099099186,8
26099ZZZZZZ,12
26099099101,12
26099099235,8
26099099233,8
26099099067,12
26099099002,12
26049049149,10
26049049088,10
26049049076,10
26049049107,10
26049049047,10
26049049046,10
26049049169,10
26049049154,10
26049049152,10
26049049100,10
26049049031,10
26163163594,7
26163163754,9
26163163755,9
26163163798,9
26163163478,8
26163163533,8
26163163473,8
26163163715,13
26163163716,7
26163163003,7
26163163817,13
26163163849,7
26163163730,7
26163163035,13
26163163065,13
26163163462,8
26163163646,7
26073073012,5
26073073013,5
26033033004,1
26033033005,1
26033033014,1
26049049126,2
26049049127,10
26049049129,10
26049049065,10
26049049062,10
26049049038,10
26049049051,10
26049049050,10
26049049141,10
26071071015,1
26163163640,7
26163163148,7
26163163987,7
26163163738,7
26163163869,7
26163163432,8
26163163676,8
26163163678,8
26163163411,8
26163163413,8
26163163444,8
26163163410,8
26163163701,8
26163163328,8
26163163709,8
26163163710,8
26163163415,8
26163163456,8
26163163506,8
26163163198,7
26163163250,11
26163163251,7
26163163587,7
26163163589,7
26049049060,10
26049049032,10
26093093041,10
26093093045,13
26093093043,13
26093093016,10
26111111011,2
26093093014,10
26093093017,10
26093093072,10
26093093069,10
26093093015,10
26163163391,8
26163163176,9
26163163468,8
26163163318,8
26163163265,7
26163163057,13
26089089006,1
26089089012,1
26063063003,2
26093093023,10
26093093027,10
26093093022,10
26093093051,10
26093093079,10
26111111010,2
26111111029,2
26111111024,2
26111111022,2
26111111007,2
26111111030,2
26111111018,2
26111111038,2
26155155016,2
26033033012,1
26123123013,3
26123123009,3
26123123022,1
26093093063,10
26111111005,2
26111111028,2
26111111044,2
26111111027,2
26111111040,2
26093093077,10
26093093073,13
26049049002,10
26049049044,10
26049049197,10
26049049196,10
26049049174,2
26163163652,7
26163163654,7
26123123005,3
26123123001,3
26099000011,12
26099099334,12
26099099254,11
26099099265,12
26099099202,12
26099099211,11
26099099203,12
26099099255,12
26099099153,12
26099000015,12
26099099050,12
26099099319,8
26099099140,12
26099099136,12
26099099130,12
26099099141,12
26099099117,12
26099099018,12
26099099326,8
26013013002,1
26111111053,2
26071071011,1
26071071016,1
26163163743,9
26163163958,9
26163163966,9
26163163830,9
26163163888,7
26123123028,1
26123123014,3
26123123026,3
26123123030,5
26123123021,3
26123123010,3
26123123011,5
26063063019,2
26063063029,2
26063063024,2
26063063018,2
26063063025,2
26063063011,2
26063063026,2
26063063015,2
26063063023,2
26063063014,2
26063063028,12
26063063022,2
26063ZZZZZZ,12
26063063013,2
26155155017,2
26155155020,2
26155155011,6
26155155012,6
26155000001,6
26155155024,6
26155155023,10
26155155021,2
26013ZZZZZZ,1
26013013001,1
26013013005,1
26163163037,13
26035035013,2
26035035006,5
26035035001,2
26035035010,2
26035035004,1
26035035015,1
26035035011,2
26139139076,3
26139139077,3
26139139075,3
26139139001,3
26139139007,3
26139139006,3
26139139087,3
26139139090,3
26101ZZZZZZ,1
26101101007,1
26101101001,1
26101101009,1
26101101016,1
26163163233,8
26163163151,9
26163163155,9
26163163886,7
26163163665,9
26163163096,7
26163163829,9
26163163826,9
26163163407,8
26163163408,8
26163163256,7
26163163762,9
26017017012,2
26087087008,10
26139139085,3
26139139065,3
26159159021,4
26159159011,4
26077077031,4
26123123015,3
26123123018,5
26005005021,3
26005005005,4
26005005044,4
26159159029,4
26159159031,4
26159159012,4
26077077009,4
26077077007,4
26077077006,4
26077077087,4
26077077089,4
26069069007,2
26069069001,2
26123123003,1
26093093031,13
26093093061,10
26111111015,2
26111111052,2
26093093020,10
26093093021,10
26093093080,10
26093093081,10
26093093074,10
26093093050,10
26093093049,10
26093093052,10
26005005001,4
26055055009,1
26055055023,1
26055055022,1
26041041021,1
26077077034,4
26077077005,4
26033033017,1
26087087003,12
26017017019,2
26017017018,2
26087087031,10
26087087034,12
26087087026,11
26069069005,2
26019019003,1
26035035018,5
26035035016,2
26033033001,1
26033033015,1
26033033006,1
26033033016,1
26033033013,1
26033033010,1
26033033019,1
26033ZZZZZZ,1
26033033002,1
26033033009,1
26037037026,6
26037037025,6
26037037034,6
26057057014,5
26057057020,2
26057057007,2
26057057010,2
26057057006,2
26033033003,1
26135135006,2
26123123025,5
26123123019,1
26085085003,1
26085085008,1
26085085015,1
26085085001,1
26085085007,1
26105105009,1
26085085013,1
26085085002,1
26085085009,1
26085085012,1
26105105022,1
26135135001,2
26135135002,2
26135135005,2
26135135007,2
26159159028,4
26159159032,4
26077077046,4
26077077074,4
26077077078,4
26077077036,4
26079079011,1
26079079008,1
26079079003,1
26161161100,13
26161161071,13
26161161127,13
26161161136,13
26161161035,13
26161161049,13
26161161109,13
26161161108,13
26161161101,13
26161161046,13
26161161054,13
26161161010,13
26161161068,13
26161161059,13
26161161094,13
26161161043,13
26161161098,13
26161161119,13
26161161117,13
26101101012,1
26101101010,1
26101101011,1
26139139046,3
26139139003,3
26139139002,3
26161161092,13
26161161088,13
26161161081,13
26161161086,13
26161161146,13
26161161150,13
26161161026,13
26161161077,13
26161161120,13
26161161103,13
26161161107,13
26161161072,13
26161161073,13
26161161017,13
26161161055,13
26161161016,13
26161161019,13
26161161011,13
26161161021,13
26161161020,13
26161161091,13
26161161089,13
26161161097,13
26161161138,13
26161161129,13
26161161058,13
26161161056,13
26073073002,2
26033033018,1
26121121003,3
26121121026,3
26121121029,3
26121121030,3
26093093057,10
26093093065,10
26057057008,6
26005005040,3
26005005039,3
26005005011,3
26005005025,3
26005005032,4
26005005033,4
26147147009,12
26151151007,12
26151151024,12
26151151003,12
26151151026,12
26147147051,12
26147147059,12
26147147061,12
26147147052,12
26147147017,12
26147147034,12
26147147008,12
26111111006,2
26111111036,2
26111111037,2
26055055025,1
26055055034,1
26055055030,1
26055055029,1
26055055018,1
26055055020,1
26085085014,1
26085085004,1
26111111014,2
26093093044,13
26093093040,10
26093093032,10
26093093047,10
26093093025,10
26111111039,2
26111111045,2
26111111026,2
26093093026,10
26093093028,10
26093093018,10
26093093046,10
26063063031,2
26093093068,10
26111111001,2
26111111013,2
26093093005,10
26093093011,10
26147147025,12
26147147055,12
26147147067,12
26147147068,12
26147147042,12
26057057005,2
26151151025,12
26151151018,12
26145145038,2
26145145067,2
26145145068,2
26145145048,2
26145145045,2
26145145044,2
26145145051,2
26057057016,5
26057057002,5
26057057017,2
26057057011,2
26061061006,1
26055055011,1
26159159007,4
26159159003,4
26077077041,4
26077077032,4
26077077084,4
26077077039,4
26159159010,4
26077077035,4
26077077050,4
26151151028,12
26151151023,12
26151151012,12
26147147065,12
26147147066,12
26147147054,12
26121121035,3
26121121036,3
26121121034,3
26121121005,3
26121121006,3
26121121007,3
26121121004,3
26121121012,3
26159159006,4
26159159016,4
26077077103,4
26077077105,4
26077077003,4
26077077069,4
26077077004,4
26077077024,4
26077077099,4
26077077029,4
26077077057,4
26077077048,4
26129129001,2
26129129010,2
26133133017,1
26133133007,1
26147147020,12
26147147021,12
26147147010,12
26147147060,12
26147147041,12
26147147057,12
26147147013,12
26147147014,12
26147147015,12
26147147031,12
26147147007,12
26147147024,12
26147147032,12
26147147012,12
26147147064,12
26147147006,12
26147147049,12
26147147001,12
26147147002,12
26147147048,12
26147147040,12
26147147045,12
26147147043,12
26147147011,12
26151151017,12
26147147063,12
26147147036,12
26147147035,12
26147147037,12
26147147018,12
26123123029,5
26123123012,5
26117117020,5
26117117007,5
26117117019,5
26077077026,4
26077077054,4
26025025032,4
26025025034,4
26025025017,4
26025025041,6
26025025002,6
26025025057,6
26147147053,12
26151151019,12
26151151011,2
26147147062,12
26025025030,4
26025025031,4
26025025009,4
26025025010,4
26025025008,4
26025025051,6
26025025056,6
26025025054,6
26025025019,4
26077077102,4
26077077066,4
26077077058,4
26077077043,4
26077077068,4
26077077095,4
26077000020,4
26077077037,4
26077077055,4
26077077030,4
26115115019,7
26115115020,7
26115115018,7
26115115003,13
26163163855,7
26115115055,13
26115115034,13
26115115049,13
26115115063,13
26115115014,13
26115115016,13
26115115023,13
26115115024,13
26115115044,13
26115115045,13
26115115017,13
26115115025,13
26115115022,13
26115115026,13
26115115046,13
26115115047,13
26115115058,13
26115115051,13
26115115053,13
26115115060,13
26115115050,13
26063063030,2
26063063017,2
26151151030,12
26147147047,12
26147147023,12
26147147004,12
26151151005,12
26147147056,12
26091091035,13
26115115010,13
26157157001,2
26157ZZZZZZ,2
26157157032,2
26121121050,3
26121121049,3
26121121025,3
26121121024,3
26121121009,3
26157157031,2
26157157030,2
26157157023,2
26157157007,2
26157157003,2
26121121031,3
26121121027,3
26121121048,3
26121121045,3
26121121052,3
26121121046,3
26149149018,4
26125125078,9
26125125476,9
26125125482,9
26125125478,9
26099099323,8
26099099322,8
26099099300,8
26045045049,6
26045045038,6
26045045045,6
26045045046,5
26125125376,9
26125125441,11
26125125440,11
26125125446,11
26021021014,4
26021021047,4
26021021046,4
26021021008,4
26021021041,4
26021021026,4
26021021003,4
26021021049,4
26021021050,4
26079079007,1
26079079004,1
26079079001,1
26145145022,2
26145145006,2
26145145021,2
26145145025,2
26145145024,2
26125125279,11
26125125281,11
26125125270,11
26125125423,11
26125125428,11
26125125444,11
26125125443,11
26125125445,11
26125125166,11
26125125168,11
26125125167,10
26125125162,11
26113113016,1
26113113011,1
26135135003,2
26125125300,11
26125125299,11
26125125164,11
26125125115,9
26125125293,11
26125125292,11
26125125294,11
26125125054,11
26125125458,11
26125125463,11
26125125457,11
26055055036,1
26055055002,1
26145145074,2
26145145083,2
26145145080,2
26145145049,2
26145145076,2
26145145073,2
26145145075,2
26153153002,1
26153153003,1
26125125375,11
26125125371,11
26125125343,11
26125125274,11
26125125275,11
26125125436,11
26125125188,11
26125125278,11
26125125277,11
26125125419,11
26117117015,5
26117117029,5
26045045051,6
26009009004,1
26003003006,1
26003003007,1
26153153012,1
26153153004,1
26125125192,8
26125125356,11
26125125210,9
26125000013,9
26125000010,9
26125125152,11
26125125487,11
26125125477,11
26125125040,11
26125125061,11
26125125062,11
26125125128,8
26125125432,11
26121121021,3
26121121011,3
26023023009,6
26023023011,6
26023023017,4
26023023012,4
26023023008,6
26023023007,6
26125125009,11
26125125173,10
26125125177,10
26125125175,10
26125125418,10
26125125002,11
26125125290,11
26125125291,11
26125125289,11
26125125280,11
26125125155,11
26125125153,11
26125125345,11
26125125346,8
26125125337,8
26125125395,9
26125125335,10
26125125485,9
26125125222,9
26125125223,9
26125125171,11
26125125172,11
26125125363,11
26125125364,11
26125125336,11
26125125272,8
26125125341,11
26125125296,11
26127127001,1
26127127009,3
26127127010,1
26127127011,1
26127127005,1
26127127006,3
26125125467,11
26125125465,11
26125125282,11
26125125373,11
26125125405,11
26125125039,11
26125125407,11
26125125020,11
26125125349,11
26125125125,8
26125125129,8
26125125111,9
26125125006,11
26125125004,11
26151151027,12
26015015003,4
26015015017,5
26015015018,5
26015015009,5
26015015012,5
26015015002,4
26161161140,13
26161161116,13
26161161061,13
26161161074,13
26161161110,13
26161161090,13
26125125161,10
26125125370,11
26125125490,11
26125125484,11
26125125491,11
26157157009,2
26157157002,2
26157157015,2
26157157006,2
26157157005,2
26157157021,2
26157157026,2
26157157022,2
26147147070,12
26147147069,12
26151151022,12
26147147050,12
26125125403,11
26151151031,12
26147147027,12
26161161145,13
26125125042,11
26125125041,11
26125125121,9
26125125120,9
26125125032,11
26125125434,11
26125125433,11
26125125379,11
26125125383,11
26125125303,11
26125125304,11
26125125314,11
26015015008,5
26015037120,5
26015015022,5
26015015013,4
26015015020,5
26015015021,5
26015015006,5
26125125021,11
26125125089,9
26125125399,11
26125125190,8
26145145027,2
26145145070,2
26145145013,2
26145145079,2
26125125249,11
26015015014,5
26015015007,5
26067067004,5
26067067012,5
26067067016,5
26067067014,5
26067067025,5
26067067008,5
26067067022,5
26149149003,4
26149149004,4
26149149010,4
26149149024,4
26149149006,4
26149149022,4
26149149020,4
26149149019,4
26131131010,1
26149149023,4
26149149021,4
26041041003,1
26041041014,1
26041ZZZZZZ,1
26041041017,1
26041041006,1
26041041018,1
26041041010,1
26041041016,1
26041041008,1
26041041004,1
26041041015,1
26041041007,1
26067067023,5
26149149002,4
26149149009,4
26067067011,5
26067067013,5
26067067029,6
26067067030,5
26145145014,2
26145145020,2
26145145003,2
26145145002,2
26145145056,2
26145145055,2
26145145084,2
26145145015,2
26145145035,2
26145145029,2
26145145078,2
26131131006,1
26131131005,1
26041041009,1
26041041020,1
26125125012,11
26125125011,11
26125125108,9
26125125103,9
26125125104,9
26125125323,11
26125125320,11
26125125324,11
26125125361,11
26109109009,1
26109109008,1
26041041001,1
26041041023,1
26145145053,2
26139139063,3
26021021031,4
26021021061,4
26021021060,4
26121121067,3
26121121023,3
26021021016,4
26021021043,4
26021021042,4
26045045011,6
26045045026,6
26045045027,6
26045045028,6
26045045037,6
26045045047,6
26045045025,6
26045045040,6
26045045042,6
26045045036,6
26045045033,6
26045045009,6
26045045050,6
26145145040,2
26145145050,2
26125125380,9
26125125201,9
26125125071,11
26125125072,11
26125125073,11
26125125069,11
26045045006,6
26045045043,6
26045045005,6
26045045003,6
26045045032,6
26045045019,6
26045045020,6
26125125122,8
26125125208,9
26125125209,9
26125125288,11
26125125286,11
26125125468,11
26139139059,3
26139139055,3
26139139047,3
26139139044,3
26139139100,3
26139139101,3
26139139011,3
26139139086,3
26101101005,1
26145145019,2
26145145018,2
26145145036,2
26145145037,2
26145145039,2
26145145069,2
26145145023,2
26139139074,3
26139139073,3
26113113010,1
26113113015,1
26079079006,1
26079079005,1
26055055013,1
26099099150,12
26099099033,12
26099099166,8
26099099098,12
26099099102,12
26099099096,12
26099099165,8
26125125267,11
26125125036,11
26125125165,11
26125125231,11
26125125276,11
26127127017,3
26045045035,6
26109109005,1
26109109014,1
26109109013,1
26109109015,1
26105105003,1
26105105020,1
26105105001,1
26139139097,3
26139139099,3
26139139098,3
26139000004,3
26139139106,3
26139139023,3
26067067027,5
26067067009,6
26145145047,2
26145145061,2
26105105002,1
26105105006,1
26129129004,2
26129129006,2
26129129002,2
26133133008,1
26051051009,2
26121121001,3
26121121065,3
26121121066,3
26121121022,3
26121121028,3
26105105005,1
26121121061,3
26121121047,3
26121121059,3
26121121053,3
26055055005,1
26127127015,1
26127127018,1
26121121032,3
26045045001,6
26045045048,6
26023023015,4
26023023022,4
26023023002,4
26023023001,6
26145145001,2
26145145071,2
26145145072,2
26145145059,2
26145145064,2
26145145033,2
26117117022,5
26117117009,5
26091091016,13
26091091009,13
26149149025,4
26149149005,4
26121121043,3
26121121042,3
26091091027,13
26151151009,12
26113113012,1
26127127004,1
26127127012,1
26127127003,1
26105105010,1
26105105016,1
26129129009,2
26129129011,2
26133133003,1
26133133004,5
26051051005,2
26051051012,2
26133133014,1
26133133015,1
26091091030,13
26091091032,13
26091091040,13
26055055006,1
26055055012,1
26109109010,1
26109109011,1
26109109017,1
26109109012,1
26109109016,1
26109109018,1
26105105012,1
26109109007,1
26139139042,3
26139139043,3
26139139070,3
26139139017,3
26139139018,3
26101101006,1
26001001007,2
26001001010,2
26001001004,2
26021021033,4
26021021053,4
26127127008,3
26021021025,4
26021021035,4
26021021034,4
26021021004,4
26025025028,4
26025025042,4
26139139053,3
26023023021,4
26149149017,4
26067067003,5
26023023004,4
26099099049,12
26099099043,12
26125125066,11
26125125064,10
26125125284,11
26125125285,11
26125125264,11
26125125257,11
26125125459,11
26125125455,10
26125125145,10
26125125143,10
26125125140,10
26099099157,12
26139139034,3
26139139040,3
26139139035,3
26139139048,3
26139139020,3
26139139088,3
26139139089,3
26117117018,5
26117117026,5
26117117011,5
26117117012,5
26117117028,5
26143143003,2
26117117030,5
26117117010,5
26121121039,3
26121121056,3
26117117025,5
26117117014,5
26117117013,5
26149149016,4
26127127013,3
26127127007,1
26105105011,1
26105105008,1
26105105024,1
26125125451,10
26125125077,10
26125125079,9
26125125502,10
26125125359,11
26099099271,12
26125125500,10
26077077090,4
26077077101,4
26077077027,4
26053053006,1
26053053005,1
26053053010,1
26053053009,1
26103103033,1
26103103030,1
26103103001,1
26103103023,1
26103103012,1
26103103004,1
26103103024,1
26125125350,11
26125125057,11
26125125283,11
26105105007,1
26091091003,13
26091091005,13
26091091007,13
26091091008,13
26091091026,13
26091091033,13
26015015015,4
26015015024,4
26015015011,4
26061061020,1
26077077076,4
26077077020,4
26077077047,4
26015015016,4
26015015005,5
26159159013,4
26159159027,4
26077077016,4
26077077014,4
26077077096,4
26077077093,4
26077077104,4
26103103029,1
26103103009,1
26103103005,1
26103103027,1
26061061007,1
26127127016,1
26025025035,6
26025025013,4
26025025014,4
26025025053,4
26025025049,6
26025025048,6
26025025046,4
26025025005,6
26025025001,6
26023023005,4
26077077059,4
26077077067,4
26077077008,4
26061061017,1
26061061023,1
26125125258,11
26099099169,8
26099099031,12
26125125447,11
26125125213,9
26125125212,9
26125125479,11
26125125473,11
26139139069,3
26101101004,1
26139139004,3
26139139005,3
26139139015,3
26139139016,3
26021021057,4
26021021054,4
26021021058,4
26021021048,4
26059059020,6
26043043007,1
26159159019,4
26053053011,1
26059059022,6
26125125301,11
26125125250,11
26125125251,11
26125125252,11
26125125074,10
26125125170,11
26125125007,11
26125125421,11
26125125309,11
26125125332,11
26125125311,11
26125125424,11
26125125427,11
26055055026,1
26021021059,4
26021021024,4
26021021062,4
26021021039,4
26021021038,4
26021021022,4
26015015001,6
26099099097,12
26125125269,11
26059059004,6
26059059012,6
26059059010,6
26103103026,1
26103103017,1
26103103006,1
26043043016,1
26103103028,1
26165165018,1
26165165003,1
26165165013,1
26059059011,6
26059059007,6
26059059006,6
26059059013,6
26059059002,6
26059059026,6
26021021030,4
26021021045,4
26021021040,4
26055055008,1
26055055004,1
26103103031,1
26103103007,1
26103103008,1
26103103036,1
26021021037,4
26021021021,4
26059059021,6
26059059015,6
26059059014,6
26059059018,6
26115115064,13
26115115061,13
26115115027,13
26115115028,13
26115115002,7
26115000003,7
26021021006,4
26021021012,4
26021021002,4
26021021019,4
26021021017,4
26021021015,4
26021021009,4
26021021011,4
26153153011,1
26009009010,1
26009009007,1
26009009015,1
26009009008,1
26009009001,1
26125125110,9
26061061014,1
26061061025,1
26061061015,1
26013013008,1
26099099258,12
26099099267,12
26165165015,1
26165165011,1
26165165006,1
26165165008,1
26165165005,1
26165165020,1
26103103021,1
26103103014,1
26103103022,1
26103103016,1
26165165007,1
26125125462,11
26125125319,11
26125125176,13
26125125174,9
26125125178,9
26125125181,10
26125125409,13
26009009011,1
26003003010,1
26099099176,12
26125125318,11
26125125193,10
26125125199,10
26009009002,1
26073073016,5
26165165004,1
26073073005,2
26139139029,3
26139139028,3
26139139031,3
26139139030,3
26139139022,3
26139139027,3
26009009003,1
26009009014,1
26083083003,1
26095095003,1
26095ZZZZZZ,1
26095095004,1
26031031010,1
26031031007,1
26031031006,1
26031031011,1
26031031022,1
26031ZZZZZZ,1
26061061013,1
26159159023,4
26159159022,4
26077077010,4
26077077012,4
26077077017,4
26077077002,4
26159159024,4
26079079002,1
26061061009,1
26161161105,13
26161161104,13
26061061026,1
26061061003,1
26061061002,1
26061061018,1
26161161115,13
26161161053,13
26161161008,13
26161161009,13
26009009012,1
26059059025,6
26087087006,2
26017017026,2
26017017025,2
26017017042,2
26017017020,2
26087087009,10
26087087016,10
26087087017,10
26017017006,2
26017017016,2
26017017010,2
26087087002,12
26087087037,2
26087087015,12
26163163677,8
26163163066,13
26163163565,7
26163163421,8
26163163381,8
26163163385,8
26163163435,8
26163163442,8
26163163708,8
26163163448,8
26163163340,8
26163163471,8
26163163616,7
26163163286,7
26099099022,12
26099099290,8
26099099298,8
26099099188,8
26099099139,12
26099099199,12
26099099137,12
26059059001,6
26099099036,12
26099099042,12
26099099051,12
26099099256,12
26099099184,8
26099099084,8
26099099178,8
26163163865,7
26163163837,9
26163163737,7
26163163649,7
26163163885,13
26163163811,9
26163163547,7
26163163549,7
26163163212,9
26163163179,7
26163163208,9
26163163178,9
26163163307,8
26163163185,9
26163163062,9
26163163732,7
26163163904,7
26163163694,8
26037037009,6
26037037011,6
26037037012,6
26037037010,6
26037004042,6
26037037015,6
26037037029,6
26037037013,6
26037037019,6
26037000002,6
26037037030,6
26123123008,5
26123000002,5
26123123007,5
26037037032,6
26037037027,6
26017017041,2
26087087007,12
26087000001,12
26141141015,2
26141141008,1
26141141003,2
26141141007,2
26141141013,2
26141141006,2
26141141016,2
26141141010,1
26141141002,1
26141141014,2
26141141011,1
26113113008,1
26141141001,1
26141141009,1
26145145008,2
26145145010,2
26145145017,2
26145145012,2
26119119003,1
26119119009,1
26119119001,2
26121121038,3
26121121041,3
26025025047,4
26025025058,4
26115115040,13
26115115029,13
26115115033,13
26115115031,7
26115115036,7
26115115035,13
26115115048,13
26021021032,4
26051051015,2
26051051011,2
26115115062,13
26115115059,13
26115115001,13
26115115042,13
26115115009,13
26115115012,13
26115115015,13
26115115007,13
26067067021,5
26067067018,5
26149149026,4
26149149014,4
26067067019,5
26119119002,2
26119119006,2
26119119004,2
26021021020,4
26025025045,6
26025025044,6
26025025038,6
26021021051,4
26021021052,4
26025025015,4
26025025043,6
26021021005,4
26067067031,5
26103103019,1
26103103020,1
26165165019,1
26149149001,4
26099099269,12
26099099120,12
26125125123,8
26125125124,8
26125125126,8
26125125430,11
26125125271,11
26125125470,11
26099099158,12
26125125408,10
26125125226,11
26125125019,11
26125125015,11
26125125154,11
26125125238,11
26125125239,11
26125125241,11
26099099299,8
26125125351,11
26125125352,11
26125125348,11
26105105015,1
26105105013,1
26105105017,1
26125125315,11
26125125317,11
26125125081,10
26039039009,1
26107107021,5
26107107019,5
26107107018,5
26107107002,5
26039039008,1
26015015010,5
26137137007,1
26029029009,1
26137137011,1
26137137013,1
26137137009,1
26137137006,1
26107107008,5
26015015019,5
26143143007,1
26029029006,1
26029029005,1
26029029008,1
26039039001,1
26039039010,2
26107107020,5
26029029010,1
26107107013,5
26047047010,1
26073073001,5
26073073023,5
26047047007,1
26001001011,2
26053053007,1
26005005018,3
26047ZZZZZZ,1
26047047011,1
26081081239,3
26081081024,3
26081081021,3
26081081151,5
26081081211,3
26081081210,5
26081081139,5
26081081132,5
26081081130,5
26081081137,5
26081081027,3
26047047016,1
26047047020,1
26043043015,1
26043043005,1
26043043001,1
26043043008,1
26073073010,5
26073073004,2
26081081179,5
26081081041,5
26081081155,5
26081081150,5
26081081069,5
26081081068,5
26081081129,5
26081081046,5
26081081047,5
26081081196,5
26081081202,5
26031031017,1
26031031016,1
26031031004,1
26005005043,3
26005005034,4
26005005031,3
26005005003,3
26031031013,1
26073073028,2
26043043012,1
26043043003,1
26043043004,1
26005005014,3
26031031014,1
26081081062,5
26081081131,5
26081081197,5
26081081112,5
26081081214,5
26081081098,5
26081081164,5
26073073015,5
26073073018,5
26073073025,5
26005005013,3
26005005019,3
26073073007,5
26081081102,5
26081081004,5
26081081099,5
26081081143,5
26089089003,1
26081081156,3
26081081160,3
26081081158,3
26081081159,3
26081081157,3
26099099011,8
26099099083,8
26099099082,8
26099099044,12
26099099065,12
26099099241,12
26099099242,12
26099099026,12
26107107015,5
26065065006,6
26099099104,12
26099099193,12
26099099328,8
26099099302,8
26099099301,8
26099099086,12
26099099231,8
26099099315,8
26099099324,8
26099099321,8
26081081097,5
26081081086,3
26081081188,5
26081081146,5
26081081124,5
26081081178,5
26081081162,5
26081081153,5
26075075024,6
26075075017,6
26065065052,6
26099099073,8
26099099127,12
26099099128,12
26031031015,1
26017017045,2
26163163724,7
26163163123,9
26163163001,7
26163163492,8
26163163836,9
26163163047,13
26163163056,13
26163163031,13
26163163052,13
26163163030,13
26163163094,7
26099099291,8
26099099275,11
26099099119,12
26099099304,8
26163163919,13
26163163550,7
26099099333,12
26081081078,5
26081081212,5
26081081003,5
26081081008,5
26017017014,2
26017017013,2
26017017034,2
26087087029,10
26017017031,2
26017017037,2
26017017011,2
26099099283,8
26099099207,12
26099099330,12
26099099227,12
26099099063,12
26099099069,12
26099099247,8
26099099075,8
26099099294,8
26099099282,8
26099099224,12
26163163961,9
26163163099,7
26163163393,8
26163163437,8
26163163440,8
26163163386,8
26163163664,9
26163163857,13
26163163875,7
26163163044,9
26163163772,9
26017017038,2
26087087027,10
26087087013,10
26087087021,10
26017017004,2
26017017030,2
26087087012,10
26163163018,7
26163163029,7
26163163021,7
26163163455,8
26163163399,8
26163163319,8
26163163339,8
26163163372,8
26163163323,8
26087087004,12
26017017015,2
26017017008,2
26017017024,2
26017017028,2
26071071009,1
26027027008,4
26047047023,1
26163163326,8
26163163216,7
26163163595,7
26163163674,8
26163163675,8
26163163457,8
26163163552,7
26163163566,7
26163163570,7
26163163571,7
26163163702,8
26163163327,8
26163163338,8
26163163577,7
26163163199,7
26163163274,7
26163163365,8
26163163680,8
26163163002,7
26163163642,7
26163163813,9
26163163843,9
26163163575,7
26163163815,9
26163163814,9
26163163192,7
26163163205,7
26069069003,2
26099099006,12
26099099222,12
26099099038,12
26017017009,2
26163163514,7
26163163545,7
26163163956,9
26071071001,1
26163163690,8
26163163706,8
26163163426,8
26163163436,8
26163163427,8
26163163406,8
26163163277,8
26163163106,7
26163163080,7
26163163718,7
26163163717,7
26163163719,7
26163163086,7
26163163818,13
26163163613,7
26163163395,8
26163163920,13
26069069013,2
26163163880,13
26163163932,9
26163163931,9
26163163720,9
26163163568,7
26163163322,8
26163163045,13
26163163061,9
26163163283,9
26163163165,9
26099099105,12
26099099210,12
26099099243,8
26099099197,12
26099099053,12
26099099029,12
26099099183,8
26099099249,12
26099099239,12
26099099240,12
26099099161,12
26099099162,12
26099099226,12
26099099014,12
26027027015,4
26089089002,1
26089089010,1
26005005046,4
26037037004,6
26037037008,6
26037037031,6
26037037017,6
26037037003,6
26037037001,6
26163163810,9
26163163809,9
26163163791,7
26163163098,7
26163163793,9
26163163714,13
26163163846,7
26163163651,7
26163163488,8
26163163489,8
26163163486,8
26163163490,8
26163163614,7
26163163839,9
26163163917,13
26163163930,9
26163163487,8
26163163485,8
26163163290,7
26163163174,9
26027027011,4
26075075051,6
26075075052,6
26065065081,6
26065065002,6
26081081044,5
26081081043,5
26081081072,5
26099099054,12
26099099182,8
26099099335,12
26099099216,12
26099099218,12
26099099005,12
26099099004,12
26099099058,12
26099099040,12
26099099305,8
26099099148,12
26099099212,12
26099099100,12
26099099263,11
26099099025,12
26099000016,12
26099099024,12
26099099077,8
26099099078,8
26099099068,12
26163163371,8
26163163964,9
26163163963,9
26163163187,9
26163163222,9
26163163261,8
26163163721,7
26163163281,9
26163163753,9
26069069008,2
26007007013,2
26087087010,12
26087087019,12
26087087025,10
26087087024,10
26163163374,8
26163163526,8
26163163527,8
26163163530,8
26099099095,12
26099099277,12
26099099041,12
26099099059,12
26099099070,12
26099099270,12
26099099278,12
26099099020,12
26099000018,12
26035035019,1
26019019008,1
26123123004,5
26047047021,1
26093093054,10
26093093070,10
26093093071,10
26093093075,13
26093093058,10
26155155008,10
26155155002,10
26155155026,2
26099099118,12
26099099123,12
26099099081,8
26099099080,8
26099099232,8
26099099309,8
26099099146,12
26099099056,12
26099099030,12
26071071007,1
26097097002,1
26005005030,4
26071071003,1
26155155001,10
26155155013,2
26071071002,1
26005005020,3
26063063009,2
26063063021,2
26111111009,2
26111111004,2
26093093053,10
26093093048,10
26093093064,10
26093093038,10
26163163074,7
26163163024,7
26163163023,7
26163163210,9
26163163004,7
26123123020,1
26123123016,5
26063063008,2
26063063001,2
26063063012,2
26033033008,1
26123123006,5
26111111051,2
26123123023,5
26123123024,3
26141ZZZZZZ,2
26041041022,1
26079079013,1
26041041011,1
26101101002,1
26139139049,3
26139139107,3
26139139108,3
26131131001,1
26121121008,3
26077077091,4
26077077106,4
26159159008,4
26159159009,4
26141141004,2
26141141012,2
26145145082,2
26145145007,2
26145145046,2
26145145042,2
26145145041,2
26145145054,2
26145145057,2
26113113004,1
26113113009,1
26113113017,1
26025025060,6
26025025021,4
26041041019,1
26077077060,4
26159159033,4
26131131011,1
26131131012,1
26139139033,3
26139139041,3
26139139032,3
26161161123,13
26161161135,13
26061061027,1
26061061016,1
26061061022,1
26061061001,1
26025025012,4
26025025039,6
26025025050,6
26025025007,6
26133133002,1
26133133011,1
26133133018,1
26025025036,6
26079079009,1
26149149007,4
26113113002,1
26055055033,1
26055055032,1
26055055015,1
26055055014,1
26101101008,1
26125125382,11
26125125381,9
26125125334,10
26125000023,9
26125125221,9
26125125358,11
26125125411,13
26125125132,10
26125125119,9
26125125127,8
26125125135,8
26125125182,8
26125125049,11
26125125053,11
26077077082,4
26159159030,4
26125125245,11
26125125244,11
26125125203,9
26077077094,4
26077077092,4
26135135004,2
26057057018,5
26121121002,3
26121121013,3
26079079012,1
26021021056,4
26021021013,4
26121121051,3
26059059003,6
26091091014,13
26091091015,13
26091091019,13
26091091020,6
26091091038,13
26091091017,13
26133133009,1
26133133006,1
26051051013,2
26161161062,13
26161161064,13
26161161096,13
26161161034,13
26051051003,2
26051051004,2
26091091043,6
26119119008,2
26057057001,5
26057057019,5
26057057013,5
26161161060,13
26161161141,13
26057057012,5
26057057009,2
26057057003,5
26161161130,13
26161161079,13
26161161139,13
26051051002,2
26051051001,2
26055055027,1
26055055028,1
26145145028,2
26145145062,2
26145145065,2
26145145005,2
26145145034,2
26145145077,2
26161161031,13
26161161024,13
26121121064,3
26161161002,13
26161161004,13
26161161001,13
26161161042,13
26161161099,13
26125125134,8
26125125400,11
26125125450,11
26125125086,9
26125125076,9
26023023006,6
26161161112,13
26125125439,11
26125125159,10
26161161067,13
26051051007,2
26051051018,2
26051051016,2
26051051008,2
26091091012,13
26129129008,2
26133133010,1
26133133012,5
26091091024,13
26091091002,13
26091091039,13
26115115038,13
26067067024,5
26067067026,5
26067067001,5
26067067002,5
26125125248,8
26125125085,9
26125125075,9
26125125507,10
26125125456,11
26125125460,11
26161161085,13
26161161027,13
26161161039,13
26161161084,13
26161161005,13
26161161149,13
26117117017,5
26161161078,13
26161161080,13
26161161087,13
26161161036,13
26125125331,11
26125125329,11
26125125206,9
26125125047,11
26125125130,8
26125125422,11
26125125461,11
26125125464,11
26125125326,11
26055055003,1
26091091029,13
26091091028,13
26091091010,13
26091091018,13
26091091022,13
26091091034,13
26149149015,4
26127127014,3
26117117024,5
26125125144,10
26125125266,11
26125125384,9
26125125388,9
26125125365,11
26125125366,11
26125000019,9
26125125321,11
26159159026,4
26091091004,13
26115115056,13
26109109004,1
26109109006,1
26061061012,1
26103103025,1
26103103018,1
26061061008,1
26157157011,2
26157157012,2
26157157018,2
26125125253,11
26125125254,11
26083083001,1
26059059016,6
26165165014,1
26083083002,1
26083083004,1
26157157008,2
26157157016,2
26157157028,2
26157157014,2
26117117023,5
26025025018,4
26023023014,6
26117117006,5
26117117005,5
26117117001,5
26117117008,5
26003003005,1
26003003002,1
26153153005,1
26059059024,6
26059059017,6
26003003001,1
26009009013,1
26103103011,1
26117117002,5
26117117004,5
26117117016,5
26165165012,1
26103103010,1
26103103032,1
26103103015,1
26165165016,1
26009009016,1
26083083005,1
26009009006,1
26003003004,1
26165165017,1
26165165021,1
26103103003,1
26103103002,1
26119119007,1
26119119005,2
26139139056,3
26139139066,3
26139139064,3
26139139060,3
26139139072,3
26001001009,2
26047047019,1
26005005027,5
26005005028,5
26005005026,4
26081081201,5
26011011016,2
26081081015,5
26081081005,5
26081081016,5
26081081032,5
26081081033,5
26081081163,5
26081081128,5
26081081085,3
26081081029,5
26081081077,3
26081081200,5
26001001012,2
26001001002,2
26137137002,1
26081081073,5
26081081070,3
26081081094,5
26081081060,5
26081081183,5
26081081222,3
26081081218,3
26047047012,1
26047047005,1
26081081154,5
26081081115,5
26029029015,1
26011011009,2
26069069016,2
26069069015,2
26065065037,6
26075075044,6
26075075039,6
26065065020,6
26163163684,8
26163163898,7
26065065032,6
26065065013,6
26075075055,6
26075075056,6
26065065035,6
26065065019,6
26065065073,6
26073073027,2
26073000001,2
26163163785,9
26163163945,9
26027027006,4
26047047006,1
26007007008,2
26081081057,5
26081081122,5
26081081101,5
26081081140,5
26081081221,3
26011011010,2
26007007012,2
26075075004,6
26081081066,5
26063063020,2
26073073021,5
26027027005,4
26027001001,4
26163163728,7
26163163610,7
26163163294,7
26163163959,9
26163163789,7
26163163787,7
26049049080,10
26049049035,10
26069069010,2
26019019007,1
26019019006,1
26047047003,1
26047047015,1
26163163866,9
26163163713,8
26163163711,8
26163163513,7
26163163452,8
26163163970,9
26163163937,9
26163163317,8
26163163559,7
26163163348,8
26163163788,7
26163163091,7
26163163982,7
26049049041,10
26049049148,10
26049049079,10
26049049073,10
26049049089,10
26049049119,10
26049049123,10
26049049018,10
26049049144,10
26075075012,6
26075075009,6
26081081167,5
26081081056,5
26081081058,5
26081081088,3
26081081089,3
26081081121,5
26019019001,1
26163163404,8
26163163705,8
26163163538,7
26163163484,8
26099099121,12
26099099129,12
26163163111,7
26163163544,7
26163163679,8
26163163757,9
26163163126,9
26163163660,9
26163163241,8
26163163238,8
26163163903,7
26155155019,2
26155155032,10
26065065098,6
26065065107,6
26065065091,6
26065065057,6
26065065058,6
26065065053,6
26075075025,6
26075075015,6
26097097011,1
26019019005,1
26163163173,9
26163163172,9
26163163819,13
26163163735,7
26049049104,10
26163163761,9
26163163363,8
26163163356,8
26005005038,3
26005005037,3
26163163683,8
26163163907,7
26163163124,9
26163163985,7
26075075013,6
26163163598,7
26163163938,9
26163163957,9
26163163770,9
26163163663,9
26081081079,3
26081081228,3
26035035017,1
26035035005,2
26035035012,2
26065065003,6
26065065049,6
26065065022,6
26163163186,9
26163163272,7
26163163304,7
26163163806,9
26163163245,8
26163163621,7
26163163639,7
26069069018,2
26163163051,13
26163163661,9
26163163960,9
26163163905,7
26075075057,6
26065065108,6
26075075032,6
26075075043,13
26065065090,6
26049049114,10
26049049106,10
26049049180,2
26049049187,10
26049049181,2
26049049055,10
26049049057,10
26099099106,12
26099099332,12
26099099214,12
26099099289,8
26099099088,12
26099099017,12
26049049105,10
26049049203,10
26049049085,10
26065065099,6
26065065100,6
26065065060,6
26075075040,6
26065065101,6
26065065097,6
26163163188,7
26163163405,8
26163163881,13
26163163269,7
26163163332,8
26163163467,8
26163163358,8
26163163368,8
26163163366,8
26143143002,2
26163163731,7
26163163043,9
26163163747,9
26163163630,7
26163163259,7
26163163249,7
26163163308,8
26049049125,10
26049049124,10
26049049075,10
26049049086,10
26037037033,6
26163163059,13
26163163746,9
26163163360,8
26163163848,7
26163163914,7
26163163910,7
26163163925,13
26163163739,7
26099099331,12
26099099225,12
26073073014,5
26049049049,10
26049049006,10
26049049053,10
26049049052,10
26049049145,10
26049049193,10
26049049192,10
26049049111,10
26049049179,2
26163163058,13
26163163951,9
26163163581,7
26163163745,9
26163163073,7
26163163627,7
26163163629,7
26163163625,7
26163163601,7
26163163053,13
26163163607,7
26049049138,10
26049049136,2
26049049093,10
26049049021,10
26049049216,2
26049049171,10
26163163816,9
26163163926,8
26163163647,9
26163163600,7
26163163696,8
26163163796,9
26049049131,2
26049049134,2
26049049027,10
26049049025,10
26093093037,10
26093093034,10
26111111003,2
26163163048,13
26163163942,9
26163163181,9
26089089008,1
26093093042,10
26049049190,10
26049049016,10
26163163986,7
26099099131,12
26099099143,12
26099099190,12
26099099320,8
26099099173,8
26099099205,12
26099099230,12
26099099114,12
26099099112,12
26111111021,2
26111111034,2
26111111016,2
26111111033,2
26163163658,9
26163163723,9
26163163989,7
26033033011,1
26123123027,3
26063063007,2
26155155009,2
26155155025,10
26163163279,8
26163163263,8
26163163655,7
26163163644,7
26163163822,9
26139139058,3
26159159015,4
26159159001,4
26077077083,4
26077077088,4
26077077045,4
26069069014,2
26093093001,10
26093093006,10
26093093008,10
26077077025,4
26077077021,4
26077077070,4
26077077071,4
26077077107,4
26087087035,10
26087087036,10
26087087005,11
26017017039,2
26087087020,12
26069069004,2
26069069017,2
26085085011,1
26085085010,1
26161161148,13
26161161118,13
26161161076,13
26161161063,13
26161161045,13
26139139019,3
26139139045,3
26139139050,3
26139139071,3
26101101014,1
26161161133,13
26161161132,13
26161161025,13
26161161065,13
26161161122,13
26161161069,13
26161161070,13
26139139012,3
26093093060,10
26111111041,2
26093093004,10
26093093056,10
26147147039,12
26055055001,1
26085085005,1
26093093055,10
26093093036,13
26151151020,2
26057057021,2
26151151008,12
26151ZZZZZZ,12
26145145011,2
26145145063,2
26093093066,10
26093093019,10
26093093076,13
26057057004,5
26061061030,1
26077077061,4
26077077085,4
26077077049,4
26077077022,4
26077077051,4
26151151014,12
26121121044,3
26121121054,3
26151151002,2
26147147030,12
26151151021,2
26151151029,12
26025025003,6
26025025016,4
26077077063,4
26115ZZZZZZ,7
26115115043,13
26115115039,13
26151151006,12
26147147003,12
26157157025,2
26121121014,3
26121121015,3
26121121037,3
26121121033,3
26121121055,3
26121121062,3
26125125397,9
26125125148,10
26125125147,10
26021021055,4
26021021007,4
26145145043,2
26145145016,2
26145145031,2
26145145081,2
26145145052,2
26125125158,10
26125125136,8
26125000006,8
26125125333,10
26125125198,10
26125125438,11
26153153006,1
26153153007,1
26125125378,11
26125125242,11
26125125260,11
26125125261,11
26125125510,10
26125125091,9
26121121019,3
26023023020,6
26023023003,4
26125125151,11
26125125354,11
26125125243,11
26125125044,11
26125125185,8
26125125018,11
26125125013,11
26125125362,11
26125125265,11
26121121057,3
26121121060,3
26125125225,11
26125125014,11
26125125237,11
26125125372,11
26125125090,9
26151151016,2
26147147029,12
26125125065,10
26151151010,12
26125125406,9
26125125448,11
26125125031,11
26121121016,3
26125125234,11
26125125233,11
26125125016,11
26125125179,9
26125125180,13
26125125410,10
26145145026,2
26125125084,9
26125125452,9
26125125496,9
26125125083,10
26067067032,5
26131131004,1
26125125096,9
26067067005,5
26125125398,11
26109109001,1
26041041005,1
26041041013,1
26045045010,6
26045045022,6
26045045021,6
26125125393,9
26125125025,11
26125125486,9
26125125080,10
26125125322,11
26139139010,3
26139139036,3
26055055016,1
26055055017,1
26145145060,2
26139139061,3
26125125449,11
26125125029,11
26139139039,3
26133133001,1
26129129016,2
26129129017,2
26129129012,2
26105105021,1
26023023018,6
26091091023,13
26121121010,3
26091091021,13
26051051010,2
26129129013,2
26133133016,1
26139139051,3
26101101003,1
26127127002,3
26021021036,4
26149149008,4
26125125513,10
26125125466,11
26139139057,3
26045045023,6
26045045018,6
26117117027,5
26105105025,1
26125125307,11
26125125302,11
26125125316,11
26099099172,12
26125125169,11
26077077015,4
26025025027,4
26025025022,4
26023023016,4
26061061024,1
26125125474,11
26139139102,3
26099099274,11
26125125163,11
26125125313,11
26125125501,10
26125125063,10
26125125412,10
26059059005,6
26021021001,4
26021021044,4
26115115006,13
26115115057,13
26125125236,11
26125125514,9
26165165001,1
26125125200,10
26125125413,10
26125125503,10
26139139105,3
26139139025,3
26139139024,3
26139139079,3
26009009005,1
26139139092,3
26139139091,3
26077077065,4
26059059009,6
26061061005,1
26017017043,2
26017017046,2
26017017044,2
26163163310,8
26099099311,8
26099099257,12
26099099248,12
26099099171,8
26099099110,12
26163163892,7
26163163976,7
26163163320,8
26163163184,9
26163163911,7
26037037024,6
26037037023,5
26017017023,2
26141141005,1
26145145030,2
26025025059,4
26115115052,13
26133133013,1
26113113014,1
26023023019,6
26025025025,4
26021021010,4
26067067020,5
26103103013,1
26153153009,1
26125125246,11
26125125026,11
26125125414,10
26105105018,1
26107107017,5
26001001006,2
26015015023,5
26029029007,1
26053053004,1
26081081018,3
26073073008,5
26073073009,2
26005005002,4
26031031002,1
26081081174,5
26081081116,5
26081081198,5
26081081108,5
26081081100,5
26073073026,5
26081081035,5
26081081234,3
26089089011,1
26099099021,12
26099099076,8
26099099175,8
26099099307,8
26099099308,8
26099099306,8
26099099287,8
26099099246,11
26099099089,12
26099099192,8
26099099126,12
26099099303,8
26081081243,3
26065065046,6
26099099008,8
26099099133,12
26017017022,2
26017017003,2
26017017001,2
26017017029,2
26163163119,7
26163163894,7
26163163895,7
26163163352,8
26163163350,8
26163163260,7
26163163955,9
26163163954,9
26163163805,9
26163163780,9
26163163046,13
26163163662,9
26163163497,8
26163163361,8
26099099314,8
26163163443,8
26163163402,8
26163163541,7
26163163422,8
26163163382,8
26163163267,8
26081081135,5
26081081175,5
26081081180,5
26017017017,2
26081081236,3
26099099177,8
26099099250,12
26099099260,12
26163163906,7
26163163940,9
26163163936,9
26163163465,8
26017017027,2
26047047009,1
26163163597,7
26163163302,7
26163163585,7
26163163584,7
26163163364,8
26163163354,8
26163163337,8
26163163534,7
26163163335,8
26099099145,12
26099099185,8
26163163472,8
26163163691,8
26163163599,7
26163163592,7
26163163884,13
26163163766,9
26099099023,12
26099099244,11
26099099237,8
26099099236,8
26163163150,9
26163163689,8
26163163688,8
26163163483,8
26163163167,9
26163163168,9
26163163657,9
26163163760,9
26163163117,7
26163163882,13
26163163758,9
26163163952,9
26163163379,8
26163163398,8
26163163397,8
26163163160,9
26099099296,8
26099099295,8
26099099034,12
26099099055,12
26163163202,7
26005005035,3
26069069002,2
26037037020,6
26037037005,6
26037037016,6
26163163055,13
26163163344,8
26075075010,13
26099099155,12
26099099209,12
26099099099,12
26099099268,12
26099099215,12
26099099312,8
26099099032,12
26099099238,8
26099099262,11
26099099221,12
26163163500,8
26163163481,8
26163163132,7
26163163804,9
26163163943,9
26163163864,9
26163163362,8
26163163163,9
26017017007,2
26087087001,12
26087087023,10
26087087022,10
26163163727,7
26099099074,8
26099099317,8
26099099293,8
26099099187,8
26099099288,8
26093093003,10
26093093013,10
26111111050,2
26099000019,12
26099099003,12
26071071012,1
26063063004,2
26093093059,10
26163163934,9
26033033007,1
26111111032,2
26131131007,1
26121121018,3
26061061010,1
26025025040,6
26025025004,6
26139139009,3
26139139014,3
26145145066,2
26161161040,13
26161161041,13
26161161137,13
26161161114,13
26061061011,1
26061061021,1
26025025006,6
26079079010,1
26113113013,1
26131131009,1
26131131002,1
26125125156,11
26125125232,11
26125125263,11
26125125235,11
26125125437,11
26159159025,4
26125125017,11
26077077100,4
26129129005,2
26161161151,13
26161161142,13
26161161075,13
26161161128,13
26161161044,13
26129129007,2
26051051006,2
26125125367,11
26125125387,11
26125125386,11
26125125139,10
26125125338,8
26121121040,3
26023023013,4
26125125347,11
26161161023,13
26161161111,13
26051051014,2
26129129014,2
26091091001,13
26091091031,13
26091091041,13
26091091037,13
26091091036,13
26067067010,5
26067067028,5
26121121020,3
26113113006,1
26125125138,8
26125125137,8
26125125058,11
26091091042,13
26161161022,13
26125125494,9
26125125492,9
26125125305,11
26055055035,1
26161161051,13
26115115041,13
26045045004,6
26045045016,6
26125125505,10
26125125327,11
26125125325,11
26125125087,10
26125125297,11
26159159017,4
26055055021,1
26061061004,1
26157157024,2
26157157027,2
26125125255,11
26125125160,10
26125125497,9
26059059019,6
26025025037,6
26157157013,2
26139139104,3
26139139068,3
26081081227,3
26081081226,3
26081081219,3
26081081053,5
26081081166,5
26081081134,5
26081081050,5
26081081039,5
26081081231,3
26081081213,5
26081081217,3
26081081025,3
26065065092,6
26163163377,8
26163163861,13
26163163515,7
26163163505,7
26163163507,7
26163163357,8
26081081087,5
26081081161,3
26081081173,5
26081081172,5
26081081165,5
26081081104,5
26163163939,9
26163163295,7
26163163116,7
26163163135,9
26049049029,10
26049049208,2
26049049172,10
26049049140,10
26049049130,2
26107107014,5
26163163891,7
26163163759,9
26163163110,7
26163163543,7
26163163321,8
26163163229,8
26049049030,10
26049049214,2
26081081080,3
26163163636,7
26163163508,8
26099099206,11
26099099109,12
26163163883,13
26163163458,8
26163163423,8
26163163622,7
26163163220,7
26163163659,9
26163163768,9
26163163896,7
26065065042,6
26019ZZZZZZ,1
26163163214,7
26163163219,7
26163163271,7
26163163019,7
26049049135,2
26049049054,10
26049049155,10
26163163466,8
26163163476,8
26163163169,9
26163163653,7
26163163077,7
26163163844,9
26163163918,13
26163163268,7
26163163081,7
26163163801,9
26163163820,13
26163163166,9
26163163161,9
26163163156,9
26163163228,8
26035035003,2
26163163138,7
26163163087,7
26075075037,6
26075075042,13
26075075050,6
26049049048,10
26049049043,10
26049049132,2
26049049012,10
26049049157,10
26099099228,12
26099099079,8
26049049117,10
26049049063,10
26049049061,10
26049049034,10
26065065023,6
26163163305,8
26163163367,8
26163163474,8
26163163164,9
26163163145,7
26163163109,7
26163163852,7
26049049033,10
26049049162,10
26049049045,10
26163163424,8
26163163480,8
26163163451,8
26163163315,8
26163163821,9
26163163535,7
26049049004,10
26049049189,10
26049049188,10
26163163040,13
26163163740,7
26163163144,7
26163163218,7
26163163799,9
26163163247,8
26163163707,8
26163163209,9
26163163223,9
26093093009,10
26093093007,10
26111111019,2
26099099253,11
26099099189,8
26101101013,1
26163163278,7
26163163838,9
26163163751,9
26163163118,7
26163163984,7
26163163252,7
26163163748,9
26163163979,7
26077077073,4
26093093035,10
26093093039,10
26087087011,11
26089089007,1
26089089001,1
26089ZZZZZZ,1
26085085006,1
26159159020,4
26161161125,13
26161161047,13
26161161131,13
26161161113,13
26139139080,3
26111111020,2
26055055007,1
26055055031,1
26111111043,2
26111111031,2
26145145009,2
26055055024,1
26077077013,4
26077077038,4
26159159018,4
26077000006,4
26077077033,4
26077077097,4
26147147026,12
26077077072,4
26077077019,4
26077077028,4
26147147016,12
26147147044,12
26157157004,2
26125125204,9
26045045002,6
26045045044,6
26125125028,11
26021021028,4
26125125146,10
26125125097,9
26125125374,11
26125125442,11
26125125092,9
26125125508,10
26125125114,9
26125125191,8
26125125342,11
26125125240,11
26125125024,11
26125125495,9
26125125195,10
26125125355,11
26125125050,11
26161161029,13
26157157017,2
26125125426,11
26125125023,11
26125125344,11
26125125480,9
26125125416,10
26125125512,9
26125125483,9
26021021023,4
26021021027,4
26045045039,6
26045045014,6
26125125116,9
26125125339,8
26045045008,6
26045045007,6
26045045030,6
26045045041,6
26139139067,3
26139139095,3
26139139094,3
26055055019,1
26057057015,2
26139139013,3
26113113005,1
26109109002,1
26151151013,12
26045045029,6
26045045013,6
26105105019,1
26105105023,1
26105105004,1
26145145085,2
26121121017,3
26045045012,6
26023023010,6
26117117003,5
26133133005,1
26067067006,5
26025025023,4
26143143011,2
26125125504,10
26125125082,10
26125125035,11
26103103034,1
26077077023,4
26077077081,4
26101101015,1
26125125117,9
26059059023,6
26165165002,1
26109ZZZZZZ,1
26115115030,13
26115115005,13
26115115054,13
26099099285,8
26153153008,1
26153153010,1
26125125214,9
26125125215,9
26125125394,9
26009009009,1
26003003009,1
26083ZZZZZZ,1
26061061029,1
26061061028,1
26161161134,13
26087087018,12
26087087032,11
26017017005,2
26017017036,2
26163163312,8
26163163311,8
26163163537,7
26163163615,7
26099099297,8
26099099071,12
26099099035,12
26099099200,12
26099099124,12
26099099090,12
26163163827,9
26163163650,7
26163163823,9
26163163699,8
26163163764,9
26163163765,9
26037037002,6
26017017040,2
26017017033,2
26067067015,5
26025025026,4
26025025029,4
26067067017,5
26125125003,12
26125125228,11
26125125216,9
26125125022,11
26125125369,11
26125125401,11
26073073011,5
26081081240,3
26081081136,5
26073073024,5
26081081106,5
26007007016,2
26073073022,5
26081081063,5
26081081114,5
26073073006,5
26073073003,2
26081081252,3
26081081251,3
26081081036,5
26081081105,5
26081081095,5
26099099264,11
26099099019,12
26081081147,5
26081081176,5
26081081111,5
26081081232,3
26031031001,1
26163163038,9
26099099281,8
26099099284,8
26163163409,8
26163163292,7
26017017002,2
26099099196,12
26081081193,5
26081081040,5
26099099046,12
26099099060,12
26163163276,8
26163163420,8
26163163303,7
26087087030,10
26163163463,8
26163163504,8
26087087014,10
26017017032,2
26017001004,2
26163163069,13
26163163325,8
26163163692,8
26163163324,8
26163163070,13
26163163050,13
26163163341,8
26163163171,9
26163163975,7
26163163418,8
26163163394,8
26163163013,7
26163163015,7
26099099245,11
26099099010,8
26163163935,9
26163163879,7
26163163429,8
26163163775,9
26163163446,8
26163163586,7
26163163825,9
26163163729,9
26163163479,8
26099099061,12
26099099292,8
26099099135,12
26049049013,10
26163163182,9
26163163632,7
26139139093,3
26131ZZZZZZ,1
26131131008,1
26139139038,3
26025025011,4
26131131003,1
26125125268,11
26125125205,9
26125125067,11
26125125472,11
26125125196,10
26125125197,10
26125125481,11
26125125475,9
26161161003,13
26121121058,3
26125125454,10
26125125287,11
26125125218,9
26125125217,9
26125125298,11
26161161126,13
26091091013,13
26113113001,1
26161161052,13
26125125189,8
26125125106,9
26125125230,11
26091091011,13
26091091006,13
26021021029,4
26125125511,10
26125125328,11
26125125420,11
26109109020,1
26061ZZZZZZ,1
26165165010,1
26139139096,3
26047047014,1
26081081138,5
26081081235,3
26081081195,5
26029029004,1
26029029013,1
26065065079,6
26065065029,6
26065065004,6
26065065028,6
26081081059,5
26081081245,3
26081081144,5
26081081126,5
26163163900,7
26163163902,7
26049049011,10
26049049056,10
26163163380,8
26163163802,9
26163163369,8
26163163643,7
26163163273,7
26163163606,7
26163163874,7
26163163392,8
26163163264,8
26163163983,7
26163163231,8
26163163773,9
26163163962,9
26163163453,8
26163163157,9
26163163158,9
26163163628,7
26163163072,7
26163163681,8
26163163767,9
26005005012,3
26163163152,9
26081081127,5
26075075026,6
26163163579,7
26163163191,7
26163163115,7
26163163929,9
26065065040,6
26069069006,2
26099099064,12
26099099007,8
26049049037,10
26049049036,10
26049049194,10
26163163201,7
26049049168,10
26065065016,6
26087087028,2
26163163949,9
26163163697,8
26163163400,8
26163163438,8
26163163373,8
26163163349,8
26163163375,8
26163163501,8
26163163243,7
26163163412,8
26099099087,12
26111111002,2
26163163783,9
26163163280,8
26163163095,7
26163163784,9
26077077040,4
26087087033,10
26097097004,1
26077077075,4
26161161121,13
26161161143,13
26161161057,13
26147000001,12
26111111017,2
26093093002,10
26111111035,2
26093093010,10
26093093024,10
26071071005,1
26151151015,2
26147147019,12
26045045034,6
26145145004,2
26125125008,11
26045045015,6
26125125112,9
26125125330,11
26125125377,11
26125125340,8
26161161095,13
26125125425,11
26125125186,8
26125125220,9
26125125515,9
26125125184,8
26041041002,1
26125125247,11
26139139054,3
26045045031,6
26045045024,6
26125125149,10
26125000002,10
26051051017,2
26025025024,4
26139139083,3
26139139008,3
26125125506,10
26061061019,1
26077077086,4
26127ZZZZZZ,1
26125125133,10
26125125207,9
26115115037,13
26115115032,13
26125125068,10
26125125229,11
26159159002,4
26077077077,4
26163163498,8
26163163495,8
26163163698,8
26099099337,12
26099099338,12
26163163742,7
26121121063,3
26115115008,13
26025025055,6
26021021018,4
26099099276,12
26125125385,9
26125125001,11
26099099174,12
26105105014,1
26081081038,5
26081081250,3
26081081247,3
26081081194,5
26081081096,5
26099099194,12
26099099195,12
26099099201,12
26099099310,8
26017ZZZZZZ,2
26163163433,8
26163163190,9
26163163431,8
26017017035,2
26099099062,12
26163163266,7
26163163434,8
26163163383,8
26099099015,12
26163163596,7
26163163084,7
26163163175,9
26099099085,8
26163163206,7
26163163946,9
26163163387,8
26163163282,9
26163163812,9
26065065074,6
26081081049,5
26099099329,12
26099099213,12
26099099037,12
26099099091,12
26099099072,8
26163163588,7
26163163189,9
26163163197,7
26099099154,12
26099099152,12
26093093062,10
26111111008,2
26139139026,3
26139139021,3
26113113003,1
26125125415,10
26125125435,11
26125125027,11
26129129003,2
26161161038,13
26161161083,13
26161161037,13
26125125202,9
26067067007,5
26125125157,11
26125125070,11
26125125194,10
26125125402,11
26125125262,11
26125125489,9
26077077098,4
26077077042,4
26109109003,1
26125125141,10
26003ZZZZZZ,1
26003003003,1
26081081118,5
26081081145,5
26047047018,1
26065065054,6
26163163236,8
26081081117,5
26065065047,6
26163163313,8
26163163239,8
26163163634,7
26081081001,5
26163163389,8
26163163539,7
26163163561,7
26163163617,7
26143143010,2
26099099134,12
26163163971,9
26163163972,9
26163163786,9
26163163416,8
26163163254,7
26049049167,10
26163163076,7
26065065103,6
26163163230,8
26163163180,9
26163163947,9
26163163089,7
26099099272,12
26049049128,10
26163163345,8
26163163333,8
26163163430,8
26065065030,6
26099099316,8
26099099016,12
26099099138,12
26049049176,2
26163163012,7
26163163631,7
26163163314,8
26099099219,11
26099099125,12
26163163977,7
26163163154,9
26163163509,8
26111111012,2
26159159005,4
26159159004,4
26161161050,13
26161161030,13
26161161048,13
26151151001,2
26077077080,4
26115115013,13
26125125142,10
26125125118,9
26145145058,2
26125125429,11
26125125391,9
26125125390,9
26125125109,9
26125125357,11
26125125183,8
26125125368,11
26145145032,2
26125125360,8
26139139052,3
26055055010,1
26125000003,9
26125125488,11
26125125471,11
26091091025,13
26025025020,4
26125125037,11
26125125404,11
26059059008,6
26139139062,3
26099099045,12
26123123017,3
26115115011,13
26099099108,12
26081081169,5
26081081171,5
26081081048,5
26081081054,5
26099099313,8
26081081246,3
26163163092,7
26163163008,7
26163163419,8
26163163359,8
26099099156,12
26163163343,8
26163163376,8
26163163921,13
26163163131,7
26163163872,7
26163163147,7
26163163221,7
26065065021,6
26099099191,8
26099099111,12
26163163244,8
26163163428,8
26099099057,12
26099099259,12
26099099266,12
26099099163,8
26125125113,9
26161161066,13
26161161018,13
26161161033,13
26161161015,13
26161161012,13
26125125259,11
26125125295,11
26161161147,13
26045045017,6
26125125469,11
26081081031,5
26081081229,3
26081081028,3
26065065102,6
26163163193,7
26163163194,7
26163163195,7
26163163107,7
26163163953,9
26163163620,7
26163163215,7
26081081185,5
26163163217,7
26163163482,8
26163163893,7
26163163604,7
26163163968,9
26049049211,2
26163163378,8
26163163853,7
26065065017,6
26049049096,10
26049049112,10
26049049158,10
26049000016,10
26099099092,12
26065065055,6
26163163704,8
26163163695,8
26163163226,8
26163163778,9
26163163291,7
26163163612,7
26163163342,8
26093093012,10
26093093033,13
26163163255,7
26163163082,7
26163163908,7
26077077056,4
26077077011,4
26123123002,1
26161161106,13
26093093030,10
26157157020,2
26125125392,9
26125125150,10
26125125099,9
26125125010,11
26125125308,11
26125125498,9
26129129015,2
26077077001,4
26125125227,11
26021ZZZZZZ,4
26115115021,7
26161161013,13
26099099052,12
26115115004,13
26081081042,5
26081081037,5
26163163725,7
26163163370,8
26163163974,7
26163163763,9
26163163149,7
26081081125,5
26099099113,12
26163163033,9
26099099220,12
26041041012,1
26125125095,9
26161161082,13
26161161093,13
26125125453,9
26125125431,11
26125125493,9
26077077079,4
26109109019,1
26081081002,5
26089089013,1
26081081152,5
26065065096,6
26081081242,3
26163163901,7
26163163512,7
26163163384,8
26163163227,8
26163163573,7
26081081133,5
26163163502,8
26049049015,10
26163163623,7
26065065062,6
26099099223,12
26163163108,7
26163163014,7
26163163850,7
26163163034,9
26099099327,8
26155155018,2
26077077064,4
26093093078,10
26093000002,10
26125125101,9
26125125396,9
26125125306,11
26125125088,10
26151151004,12
26125125219,9
26139139081,3
26125125499,11
26159ZZZZZZ,4
26139139103,3
26081081237,3
26099099132,12
26099099009,8
26163163262,8
26163163912,7
26163163496,7
26163163022,7
26099099279,8
26099099234,12
26163163686,8
26099099107,12
26113113007,1
26125125256,11
26125125310,11
26077077044,4
26103103035,1
26153ZZZZZZ,1
26081081244,3
26065065095,6
26081081241,3
26049049005,10
26049049070,10
26163163459,8
26163163127,9
26163163779,9
26163163240,8
26163163011,7
26049049160,10
26163163207,7
26163163329,8
26163163330,8
26163163609,7
26099099252,11
26163163776,9
26163163510,7
26147147046,12
26125125107,9
26121ZZZZZZ,3
26099099325,8
26099099286,8
26081081220,3
26099099116,12
26163163774,9
26163163503,8
26163163396,8
26163163121,7
26163163944,9
26163163122,7
26163163146,7
26099099147,12
26111111042,2
26161161124,13
26055ZZZZZZ,1
26103ZZZZZZ,1
26031031005,1
26081081170,5
26163163288,9
26065065093,6
26163163232,8
26163163049,13
26163163136,7
26163163270,7
26049049087,10
26049049090,10
26163163237,8
26163163890,7
26163163403,8
26163163682,8
26093093067,10
26161161028,13
26125125353,11
26125125131,10
26099099047,12
26125125417,10
26081081113,5
26081081141,5
26099099179,12
26099099229,12
26163163794,9
26163163499,8
26139ZZZZZZ,3
26125125102,9
26125125312,11
26163163300,7
26163163414,8
26163163128,9
26069ZZZZZZ,2
26163163425,8
26049049026,10
26099099066,12
26125125098,9
26073073020,5
26099099198,12
26163163042,9
26081081148,5
26163163700,8
26163163200,7
26163163234,8
26163163626,7
26049049178,2
26125125093,9
26125125509,10
26163163067,13
26065065105,6
26125125105,9
26005005004,4
26161161006,13
26163163242,7
26111111025,2
26111111023,2
26077077062,4
26125125389,9
26105ZZZZZZ,1
26125125224,9
26163163133,9
26081081019,5
26163163298,8
26161161144,13
26161161007,13
26099099013,12
26081081168,5
26009ZZZZZZ,1
26125125094,9
26163163204,7
26049049028,10
26099099048,12
26099099261,12
26163163469,8
26163163464,8
26125125005,11
26163163591,7
26077077018,4
26163163439,8
26125125100,9
26163163641,7
26161161032,13
26161161014,13
26005005041,4
26005ZZZZZZ,3
26125125187,8
26053ZZZZZZ,1
