0,0,372
0,1,1399
0,2,1008
0,3,1266
0,4,1643
0,11,2582
0,12,1330
0,13,1081
0,14,971
0,15,1827
0,16,740
0,17,1605
0,18,911
0,19,1622
0,20,954
0,21,2056
0,22,2214
0,37,2664
0,38,1395
0,39,1330
0,40,1507
0,41,1657
0,42,775
0,43,1673
0,44,3359
0,46,2654
0,58,1435
0,59,2298
0,60,1769
0,61,944
0,62,1601
0,63,3813
0,64,3246
0,65,1980
0,66,2564
0,79,2179
0,80,3429
0,81,4441
0,93,2010
0,94,3094
0,95,2076
0,120,1085
0,121,1793
0,167,3233
0,168,1853
0,169,5069
0,170,664
0,171,1673
0,172,1721
0,181,2111
0,182,197
0,183,891
0,186,2071
0,187,2542
0,188,3253
0,189,1076
0,190,2202
0,225,2717
0,237,3236
0,238,2601
0,251,2187.443702950666
0,252,1066
0,257,3923
0,260,2646
0,261,2418
0,283,1368
0,285,2722
0,286,2619
0,305,1994
0,330,1453
0,346,1896
0,349,2768
0,355,5341
0,356,6520
0,358,5439
0,359,5923
0,360,3502
0,384,746.0997546046856
0,385,4932
0,386,2245
0,411,3744
0,412,4232
0,435,2893
0,441,713
0,442,1917
0,480,1980
0,518,2551
0,524,933
0,532,2989
0,533,2412
0,534,4845
0,535,5301
0,540,1823
0,541,1429
0,542,1787
0,543,1735
0,544,1497
0,557,2440
0,558,4561
0,565,3323
0,593,6262
0,595,2480
0,596,143
0,631,482
0,707,1630
0,710,798
0,711,726
0,712,767
0,782,414
0,794,2394
0,797,1349
0,800,1541
0,801,988
0,802,4787
0,803,6940
0,804,6870
0,805,4838
0,806,1829
0,807,3116
0,808,2699
0,809,6170
0,865,1185
0,866,1065
0,867,2055
0,868,4187
0,869,3609
0,893,761
0,894,6049
0,904,3260
0,975,1477
0,976,4577
0,977,3474
0,982,1110
0,983,2477
0,999,3297
0,1000,1203
0,1001,3344
0,1012,1495
0,1051,520
0,1052,2409
0,1053,3345
0,1054,1580
0,1076,2129
0,1077,2114
0,1084,2655
0,1086,1606
0,1087,3089
0,1095,70.51985177962342
0,1096,1061
0,1136,624
0,1137,2493
0,1138,1679
0,1139,1836
0,1177,3412
0,1178,3128
0,1183,3538
0,1184,1985
0,1185,3042
0,1186,3470
0,1191,2751
0,1192,1649
0,1221,2864
0,1222,1417
0,1223,1587
0,1224,3500
0,1225,4510
0,1228,3596
0,1229,940
0,1230,1167
0,1231,3266
0,1232,1705
0,1233,1976
0,1259,3728
0,1260,2460
0,1261,3048
0,1262,1072
0,1263,4839
0,1264,2746
0,1265,2226
0,1269,1125
0,1270,739
0,1271,1220
0,1272,3265
0,1274,2157
0,1275,7590
0,1304,1017
0,1305,1914
0,1320,1178
0,1321,1142
0,1324,1381
0,1325,885
0,1326,1976
0,1327,1302
0,1328,4749
0,1329,4316
0,1330,6694
0,1331,2663
0,1332,645
0,1333,2431
0,1334,1329
0,1335,2856
0,1336,7098
0,1340,4581
0,1341,4506
0,1343,1247
0,1344,3506
0,1345,1997
0,1346,1306
0,1347,2682
0,1348,2004
0,1349,3352
0,1350,1411
0,1351,5587
0,1368,5508
0,1386,5058
0,1388,1299
0,1391,606
0,1401,934
0,1402,402
0,1404,2863
0,1405,2782
0,1406,2884
0,1407,2337
0,1413,1347
0,1415,501
0,1417,786
0,1418,366
0,1434,3366
0,1443,1134
0,1448,3428
0,1463,1666
0,1464,4960
0,1465,3737
0,1473,1438
0,1474,1109
0,1475,3862
0,1476,1428
0,1481,1279
0,1485,3140
0,1488,1824
0,1494,1538
0,1495,2860
0,1499,4585
0,1500,882
0,1501,4023
0,1510,1211
0,1530,414
0,1533,1635
0,1584,3410
0,1585,1991
0,1600,873
0,1625,1229
0,1635,1102
0,1643,4173
0,1644,2558
0,1645,1288
0,1646,5147
0,1647,1516
0,1648,812
0,1649,2852
0,1663,2089
0,1689,2076
0,1695,2525
0,1725,1628
0,1759,598
0,1772,1904
0,1810,1129
0,1811,2152
0,1812,2829
0,1813,3938
0,1825,2683
0,1826,2053
0,1831,1577
0,1836,2016
0,1838,1713
0,1839,1369
0,1840,7320
0,1867,2702
0,1868,1571
0,1874,5802
0,1878,2372
0,1879,1271
0,1880,414
0,1882,1463
0,1889,2921
0,1890,1323
0,1893,824
0,1894,3079
0,1908,2152
0,1936,4291
0,1937,1131
0,1940,3403
0,1966,1359
0,1970,4158
0,1974,1322
0,1975,2302
0,2006,2955
0,2021,824
0,2029,3169
0,2047,1086
0,2064,2365
0,2068,3629
0,2079,2081
0,2080,2131
0,2084,532
0,2087,4557
0,2113,662
0,2118,671
0,2135,3948
0,2137,1638
0,2145,1769
0,2148,1853
0,2163,526
0,2176,1040
0,2215,1029
0,2222,864
0,2226,1661
0,2227,709
0,2234,262
0,2236,170
0,2240,143
0,2246,5877
0,2277,2700
0,2282,4933
0,2292,1937
0,2296,1707
0,2304,707
0,2305,761
0,2307,1444
0,2308,546
0,2336,1882
0,2337,1459
0,2378,1794
0,2402,3019
0,2406,2005
0,2422,415
0,2435,1153
0,2458,1416
0,2459,231
1,5,2045
1,6,4027
1,7,4358
1,10,1003
1,32,10142
1,33,8718
1,35,7997
1,47,2695
1,107,4592
1,108,1024
1,109,2495
1,114,7384
1,115,1336
1,116,6750
1,117,4328
1,149,4330
1,150,2072
1,151,6887
1,152,6553
1,153,6087
1,154,5393
1,179,1030
1,180,1949
1,191,2525
1,230,5195
1,231,4690
1,244,1729
1,295,3355
1,296,2523
1,298,5070
1,299,3679
1,325,1179
1,326,3414
1,331,3516
1,402,1165
1,444,6790
1,448,8320
1,449,4340
1,453,2186
1,468,3569
1,469,3534
1,470,1833
1,512,3743
1,513,2146
1,550,7987
1,551,2235
1,566,5378
1,567,2832
1,568,6625
1,569,5231
1,570,2304
1,571,3423
1,582,6527
1,586,1426
1,589,2902
1,590,4659
1,640,4910
1,641,4686
1,642,4972
1,643,5169
1,644,7133
1,660,2595
1,661,2498
1,662,2097
1,663,2511
1,665,2009
1,666,925
1,670,5839
1,672,3960
1,685,1240
1,687,2765
1,689,3673
1,692,4432
1,694,4321
1,695,5357
1,700,5421
1,715,3214
1,716,3980
1,717,3397
1,718,2995
1,747,4584
1,748,4781
1,759,1578
1,760,266
1,761,993
1,762,547
1,763,3132
1,769,4374
1,770,3396
1,785,2967
1,786,3124
1,787,5766
1,788,6415
1,810,471
1,811,940
1,818,4865
1,819,4973
1,829,2165
1,837,4392
1,838,2915
1,839,3716
1,882,2833
1,889,299
1,890,1173
1,891,2305
1,895,3972
1,899,1552
1,900,1507.328195273527
1,903,308.0081579797552
1,906,2998
1,907,3039
1,912,3680
1,984,1856
1,985,4505
1,986,2336
1,992,1885
1,993,3399
1,994,2583
1,1013,3176
1,1014,1123
1,1038,8762
1,1039,6663
1,1040,3146
1,1069,1377
1,1071,4796
1,1075,1352
1,1082,1740
1,1083,1642
1,1103,2205
1,1155,3028
1,1156,1511
1,1157,3101
1,1179,2980
1,1239,1983
1,1240,3140
1,1241,3115
1,1256,2057
1,1257,2157
1,1266,623
1,1363,12130
1,1364,4732
1,1375,4197
1,1376,2211
1,1377,552
1,1382,3468
1,1395,3076
1,1424,797
1,1439,5174
1,1440,4372
1,1441,3842
1,1442,4177
1,1450,872
1,1477,6225
1,1482,2578
1,1578,5941
1,1593,4941
1,1605,6829
1,1606,6142
1,1607,3816
1,1608,1979
1,1617,2211
1,1618,3574
1,1619,1014
1,1620,416
1,1626,1462
1,1627,1455
1,1628,2078
1,1638,2373
1,1670,334
1,1683,2065
1,1684,2356
1,1722,2482.72379839723
1,1724,1568
1,1729,2207
1,1742,1991
1,1743,1666
1,1747,1521
1,1749,1213
1,1751,1140
1,1752,1285
1,1753,879
1,1754,2894
1,1756,1016
1,1757,1085
1,1758,827
1,1769,2403
1,1770,618
1,1785,1053
1,1791,421
1,1792,877
1,1793,330
1,1794,775
1,1798,3267
1,1816,4201
1,1817,4714
1,1828,438
1,1841,975
1,1866,1102
1,1881,3338
1,1909,3457
1,1931,3667
1,1948,4015
1,1953,2789
1,1956,3410
1,1960,3554
1,1963,2154
1,1965,3318
1,1968,3738
1,1972,3871
1,1976,3694
1,1997,1414
1,2011,750
1,2046,1159
1,2073,3146
1,2096,4552
1,2098,3435
1,2101,4279
1,2103,8
1,2106,1638
1,2116,7935
1,2117,6761
1,2124,1276
1,2125,1374
1,2126,2361
1,2146,778
1,2147,3443
1,2156,1284
1,2157,703
1,2158,1984
1,2159,1261
1,2161,1214
1,2170,4642
1,2174,1662
1,2179,1342
1,2198,752
1,2228,7747
1,2230,3272
1,2231,3273
1,2238,4800
1,2248,933
1,2299,1035
1,2302,337.18704077176517
1,2314,1187
1,2323,1295
1,2330,1016
1,2346,1132
1,2374,1822
1,2375,5581
1,2377,810
1,2382,4469
1,2413,708
1,2416,2209
1,2428,1376
1,2429,1199
1,2434,455
1,2441,667
1,2444,792
1,2452,2471
2,8,1798
2,9,1810
2,105,4141
2,106,3361
2,332,2317
2,333,5470
2,334,6396
2,335,1424
2,428,3213
2,429,5487
2,430,2695
2,431,4204
2,443,5369
2,445,4073
2,446,2975
2,447,2313
2,450,4233
2,451,3406
2,495,2852
2,496,3053
2,504,7954
2,505,6017
2,506,3520
2,507,2779
2,508,2288
2,509,3809
2,510,1713
2,511,3099
2,521,6027
2,522,2445
2,523,5198
2,536,6057
2,537,2735
2,538,3978
2,539,5328
2,546,4948
2,547,5175
2,548,4933
2,549,3443
2,587,3784
2,588,2828
2,619,3250
2,620,2604
2,621,1690
2,632,6372
2,645,5894
2,646,2654
2,647,3944
2,648,3251
2,649,7089
2,650,2946
2,651,4463
2,652,1481
2,653,4805
2,654,1713
2,655,5491
2,671,4832
2,673,2447
2,674,3390
2,675,2228
2,676,3430
2,677,3459
2,678,2527
2,679,2456
2,680,2050
2,681,2240
2,682,1648
2,686,4901
2,688,3456
2,690,2721
2,691,4123
2,693,4836
2,696,2835
2,699,3171
2,701,2581
2,713,2630.7257106998004
2,744,3154
2,745,4571
2,746,3988
2,749,4750
2,750,2609
2,751,4114
2,789,2967
2,790,5110
2,791,3731
2,792,621
2,799,794
2,817,3182
2,820,1307
2,821,5220
2,822,6380
2,823,2316
2,824,2820
2,825,2838
2,826,4543
2,827,5843
2,830,2904
2,831,1590
2,832,1943
2,833,2990
2,834,2556
2,835,4241
2,836,4808
2,846,1305
2,847,302
2,848,3098
2,860,3541
2,861,3930
2,862,3924
2,863,3247
2,864,5078
2,892,2683
2,896,4185
2,897,2566
2,898,2254
2,908,3342
2,987,5189
2,1055,2987
2,1056,1685
2,1072,2810
2,1073,5688
2,1074,4067
2,1078,706
2,1079,1345
2,1094,518
2,1095,2331.4801482203766
2,1190,615
2,1365,1935
2,1472,2488
2,1521,2823
2,1522,2669
2,1579,3275
2,1580,2057
2,1581,4606
2,1582,2143
2,1583,8153
2,1586,8778
2,1587,2554
2,1588,1941
2,1589,7960
2,1590,882
2,1615,3910
2,1616,3383
2,1669,1144
2,1671,1146
2,1696,2358
2,1721,5223
2,1722,3703.27620160277
2,1723,2011
2,1760,4594
2,1795,2474
2,1796,3568
2,1797,3015
2,1799,5116
2,1865,1064
2,1910,3012
2,1929,4203
2,1932,6249
2,1933,1310
2,1934,1693
2,1941,4361
2,1944,2137
2,1947,4462
2,1949,3694
2,1950,1428
2,1951,2013
2,1952,5377
2,1954,2501
2,1959,3488
2,1961,2539
2,1964,2381
2,1967,2409
2,1969,4313
2,1973,3288
2,1977,6367
2,1978,2278
2,1979,2131
2,1986,2403
2,1999,1966
2,2000,5154
2,2001,3638
2,2002,2263
2,2070,1876
2,2115,4903
2,2122,3496
2,2123,4692
2,2152,2833
2,2153,2430
2,2160,2821
2,2162,2041
2,2216,1545
2,2217,3401
2,2225,6293
2,2229,5221
2,2233,2422
2,2237,5020
2,2243,5038
2,2244,3481
2,2245,2132
2,2247,5130
2,2249,570
2,2251,6728
2,2252,2637
2,2253,1514
2,2254,3564
2,2261,1563
2,2263,2989
2,2264,695
2,2311,4221
2,2312,4254
2,2316,8405
2,2328,754
2,2332,6552
2,2333,1384
2,2348,1781
2,2349,6359
2,2350,5402
2,2352,2571
2,2353,3236
2,2354,5016
2,2356,4738
2,2383,4407
2,2389,2797
2,2398,1109
2,2417,6561
2,2426,474
2,2440,730
2,2442,5070
2,2449,3381
2,2454,409
2,2460,453
3,23,5376
3,24,5578
3,25,1240
3,26,3226
3,27,4042
3,28,1891
3,29,4770
3,30,1344
3,45,2853
3,101,4838
3,102,4440
3,110,2920
3,250,5205
3,251,1237.5562970493338
3,281,5303
3,282,6028
3,287,2525
3,288,2227
3,289,710
3,290,2737
3,291,4553
3,292,2043
3,293,4453
3,294,2659
3,300,4209
3,301,2941
3,318,4653
3,323,3635
3,324,2005
3,376,2627
3,401,7036
3,413,4170
3,414,4234
3,415,2723
3,416,439
3,419,1948
3,420,2917
3,423,2088
3,424,3566
3,425,3
3,426,2825
3,427,8
3,432,4145
3,433,2962
3,471,4142
3,472,8495
3,488,1688
3,501,2299.147091262683
3,527,3757
3,528,2896
3,529,1203
3,530,1686
3,531,2963
3,556,2847
3,574,4269
3,575,5209
3,576,4620
3,577,4308
3,578,1931
3,579,4268
3,585,4852
3,591,2250
3,592,1455
3,594,5148
3,602,5353
3,603,3858
3,657,7814
3,658,8295
3,659,3640
3,667,3557
3,668,2816
3,702,1962
3,703,4801
3,704,4718
3,705,5506
3,706,2007
3,708,1457
3,709,1432
3,713,280.2742893001996
3,738,4020.085631722759
3,739,4433
3,764,858
3,765,1387
3,766,736
3,767,1592
3,779,7909
3,780,4968
3,781,1322
3,783,2633
3,793,2138
3,795,506
3,796,2344
3,798,2018
3,845,7104
3,909,2530
3,910,3260
3,911,1699
3,914,7019
3,915,5551
3,916,6480
3,917,4953
3,936,3510
3,937,5328
3,938,7700
3,939,2804
3,940,5197
3,941,5554
3,942,5136
3,971,2762
3,972,3378
3,973,4566
3,974,3835
3,1057,2152
3,1058,1462
3,1070,1524
3,1091,4252
3,1092,4522
3,1093,7763
3,1127,6353
3,1128,304
3,1134,5082
3,1135,2708
3,1142,1398
3,1147,3583
3,1149,3713
3,1220,3901
3,1258,2634
3,1283,2775
3,1284,14
3,1322,4755
3,1366,4346
3,1367,2610
3,1378,3492
3,1379,2187
3,1380,5611
3,1381,5911
3,1397,4356
3,1398,3274
3,1399,5160
3,1403,1093
3,1414,144
3,1471,1729
3,1492,1615
3,1502,5660
3,1504,1906
3,1505,4181
3,1506,3908
3,1520,2487
3,1523,2535
3,1524,2751
3,1526,3141
3,1527,3463
3,1529,859
3,1531,4947
3,1532,4593
3,1538,1044
3,1539,4248
3,1540,4082
3,1542,5468
3,1543,1296
3,1544,3490
3,1545,1797
3,1553,4037
3,1554,4300
3,1555,3816
3,1556,3683
3,1557,3194
3,1558,1646
3,1559,2868
3,1560,835
3,1561,5324
3,1562,3480
3,1591,7853
3,1592,1795
3,1594,3236
3,1595,4380
3,1596,1204
3,1597,2988
3,1601,4618
3,1609,3918
3,1610,4988
3,1611,4131
3,1612,4707
3,1613,5112
3,1614,4053
3,1634,4515
3,1650,2295
3,1664,1856
3,1665,2402
3,1668,829
3,1726,4728
3,1727,6257
3,1728,4927
3,1731,1935
3,1748,2463
3,1750,4137
3,1780,2926
3,1814,1505
3,1815,1754
3,1832,5212
3,1835,2245
3,1837,4287
3,1921,1645
3,1924,2497
3,1938,1450
3,1943,3967
3,1946,4720
3,2030,5512
3,2069,2887
3,2072,4123
3,2077,2536
3,2091,2460
3,2097,664
3,2110,2048
3,2111,1940
3,2119,2012
3,2120,1923
3,2121,4076
3,2129,2391
3,2134,4409
3,2138,933
3,2139,5610
3,2178,2342
3,2218,1552
3,2232,2786
3,2235,994
3,2306,2937
3,2313,1478
3,2317,4029
3,2327,2115
3,2355,2795
3,2396,3744
3,2399,3765
3,2419,1266
4,31,4877
4,34,4311
4,36,2403
4,111,8164
4,112,5574
4,113,9261
4,229,4899
4,242,4464
4,243,5146
4,253,3139
4,352,2380
4,353,3166
4,388,3134
4,389,4672
4,390,1786
4,391,4195
4,392,4451
4,393,3297
4,394,2348
4,395,2700
4,400,5408
4,406,4404
4,452,2262
4,454,1881
4,455,4709
4,461,4774
4,462,4732
4,463,5566
4,486,2654
4,519,1937
4,520,3540
4,554,2465
4,555,2719
4,583,7149
4,584,2624
4,627,4197
4,628,10170
4,630,3749
4,752,2593
4,753,4567
4,754,3574
4,755,5120
4,756,3467
4,757,2220
4,758,4162
4,768,4576
4,772,7387
4,773,4139
4,777,5070
4,778,4674
4,814,5036
4,815,3418
4,816,1996.3051539375447
4,828,1372
4,858,2028
4,859,5835
4,878,3836
4,885,4167
4,886,6659
4,887,17772
4,888,2739
4,970,6706
4,989,2237
4,990,3354
4,991,4154
4,1002,3386
4,1003,3827
4,1004,3121
4,1019,5069
4,1020,1293
4,1021,6043
4,1022,8113
4,1025,4040
4,1048,5609
4,1150,6017
4,1151,4485
4,1152,4969
4,1153,9187
4,1154,6051
4,1180,4043
4,1181,3187
4,1182,3916
4,1201,2713
4,1215,3159
4,1295,4964
4,1296,4910
4,1297,4400
4,1298,2203
4,1299,4030
4,1300,2278
4,1301,4572
4,1302,5118
4,1323,3947
4,1371,3097
4,1372,3715
4,1373,3783
4,1374,5210
4,1400,3334
4,1408,4131
4,1409,5844
4,1410,3827
4,1411,1821
4,1412,3124
4,1416,6945
4,1419,7626
4,1420,3169
4,1421,1529
4,1422,8086
4,1423,8209
4,1425,2736
4,1435,7175
4,1436,6815
4,1446,2650
4,1455,1744
4,1456,3563
4,1480,1698
4,1551,2751
4,1552,2402
4,1563,3346
4,1564,1818
4,1636,6178
4,1637,3864
4,1639,5877
4,1640,4997
4,1641,1732
4,1642,4319
4,1682,3056
4,1685,1534
4,1686,4858
4,1687,2347
4,1688,5417
4,1713,986
4,1730,4349
4,1744,4465
4,1745,5495
4,1746,2988
4,1755,4300
4,1804,5186
4,1820,3533
4,1822,2550
4,1829,5069
4,1830,1692
4,1842,2319
4,1843,1193
4,1844,2407
4,1851,1402
4,1853,2488
4,1901,3575
4,1917,6078
4,1918,2934
4,1920,3448
4,1922,1858
4,1925,2405
4,1942,1747
4,1989,1566
4,1990,4270
4,1991,4738
4,1992,6540
4,2003,2029
4,2014,1584
4,2015,5087
4,2016,766
4,2044,3029
4,2045,3367
4,2074,5612
4,2075,998
4,2076,1698
4,2078,3003
4,2081,1108
4,2085,3466
4,2086,4230
4,2090,1775
4,2099,6169
4,2114,2930
4,2127,5050
4,2128,1665
4,2143,5568
4,2144,3941
4,2199,3643
4,2221,2623
4,2297,1176
4,2298,5806
4,2301,1656
4,2302,4233.812959228235
4,2315,2291
4,2324,3766
4,2329,4235
4,2334,3322
4,2340,6670
4,2341,3762
4,2342,4211
4,2365,6697
4,2368,2922
4,2369,2081
4,2370,1625
4,2376,2313
4,2381,1737
4,2390,3876
4,2415,2224
5,48,4325
5,49,5169
5,50,4249
5,67,886
5,77,2125
5,78,5179
5,82,1607
5,103,3787
5,104,563
5,118,899
5,119,1994
5,122,5343
5,123,2585
5,124,1282
5,125,1923
5,126,2462
5,127,2719
5,137,4341
5,138,686
5,139,1024
5,140,617
5,141,319
5,142,383
5,165,745
5,166,1361
5,173,2017
5,174,1356
5,175,1173
5,176,1640
5,177,1459
5,178,1321
5,184,712
5,185,3849
5,192,1779
5,193,1345
5,194,1040
5,203,2550
5,204,2450
5,205,567
5,206,1221
5,207,1130
5,208,7582
5,209,464
5,210,1100
5,211,2175
5,212,1059
5,213,5850
5,214,953
5,226,4863
5,227,2459
5,228,4873
5,235,1402
5,236,823
5,239,3292
5,240,3629
5,241,1149
5,249,3200
5,258,1197
5,259,1105
5,265,4439
5,266,3565
5,267,3165
5,268,4200
5,269,4467
5,279,831
5,280,6384
5,284,702
5,302,2015
5,303,4064
5,304,2853
5,350,3786
5,351,1371
5,354,6791
5,357,4978
5,377,3396
5,378,5295
5,379,4703
5,380,5461
5,381,2603
5,382,1643
5,383,3022
5,384,3343.9002453953144
5,387,4129
5,396,3449
5,397,3834
5,398,1706
5,399,3376
5,403,2004
5,404,2346
5,405,5607
5,407,1622
5,408,3549
5,409,2171
5,410,3293
5,417,4071
5,418,1356
5,436,3075
5,464,2469
5,465,2097
5,466,2001
5,467,5166
5,481,3914
5,482,4234
5,483,1182
5,484,1639
5,485,1936
5,487,701
5,492,3595
5,493,4600
5,494,521
5,497,4089
5,498,2195
5,499,4988
5,502,296
5,503,766
5,525,3312
5,526,2722
5,545,1096
5,552,1280
5,553,403
5,559,1296
5,560,4836
5,561,1546
5,562,1148
5,563,2586
5,564,939
5,572,3742
5,573,4397
5,637,3709
5,638,2713
5,639,1866
5,771,962
5,812,559
5,813,1407
5,840,394
5,849,3064
5,873,680
5,874,1465
5,875,1359
5,876,284
5,883,805
5,913,1268
5,935,561
5,978,6062
5,979,2812
5,980,2414
5,981,4514
5,995,976
5,997,623
5,998,952
5,1023,3048
5,1024,2990
5,1027,4394
5,1028,4351
5,1029,5604
5,1030,2268
5,1031,5792
5,1032,621
5,1033,3393
5,1034,4606
5,1035,5206
5,1036,3942
5,1037,2129
5,1041,1623
5,1042,1049
5,1059,2091
5,1060,1502
5,1061,1202
5,1062,1600
5,1063,1501
5,1064,256
5,1065,3337
5,1066,2582
5,1067,257
5,1068,401
5,1080,3390
5,1081,2895
5,1085,3843
5,1088,1841
5,1089,3655
5,1090,2949
5,1104,340
5,1105,4169
5,1106,3408
5,1107,1168
5,1111,2941
5,1112,1078
5,1113,1284
5,1114,1574
5,1131,4395
5,1167,2671
5,1168,2163
5,1169,1400
5,1170,2931
5,1171,1555
5,1176,3473
5,1216,353
5,1217,3699
5,1218,5371
5,1219,1000
5,1277,2584
5,1278,1949
5,1279,2942
5,1306,715
5,1307,830
5,1308,1360
5,1309,2174
5,1310,2675
5,1311,2311
5,1312,968
5,1313,2207
5,1314,1067
5,1315,831
5,1316,901
5,1317,888
5,1318,443
5,1319,506
5,1339,3221
5,1353,816
5,1354,1221
5,1355,3710
5,1356,1742
5,1357,5944
5,1358,6580
5,1359,6020
5,1360,7066
5,1361,1004
5,1362,2861
5,1370,400
5,1385,1690
5,1387,2794
5,1389,1471
5,1390,2577
5,1392,693
5,1393,1293
5,1394,3271
5,1432,944
5,1433,3051
5,1438,2092
5,1444,1555
5,1445,3711
5,1483,2575
5,1484,1111
5,1486,926
5,1487,2785
5,1496,1717
5,1497,558
5,1498,322
5,1503,2747
5,1507,475
5,1509,414
5,1511,247
5,1515,1969
5,1516,1298
5,1517,3861
5,1518,1299
5,1525,3350
5,1534,1763
5,1535,1087
5,1536,3194
5,1537,1414
5,1541,1190
5,1546,2108
5,1547,941
5,1565,2058
5,1577,1936
5,1621,1141
5,1622,1173
5,1623,1178
5,1624,958
5,1633,3687
5,1666,1455
5,1667,2095
5,1692,2976
5,1693,3411
5,1783,2035
5,1784,809
5,1802,967
5,1823,1678
5,1824,1934
5,1827,2355
5,1852,864
5,1877,2091
5,1891,1049
5,1892,1313
5,1895,1462
5,1896,1537
5,1900,566
5,1902,2165
5,1903,2014
5,1904,2006
5,1911,1383
5,1912,495
5,1916,3275
5,1919,1227
5,1928,5786
5,1930,1168
5,1939,1496
5,1945,93
5,1971,701
5,1996,6177
5,2004,1906
5,2005,1969
5,2007,1001
5,2008,2521
5,2012,708
5,2013,1340
5,2057,842
5,2058,1511
5,2059,1058
5,2060,1568
5,2082,1409
5,2083,2551
5,2102,610
5,2107,502
5,2108,340
5,2112,312
5,2136,419
5,2168,3762
5,2169,5376
5,2175,3341
5,2177,3103
5,2180,959
5,2184,1023
5,2206,963
5,2211,1458
5,2212,234
5,2213,1058
5,2239,2408
5,2262,1091
5,2265,2393
5,2269,1557
5,2290,6638
5,2291,1612
5,2295,691
5,2310,1439
5,2331,365
5,2335,2630
5,2351,342
5,2371,4687
5,2372,2420
5,2379,3263
5,2394,3342
5,2397,247
5,2411,2398
5,2414,828
5,2423,869
5,2433,333
5,2436,242
5,2448,2573
5,2455,82
5,2456,766
5,2461,0.01
5,2464,4
6,51,3252
6,52,3599
6,53,4247
6,54,6694
6,55,4914
6,56,4652
6,57,5914
6,71,7396
6,72,5113
6,73,3260
6,74,4353
6,75,2649
6,76,6209
6,155,6816
6,156,6483
6,157,4535
6,158,3536
6,159,3873
6,160,4117
6,161,4870
6,162,5668
6,163,4833
6,164,2531
6,195,5086
6,196,5059
6,197,4579
6,198,5897
6,199,6711
6,200,6863
6,201,6445
6,202,3277
6,270,4824
6,271,6571
6,272,4634
6,273,4342
6,274,4031
6,275,1259
6,276,6442
6,277,4869
6,626,4715
6,629,2865
6,633,2213
6,634,2786
6,635,2317
6,636,2355
6,656,2611
6,774,5708
6,775,4277
6,776,4776
6,816,1316.6948460624553
6,841,2590
6,842,5965
6,843,1006
6,844,3748
6,870,2887
6,871,1511
6,872,3560
6,877,3515
6,879,6655
6,880,3939
6,881,5370
6,884,7927
6,901,1906
6,902,1790
6,903,2658.991842020245
6,905,408
6,988,4693
6,996,7890
6,1005,5006
6,1006,4435
6,1007,3836
6,1008,6152
6,1009,4182
6,1010,4753
6,1011,3310
6,1047,6741
6,1049,3542
6,1050,2953
6,1195,1898
6,1196,3698
6,1197,3470
6,1198,3070
6,1199,5923
6,1200,5733
6,1202,4103
6,1273,1148
6,1276,2376
6,1280,5393
6,1281,5737
6,1282,2186
6,1303,3902
6,1430,2582
6,1431,2850
6,1437,4323
6,1447,4794
6,1451,5289
6,1452,1514
6,1453,4660
6,1454,7741
6,1457,5191
6,1458,4698
6,1459,2815
6,1460,4984
6,1461,3548
6,1462,3960
6,1466,2811
6,1467,4614
6,1468,6068
6,1469,3888
6,1470,5871
6,1478,1883
6,1479,5866
6,1519,5130
6,1548,6471
6,1549,6302
6,1550,4080
6,1571,4971
6,1572,3701
6,1573,4378
6,1574,5743
6,1575,3284
6,1576,6868
6,1694,1725
6,1703,1378
6,1768,3344.999999999767
6,1773,3953
6,1774,5394
6,1775,3868
6,1776,3691
6,1777,5314
6,1778,6388
6,1779,5407
6,1781,3558
6,1782,2570
6,1803,3178
6,1818,3934
6,1819,3805
6,1821,4016
6,1869,3961
6,1870,2964
6,1871,4505
6,1872,4859
6,1873,5419
6,1875,4850
6,1876,5354
6,1887,4474
6,1888,3528
6,1897,3569
6,1898,5228
6,1899,4338
6,1905,5106
6,1906,4140
6,1907,3275
6,1987,4036
6,1988,4774
6,2017,4310
6,2018,3358
6,2019,1556
6,2043,3589
6,2071,4676
6,2092,3606
6,2093,3802
6,2094,3817
6,2095,5258
6,2100,4490
6,2104,2452
6,2105,6042
6,2164,6516
6,2165,4926
6,2173,4186
6,2200,1952
6,2207,4285
6,2208,5321
6,2209,3623
6,2214,3368
6,2283,3920
6,2284,4609
6,2303,5541
6,2357,3491
6,2373,2037
6,2380,5615
6,2393,3798
6,2403,2186
6,2404,3044
6,2412,4603
7,68,4165
7,69,1789
7,70,3480
7,83,4749
7,84,4113
7,85,5519
7,86,3976
7,87,5317
7,88,5569
7,89,4776
7,90,5748
7,91,4117
7,92,4510
7,96,2968
7,99,5069
7,100,509
7,128,2391
7,129,1649
7,130,1983
7,131,5539
7,132,4555
7,133,2747
7,134,1644
7,135,2991
7,136,2893
7,143,6766
7,144,5853
7,145,4103
7,146,6415
7,215,5756
7,216,1661
7,217,3727
7,218,4150
7,219,1846
7,220,907
7,222,4519
7,223,1646
7,224,1120
7,232,7137
7,245,9698
7,246,6794
7,247,4913
7,248,6114
7,254,2988
7,255,3079
7,256,2111
7,262,9217
7,263,2873
7,264,4305
7,278,2068
7,307,4492
7,308,3833
7,309,1333
7,310,3978
7,311,2543
7,312,4893
7,313,8862
7,336,5100
7,337,9019
7,338,5115
7,339,7392
7,340,4283
7,341,6521
7,342,2420
7,343,4467
7,344,203
7,345,4325
7,347,4084
7,348,4795
7,473,8720
7,477,5717
7,478,2089
7,479,4561
7,597,6509
7,598,4088
7,599,3812
7,600,3869
7,601,3683
7,738,1946.914368277241
7,740,5426
7,741,3215
7,742,4645
7,743,6910
7,947,5503
7,1098,4824
7,1118,4713
7,1119,5812
7,1120,2033
7,1121,7052
7,1122,5867
7,1123,3888
7,1124,7069
7,1125,8060
7,1130,2726
7,1140,7868
7,1141,6589
7,1143,3101
7,1144,3959
7,1145,1911
7,1146,4647
7,1148,6858
7,1162,4649
7,1163,2917
7,1164,3178
7,1165,5316
7,1172,6515
7,1173,4782
7,1174,6128
7,1175,3053
7,1203,3289
7,1204,2898
7,1208,3070
7,1242,3892
7,1245,7072
7,1246,4858
7,1254,5793
7,1396,2428
7,1426,2461
7,1427,4376
7,1428,5659
7,1429,4870
7,1490,3583
7,1491,5492
7,1493,6410
7,1512,3245.698621294403
7,1513,3953
7,1514,2499
7,1528,3335
7,1566,757
7,1567,2029
7,1568,7027
7,1569,8719
7,1598,2266
7,1599,6539
7,1602,4566
7,1603,3109
7,1604,3264
7,1629,3860
7,1630,3663
7,1631,6844
7,1632,2652
7,1735,6917
7,1736,4529
7,1739,6612
7,1740,9283
7,1761,3593
7,1762,6695
7,1763,3585
7,1764,2408
7,1765,5410
7,1766,1978
7,1767,1939
7,1771,2951
7,1858,3509
7,1883,3628
7,1884,4401
7,1885,3613
7,1886,5920
7,1913,5932
7,2053,2829
7,2054,646.2389939524583
7,2088,5239
7,2109,3588
7,2167,6573
7,2182,5458
7,2183,1782
7,2185,3591
7,2201,3506
7,2202,2819
7,2203,3032
7,2204,4705
7,2210,5746
7,2219,4515
7,2250,4260
7,2385,8293
7,2410,2372
7,2418,4131
7,2437,4967
7,2450,4310
7,2463,536
8,97,5281
8,98,3901
8,147,5601
8,148,4883
8,233,4970
8,234,5112
8,714,3390
8,850,4774
8,851,7274
8,857,5973
8,918,3344
8,919,5058
8,920,3178
8,921,10647
8,922,5689
8,923,10071
8,924,6059
8,927,5518
8,928,7156
8,929,4852
8,930,4379
8,931,1942
8,932,9593
8,934,3715
8,948,1231
8,949,3210
8,953,7340
8,954,5587
8,955,5744
8,956,5302
8,957,4732
8,958,3080
8,959,3946
8,960,2543
8,961,6061
8,962,10236
8,963,6018
8,965,917
8,966,3095
8,967,2099
8,1100,2192
8,1189,11041
8,1205,5676
8,1207,8260
8,1209,8350
8,1210,3349
8,1211,6499
8,1226,5276
8,1236,3133
8,1237,4948
8,1238,3433
8,1244,2680
8,1247,3404
8,1249,4644
8,1250,5395
8,1251,6472
8,1252,5595
8,1267,6339
8,1268,3216
8,1285,4173
8,1286,3384
8,1287,1955
8,1288,3418
8,1290,4641
8,1291,3470
8,1293,7531
8,1294,8191
8,1449,5413
8,1489,4639
8,1508,3659
8,1661,5366
8,1662,8526
8,1673,3492
8,1674,1045
8,1675,5690
8,1690,3493
8,1691,5727
8,1708,5796
8,1710,4289.023743266705
8,1711,3117
8,1712,3296
8,1845,6470
8,1846,4092
8,1854,4161
8,1855,7244
8,1856,3270
8,1857,5239
8,1861,3658
8,1862,7100
8,1863,8972
8,1864,1695
8,1955,3560
8,1980,4600
8,1981,4986
8,1982,7457
8,1984,3465
8,1994,3871
8,1995,4129
8,2024,7132
8,2025,1242
8,2028,4018
8,2031,3920
8,2032,4018
8,2033,1914
8,2035,3258
8,2036,1952
8,2037,2476
8,2038,3088
8,2039,4177
8,2040,4489
8,2041,6448
8,2042,3000
8,2049,7741
8,2052,4405
8,2054,2565.7610060475417
8,2056,5925
8,2062,4455
8,2063,5210
8,2065,6966
8,2089,7279
8,2130,3491
8,2133,3207
8,2150,3839
8,2192,5623
8,2194,3111
8,2195,3059
8,2196,294.0229474476655
8,2197,3055
8,2205,5212
8,2258,4939
8,2259,8620
8,2260,2199
8,2270,3531
8,2271,6917
8,2272,8563
8,2273,8579
8,2274,3446
8,2275,5887
8,2276,5829
8,2278,3545
8,2287,2979
8,2289,5474
8,2300,5459
8,2309,4455
8,2319,7133
8,2322,3723
8,2325,2344
8,2344,4499
8,2358,4246
8,2363,4241
8,2364,6178
8,2366,3923
8,2384,5914
8,2386,1839
8,2392,6496
8,2405,7134
8,2407,2618
8,2408,3131
8,2420,1812
8,2421,3620
8,2431,4247
8,2432,1730
8,2445,6231
8,2447,5354
8,2451,2948
8,2462,643
9,221,2459
9,297,3512
9,306,2735
9,314,5632
9,315,6628
9,316,8966
9,317,5768
9,319,7741
9,320,6612
9,321,4697
9,322,7139
9,327,7875
9,328,6854
9,329,3350
9,421,3407
9,422,5566
9,434,1042
9,437,7059
9,438,7310
9,439,7151
9,440,4503
9,474,6442
9,475,4335
9,476,2789
9,500,4522
9,501,1517.8529087373172
9,580,6477
9,581,3566
9,604,8085
9,605,7843
9,606,4617
9,607,4603
9,608,5885
9,609,5632
9,610,5556
9,611,6525
9,612,4705
9,613,3931
9,614,5357
9,615,8128
9,616,8277
9,617,6341
9,618,3715
9,622,2249
9,623,2772
9,624,3230
9,625,2818
9,664,2138
9,669,1999
9,683,1674
9,684,2769
9,697,1960
9,698,2454
9,719,5798
9,720,5176
9,721,3944
9,722,3756
9,723,6040
9,724,8256
9,725,5962
9,726,4131
9,727,6429
9,728,6015
9,729,6438
9,730,5302
9,731,3601
9,732,3934
9,733,1809
9,734,6603
9,784,4454
9,852,7949
9,900,10.671804726473056
9,925,4059
9,950,5110
9,951,7654
9,952,3116
9,1015,4588
9,1016,6665
9,1017,5579
9,1018,7189
9,1026,9208
9,1043,7980
9,1044,3866
9,1045,3104
9,1046,5712
9,1108,3301
9,1109,6251
9,1110,6371
9,1115,5317
9,1116,4954
9,1117,6302
9,1126,4103
9,1129,3242
9,1133,5627
9,1158,4413
9,1159,7111
9,1160,5440
9,1161,6009
9,1166,3869
9,1188,4631
9,1193,2546
9,1194,1788
9,1206,2513
9,1227,6516
9,1337,5061
9,1338,5252
9,1342,2970
9,1352,6879
9,1383,6224
9,1384,5026
9,1512,4283.301378705597
9,1570,4949
9,1676,1291
9,1677,1935
9,1678,2313
9,1679,1420
9,1699,4088
9,1700,4234
9,1701,5677
9,1702,6421
9,1710,677.9762567332946
9,1716,5372
9,1717,8769
9,1718,5217
9,1719,5303
9,1720,5598
9,1734,5679
9,1737,4459
9,1738,4812
9,1741,3776
9,1789,4384
9,1790,4224
9,1807,3278
9,1808,3193
9,1809,6446
9,1957,4416
9,1958,3878
9,1962,1737
9,1993,3249
9,1998,2880
9,2020,2952
9,2022,1519
9,2050,2106.7187741203816
9,2051,4612.9609375
9,2061,4663
9,2066,4453
9,2142,1242
9,2154,7277
9,2155,4777
9,2187,5107
9,2188,3410
9,2223,4323
9,2224,5858
9,2241,4871
9,2242,4174
9,2268,5132
9,2279,4716
9,2294,2354
9,2321,6907
9,2343,3842
9,2359,4264
9,2387,2605
9,2388,3274
9,2391,4840
9,2400,3726
9,2425,4409
9,2453,3228
10,361,3255
10,362,4953
10,363,3593
10,364,3819
10,365,5020
10,366,4179
10,367,5707
10,368,5961
10,369,10751
10,370,2752
10,371,5562
10,372,2620
10,373,3908
10,374,3248
10,375,4148
10,456,3610
10,457,10456
10,458,9479
10,459,7015
10,460,4949
10,489,5140
10,490,7639
10,491,4477
10,514,7000
10,515,3644
10,516,5671
10,517,1803
10,735,6478
10,736,1987
10,737,5807
10,853,3640
10,854,4911
10,855,6853
10,856,6646
10,926,9708
10,933,2853
10,943,3840
10,944,3633
10,945,1721
10,946,2108
10,964,4264
10,968,1298
10,969,4040
10,1097,3015
10,1099,2769
10,1101,5027
10,1102,5675
10,1132,3671
10,1187,3313
10,1212,6672
10,1213,6817
10,1214,7211
10,1234,3316
10,1235,2838
10,1243,7471
10,1248,5107
10,1253,5111
10,1255,3485
10,1289,10276
10,1292,3346
10,1369,5114
10,1651,2644
10,1652,4439
10,1653,3617
10,1654,3772
10,1655,2830
10,1656,7294
10,1657,2160
10,1658,6485
10,1659,6243
10,1660,1100
10,1672,3501
10,1680,3895
10,1681,4557
10,1697,5217
10,1698,5650
10,1704,6015
10,1705,4405
10,1706,6904
10,1707,3773
10,1709,6347
10,1714,5895
10,1715,5330
10,1732,8025
10,1733,3578
10,1786,4794
10,1787,4141
10,1788,7504
10,1800,7519
10,1801,4717
10,1805,4175
10,1806,3558
10,1833,2362
10,1834,5989
10,1847,3983
10,1848,3470
10,1849,4288
10,1850,4049
10,1859,6038
10,1860,5352
10,1914,3719
10,1915,3835
10,1923,5251
10,1926,5616
10,1927,4060
10,1935,5279
10,1983,4264
10,1985,5961
10,2009,1843
10,2010,3993
10,2023,6657
10,2026,3413
10,2027,4977
10,2034,4964
10,2048,7533
10,2050,3254.2812258796184
10,2051,135.0390625
10,2055,4111
10,2067,4437
10,2131,6933
10,2132,3435
10,2140,5499
10,2141,3390
10,2149,1908
10,2151,4888
10,2166,3780
10,2171,4408
10,2172,4700
10,2181,2819
10,2186,5900
10,2189,2822
10,2190,2050
10,2191,4939
10,2193,7075
10,2196,5370.9770525523345
10,2220,3867
10,2255,3139
10,2256,4248
10,2257,3509
10,2266,4586
10,2267,4440
10,2280,3065
10,2281,5788
10,2285,4933
10,2286,5471
10,2288,2314
10,2293,2130
10,2318,2491
10,2320,3376
10,2326,10314
10,2338,5038
10,2339,3512
10,2345,5637
10,2347,5901
10,2360,947
10,2361,2957
10,2362,5958
10,2367,4028
10,2395,3382
10,2401,3741
10,2409,3629
10,2424,5609
10,2427,2665
10,2430,6093
10,2438,6468
10,2439,5125
10,2443,3787
10,2446,3848
10,2457,3469
