0,132,1545
0,133,1017
0,134,1793
0,135,1520
0,136,1029
0,137,1344
0,138,1125
0,139,2328
0,140,1189
0,141,906
0,142,1391
0,143,1154
0,144,1825
0,145,651
0,146,1508
0,147,1043
0,148,687
0,150,1065
0,151,1390
0,152,1543
0,153,2842
0,154,1158
0,155,1126
0,156,1974
0,157,1848
0,158,1374
0,159,1188
0,160,1330
0,161,904
0,162,815
0,163,1746
0,164,1816
0,165,1052
0,166,2171
0,167,2502
0,168,980.690000000186
0,171,2098
0,172,1565
0,173,2112
0,174,1751
0,175,2596
0,176,2257
0,177,1206
0,178,2292
0,179,1822
0,180,1817
0,181,990
0,182,2177
0,183,1199
0,184,1613
0,185,1694
0,186,1186
0,187,2496
0,188,2734
0,189,1584
0,190,1466
0,191,1143
0,192,1295
0,193,1873
0,194,1559
0,195,1967
0,196,1688
0,197,3159
0,198,707
0,199,2112
0,200,1430
0,201,1431
0,202,2075
0,203,2077
0,204,1224
0,205,883
0,206,2703
0,207,2020
0,208,1662
0,209,2817
0,210,1935
0,211,1187
0,212,3105
0,213,3382
0,214,1732
0,215,1955
0,216,1994
0,217,1004
0,218,2173
0,219,1958
0,284,3275
0,1735,1390
0,1736,962
0,1737,926
0,1738,888
0,1739,1197
0,1740,795
0,1741,1116
0,1742,2206
0,1743,1255
0,1744,1312
0,1745,2144
0,1746,977
0,1747,1751
0,1748,1541
0,1749,1174
0,1750,1228
0,1751,1539
0,1752,912
0,1753,1381
0,1754,1066
0,1755,1065
0,1756,1212
0,1757,762
0,1758,1086
0,1759,686
0,1760,1400
0,1761,1149
0,1762,1357
0,1763,962
0,1764,1062
0,1765,1124
0,1766,986
0,1767,1011
0,1768,661
0,1769,1006
0,1770,1155
0,1771,764
0,1772,2040
0,1773,952
0,1774,1421
0,1775,1430
0,1776,1160
0,1777,1903
0,1778,1150
0,1779,1543
0,1780,1552
0,1781,1019
0,1782,1223
0,1783,1017
0,1784,1270
0,1785,1345
0,1786,1349
0,1787,1279
0,1788,1269
0,1789,1157
0,1790,1365
0,1791,1213
0,1792,809
0,1793,967
0,1794,1587
0,1795,1642
0,1796,1268
0,1797,979
0,1798,947
0,1799,1188
0,1800,2211
0,1801,1272
0,1802,1427
0,1803,830
0,1804,1243
0,1805,1333
0,1806,859
0,1807,1404
0,1808,1563
0,1809,1699
0,1810,980
0,1811,630
0,1812,1253
0,1813,1167
0,1814,922
0,1815,1238
0,1816,1127
0,1817,1146
0,1818,1906
0,1819,947
0,1820,761
0,1821,1004
0,1822,1387
0,1823,846
0,1824,1197
0,1825,1333
0,1826,1312
0,1827,1208
0,1828,1442
0,1829,902
0,1830,802
0,1831,1513
0,1832,1273
0,1833,898
0,1834,1007
0,1835,904
0,1836,1163
0,1837,1358
0,1838,848
0,1839,954
0,1840,939
0,1841,1263
0,1842,1473
0,1843,941
0,1844,1745
0,1845,996
0,1846,1228
0,1847,636
0,1848,1373
0,1849,737
0,1850,1206
0,1851,853
0,1852,1040
0,1853,784
0,1854,1279
0,1855,1288
0,1856,1759
0,1857,2107
0,1858,1426
0,1859,1282
0,1860,1211
0,1861,1095
0,1862,1535
0,1863,1104
0,1864,912
0,1865,541
0,1866,448
0,1867,1334
0,1868,1910
0,1869,575
0,1870,839
0,1871,628
0,1872,1094
0,1873,1187
0,1874,1532
0,1875,1168
0,1876,1004
0,1877,1227
0,1878,1286
0,1879,1461
0,1880,1327
0,1881,1267
0,1882,687
0,1883,840
0,1884,1340
0,1885,1396
0,1886,1094
0,1887,762
0,1888,832
0,1889,916
0,1890,688
0,1891,801
0,1892,673
0,1893,782
0,1894,1270
0,1895,1438
0,1896,1124
0,1897,926
0,1898,979
0,1899,1011
0,1900,1056
0,1901,1292
0,1902,938
0,1903,1542
0,1904,1739
0,1905,1579
0,1906,1412
0,1907,872
0,1908,1004
0,1909,1211
0,1910,936
0,1911,948
0,1912,1111
0,1913,1692
0,1914,967
0,1915,919
0,1916,914
0,1917,1714
0,1918,1170
0,1919,1787
0,1920,1107
0,1921,1257
0,1922,1152
0,1923,1210
0,1924,1380
0,1925,1279
0,1926,1169
0,1927,1404
0,1928,1400
0,1929,1161
0,1930,975
0,1931,1155
0,1932,1133
0,1933,767
0,1934,1197
0,1935,1255
0,1936,1159
0,1937,926
0,1938,1301
0,1939,1808
0,1940,778
0,1941,1024
0,1942,810
0,1943,1045
0,1944,1539
0,1945,1297
0,1946,1284
0,1947,850
0,1950,882
0,1951,1403
0,1952,1360
0,1953,922
0,1954,1662
0,1955,1217
0,1956,1018
0,1957,1677
0,1958,1424
0,1959,1564
0,1960,1619
0,1961,687
0,1962,904
0,1963,1130
0,1964,1024
0,1965,1332
0,1966,846
0,1967,698
0,1968,710
0,1969,950
0,1970,1257
0,1973,1230
0,1977,1600
0,2025,1251
0,2026,1190
0,2027,1568
0,2028,1905
0,2029,456
0,2030,909
0,2031,1459
0,2032,2003
0,2033,971
0,2034,892
0,2035,989
0,2036,450
0,2037,782
0,2038,794
0,2039,1380
0,2040,1746
0,2041,279
0,2042,989
0,2043,912
0,2045,809
0,2047,1293
0,2048,847
0,2049,898
0,2050,810
0,2051,1146
0,2052,948
0,2053,906
0,2054,775
0,2055,689
0,2056,461
0,2057,1094
0,2058,1125
0,2059,735
0,2060,836
0,2061,968
0,2062,1384
0,2063,682
0,2066,1513
0,2067,708
0,2068,1385
0,2069,1415
0,2070,1368
0,2071,1134
0,2072,1062
0,2073,1082
0,2074,851
0,2075,615
0,2076,2322
0,2078,1044
0,2079,1081
0,2080,993
0,2082,2443
0,2083,1825
0,2084,1348
0,2102,1123
0,2104,1525
0,2124,1356
0,2125,1474
0,2126,994
0,2128,1781
0,2129,1481
0,2130,2341
0,2131,1927
0,2132,1093
0,2133,2120
0,2134,1384
0,2135,2078
0,2136,1067
0,2137,882
0,2138,912
0,2139,1047
0,2140,1922
0,2141,2695
0,2142,1919
0,2143,1536
0,2144,1483
0,2145,1487
0,2146,1169
0,2147,2228
0,2148,1484
0,2149,1211
0,2150,769
0,2151,1226
0,2152,1291
0,2153,1242
0,2154,872
0,2155,2484
0,2156,1352
0,2157,1772
0,2158,2604
0,2159,1816
0,2160,1434
0,2161,1149
0,2162,2111
0,2163,2510
0,2164,1964
0,2165,809
0,2166,2081
0,2167,1818
0,2168,1939
0,2169,872
0,2170,1982
0,2171,2375
0,2172,1856
0,2173,1658
0,2174,1402
0,2175,1301
0,2176,1478
0,2177,1425
0,2178,1294
0,2179,1256
0,2180,1616
0,2181,2311
0,2182,1359
0,2183,1354
0,2184,1892
0,2185,1729
0,2186,1385
0,2187,1253
0,2188,1410
0,2189,1523
0,2190,1456
0,2191,1654
0,2192,2028
0,2193,1439
0,2194,2557
0,2195,1620
0,2196,1800
0,2197,1348
0,2198,1776
0,2199,1000
0,2200,2879
0,2201,2884
0,2202,1162
0,2203,1413
0,2204,2032
0,2205,2012
0,2206,1854
0,2207,1125
0,2208,1784
0,2209,2077
0,2210,1760
0,2211,2448
0,2212,1408
0,2213,2304
0,2214,1031
0,2215,1368
0,2216,1263
0,2217,1432
0,2218,1532
0,2219,1375
0,2220,1893
0,2221,1988
0,2222,1256
0,2223,1069
0,2224,989
0,2225,2213
0,2226,1883
0,2227,1860
0,2228,2285
0,2229,1778
0,2230,1381
0,2231,1551
0,2232,1781
0,2233,2378
0,2234,1584
0,2235,2796
0,2236,1291
0,2237,1302
0,2238,1779
0,2239,1539
0,2240,1125
0,2241,1096
0,2242,2484
0,2243,1399
0,2244,1403
0,2245,2452
0,2247,2285
0,2248,2457
0,2249,1562
0,2250,1973
0,2251,1095
0,2252,1836
0,2253,1660
0,2256,1959
0,2282,1189.6599999997907
0,2283,2179
0,2322,1373
0,2323,345
0,2324,661
0,2325,1125
1,0,837
1,1,864
1,2,1143
1,3,1029
1,4,1223
1,5,939
1,6,954
1,7,1197
1,8,594
1,9,1493
1,10,733
1,11,862
1,12,1865
1,13,884
1,14,553
1,15,622
1,16,876
1,274,1237
1,277,2410
1,278,1606
1,279,2415
1,280,2367
1,281,2537
1,282,1030
1,283,1908
1,285,1841
1,286,1695
1,287,1772
1,288,1023
1,289,804
1,290,1412
1,291,2113
1,292,1389
1,293,2440
1,294,2109
1,295,1913
1,296,2085
1,297,2285
1,298,1451
1,299,1146
1,300,1728
1,301,1546
1,302,926
1,303,865
1,304,985
1,305,976
1,306,1621
1,307,1366
1,310,1160
1,311,1606
1,325,907
1,326,1993
1,327,1747
1,328,1353
1,329,1865
1,330,983
1,331,925
1,332,1645
1,333,2010
1,334,1849
1,335,1810
1,336,1597
1,337,942
1,338,682
1,339,955
1,340,585
1,341,561
1,342,474
1,343,1216
1,349,82
1,494,1107
1,495,923
1,496,1168
1,497,801
1,498,2695
1,499,1709
1,500,1443
1,501,1083
1,502,1170
1,503,1159
1,504,1096
1,505,1807
1,506,617
1,507,715
1,508,1404
1,509,1112
1,510,1043
1,511,1289
1,512,609
1,513,1788
1,535,2119
1,536,1448
1,537,1882
1,538,499
1,539,1302
1,540,817
1,541,1724
1,542,1546
1,543,920
1,544,489
1,545,1824
1,546,1337
1,547,1799
1,548,2290
1,549,1717
1,550,1457
1,551,1816
1,552,1893
1,553,273
1,554,1102
1,555,1682
1,556,1566
1,557,780
1,558,1841
1,559,1766
1,560,1172
1,561,1484
1,562,2910
1,563,957
1,564,1169
1,565,3216
1,566,1676
1,567,1316
1,568,1644
1,569,779
1,570,841
1,571,792
1,572,2113
1,573,2726
1,574,2452
1,575,1973
1,576,1679
1,577,1494
1,578,562
1,579,2054
1,580,3614
1,581,1724
1,582,737
1,583,2450
1,584,1942
1,585,2634
1,586,3562
1,587,870
1,588,2564
1,589,2385
1,590,3098
1,591,2026
1,592,1960
1,593,2399
1,594,1647
1,595,861
1,596,2604
1,597,3559
1,598,1934
1,599,2871
1,600,1056
1,601,3354
1,602,2173
1,603,2064
1,604,838
1,605,1669
1,606,2542
1,607,1488
1,608,673
1,609,635
1,610,838
1,611,1873
1,612,1204
1,613,1001
1,614,1233
1,615,964
1,616,3751
1,617,782
1,618,1183
1,619,2880
1,620,746
1,621,1968
1,622,2512
1,623,975
1,624,843
1,625,1758
1,626,1862
1,627,1730
1,628,813
1,629,1907
1,630,1873
1,631,2352
1,632,2033
1,633,1892
1,634,1808
1,635,849
1,636,2020
1,637,1132
1,638,3288
1,639,3653
1,640,2390
1,641,979
1,642,2306
1,643,1383
1,644,2388
1,645,3521
1,646,2732
1,741,958
1,742,1037
1,743,717
1,744,538
1,745,795
1,746,794
1,747,767
1,748,1512
1,749,1380
1,750,730
1,751,1438
1,752,1031
1,753,1441
1,754,695
1,755,725
1,756,1196
1,757,969
1,758,1427
1,759,1064
1,760,909
1,761,1049
1,762,1009
1,763,1350
1,764,1503
1,765,1671
1,766,2154
1,767,1033
1,768,556
1,769,2008
1,770,1208
1,771,599
1,772,918
1,773,1567
1,774,1344
1,775,2073
1,776,535
1,927,1247
1,928,1375
1,929,1026
1,930,1456
1,931,2040
1,932,1648
1,933,1409
1,934,2217
1,935,1823
1,936,833
1,937,1171
1,938,1221
1,939,1141
1,940,1027
1,941,268
1,942,296
1,943,2435
1,944,1129
1,945,740
1,1011,946
1,1012,1038
1,1013,770
1,1081,791
1,1082,713
1,1083,1257
1,1084,1359
1,1085,593
1,1086,707
1,1087,687
1,1088,722
1,1089,711
1,1090,620
1,1091,820
1,1092,774
1,1448,903
1,1449,933
1,1450,636
1,1454,958
1,1456,833
1,1498,0.01
1,1499,981
1,1500,869
1,1501,1252
1,1502,1877
1,1503,765
1,1504,1169
1,1505,830
1,1506,792
1,1507,762
1,1508,1331
1,1509,1046
1,1510,712
1,1511,724
1,1512,1395
1,1513,790
1,1514,1322
1,1515,863
1,1516,868
1,1517,698
1,1518,671
1,1519,911
1,1520,1110
1,1521,1077
1,1522,875
1,1523,471
1,1524,1740
1,1525,773
1,1526,787
1,1527,3520
1,1528,590
1,1696,853
1,1706,1451
1,1707,1210
1,1725,888
1,1726,1996
1,1727,2040
1,1728,2546
1,1729,1551
1,1730,615
1,1731,562
1,1732,575
1,1733,515
1,1734,898
1,2246,2348
1,2254,1196
1,2255,3081
1,2257,1246
1,2258,2031
1,2259,682
1,2260,1131
1,2261,1622
1,2262,1788
1,2263,2362
1,2264,1288
1,2265,827
1,2266,1390
1,2267,1597
1,2268,1813
1,2269,1442
1,2270,1473
1,2271,1992
1,2272,1203
1,2273,2996
1,2274,2588
1,2275,2281
1,2276,1734
1,2277,1414
1,2278,1465
1,2279,781
1,2280,2303
1,2281,2319
1,2282,1442.3400000002093
1,2284,2560
1,2285,1547
1,2286,1610
1,2287,2625
1,2288,2515
1,2289,1430
1,2290,1419
1,2291,1256
1,2292,1761
1,2293,2067
1,2294,1210
1,2295,1778
1,2296,2510
1,2297,2010
1,2298,1969
1,2299,1223
1,2300,1750
1,2301,1246
1,2302,2869
1,2303,1889
1,2304,1302
1,2305,1413
1,2306,2422
1,2307,1234
1,2308,1596
1,2309,2193
1,2310,1785
1,2311,829
1,2312,1917
1,2313,1359
1,2314,1209
1,2315,2193
1,2316,2602
1,2317,2625
1,2318,955
1,2319,1206
1,2320,817
1,2321,969
1,2375,873
1,2376,997
1,2407,1000
1,2408,1861
1,2409,1631
1,2410,808
1,2411,695
1,2412,1077
1,2413,1262
1,2414,1265
1,2415,1644
1,2416,1031
1,2417,845
1,2418,788
1,2419,845
1,2420,841
1,2421,963
1,2422,1036
1,2423,592
1,2424,2292
1,2425,680
1,2426,876
1,2427,1006
1,2428,753
1,2429,1603
1,2430,1536
1,2431,1753
1,2432,789
1,2433,1409
1,2434,1235
1,2435,1861
1,2436,1319
1,2437,965
1,2438,737
1,2439,651
1,2440,3185
1,2441,1436
1,2442,1116
1,2443,2464
1,2444,1391
1,2445,1011
1,2446,2295
1,2447,725
1,2448,2701
1,2449,1380
1,2450,766
1,2451,1137
1,2452,720
1,2453,2131
1,2454,1073
1,2455,797
1,2456,1849
1,2457,1642
1,2458,691
1,2459,869
1,2460,2458
1,2461,1204
1,2462,1972
1,2463,1414
1,2464,736
1,2465,1151
1,2466,838
1,2467,1099
1,2468,1558
1,2469,617
1,2470,775
1,2471,1195
1,2472,701
1,2473,675
1,2474,986
1,2475,1333
1,2476,1048
1,2477,660
1,2478,1619
1,2479,865
1,2480,1236
1,2481,834
1,2482,1090
1,2483,1047
1,2484,1243
1,2485,1167
1,2486,1061
1,2487,811
1,2488,791
1,2489,781
1,2490,789
1,2491,1563
1,2492,966
1,2493,777
1,2494,1164
1,2495,1019
1,2496,1313
1,2497,762.9999999997672
1,2498,1299
1,2499,561
1,2500,796
1,2501,730
1,2502,1256
1,2503,673
1,2504,2470
1,2505,980
1,2506,784
1,2507,728
1,2508,1122
1,2509,1249
1,2510,1012
1,2511,836
1,2512,1084
1,2513,1063
1,2514,2067
1,2515,1149
1,2516,1671
1,2517,993
1,2518,1167
1,2519,1840
1,2520,751
1,2521,1162
1,2522,1482
1,2523,815
1,2524,773
1,2525,1472
1,2908,642
1,2909,809
2,427,1017
2,428,808
2,429,1045
2,430,854
2,431,801
2,432,1024
2,433,613
2,434,773
2,435,1044
2,436,616
2,437,827
2,438,746
2,439,786
2,440,1047
2,441,1046
2,442,1029
2,443,814
2,444,1674
2,445,1029
2,446,1340
2,447,864
2,448,1454
2,449,659
2,450,1450
2,451,1353
2,452,1285
2,453,1207
2,454,769
2,455,838
2,456,1064
2,457,1027
2,458,914
2,459,578
2,460,1178
2,461,632
2,462,608
2,463,630
2,464,1116
2,465,1622
2,466,909
2,467,1218
2,468,595
2,469,1267
2,470,1800
2,471,1060
2,472,857
2,473,1075
2,474,901
2,475,1310
2,476,957
2,477,876
2,478,541
2,479,1358
2,480,1011
2,481,1311
2,482,770
2,483,946
2,484,865
2,485,1213
2,486,647
2,487,703
2,488,1006
2,489,767
2,490,815
2,491,1067
2,492,903
2,493,0.01
2,514,1213
2,515,1191
2,516,892
2,517,1717
2,518,1796
2,519,671
2,520,1252
2,521,793
2,522,1699
2,523,856
2,524,1302
2,525,1127
2,526,1284
2,527,1389
2,528,1345
2,529,573
2,530,1348
2,531,1004
2,532,790
2,533,1204
2,534,0.01
2,647,874
2,648,1446
2,649,694
2,650,1368
2,651,1516
2,652,392
2,653,1222
2,654,1170
2,655,1655
2,656,786
2,657,1132
2,658,826
2,659,760
2,660,2014
2,661,1458
2,662,773
2,663,1914
2,664,1795
2,665,971
2,666,1373
2,667,1143
2,668,1062
2,669,718
2,670,1845
2,671,1497
2,672,2293
2,673,1760
2,674,1059
2,675,2111
2,676,1545
2,677,1011
2,678,1307
2,679,1033
2,680,640
2,681,1405
2,682,1323
2,683,1481
2,684,1084
2,685,851
2,686,1376
2,687,876
2,688,954
2,689,1259
2,690,876
2,691,1271
2,692,1524
2,693,1876
2,694,910
2,695,890
2,696,629
2,697,566
2,698,1297
2,699,1160
2,700,815
2,701,1596
2,702,644
2,703,1028
2,704,1369
2,705,1500
2,706,828
2,707,902
2,708,1702
2,709,1666
2,710,982
2,711,1204
2,712,1862
2,713,991
2,714,1136
2,715,884
2,716,2257
2,717,894
2,718,1779
2,719,1142
2,720,1716
2,721,999
2,722,1003
2,723,784
2,724,817
2,725,778
2,726,1348
2,727,1095
2,728,1092
2,729,932
2,730,1470
2,731,1239
2,732,999
2,733,1301
2,734,1363
2,735,563
2,736,846
2,737,730
2,738,1406
2,739,768
2,740,0.01
2,777,1108
2,778,955
2,779,1378
2,780,1082
2,781,1305
2,782,1393
2,783,1111
2,784,1306
2,785,1085
2,786,1660
2,787,1356
2,788,1777
2,789,1353
2,790,1727
2,791,1219
2,792,832
2,793,1570
2,794,1710
2,795,2489
2,796,2534
2,797,2351
2,798,2182
2,799,1658
2,800,1448
2,801,1580
2,802,988
2,803,1930
2,804,1738
2,805,1697
2,806,1066
2,807,1177
2,808,2472
2,809,1591
2,810,1939
2,811,2016
2,812,1606
2,813,922
2,814,1337
2,815,2255
2,816,2249
2,817,2922
2,818,785
2,819,2244
2,820,2781
2,821,1212
2,822,2607
2,823,1964
2,824,1501
2,825,961
2,826,1152
2,827,1318
2,828,1250
2,829,3308
2,830,1775
2,831,2055
2,832,1687
2,833,1466
2,834,1571
2,835,929
2,836,551
2,837,1434
2,838,1469
2,839,1408
2,840,961
2,841,1287
2,842,2204
2,843,334
2,844,2823
2,845,1512
2,846,1619
2,847,2430
2,848,1114
2,849,995
2,850,1779
2,851,2019
2,852,998
2,853,1195
2,854,1441
2,855,2125
2,856,831
2,857,1937
2,858,2214
2,859,1444
2,860,1556
2,861,2115
2,862,2502
2,863,973
2,864,1903
2,865,762
2,866,1389
2,867,656
2,868,1896
2,869,2035
2,870,1465
2,871,1325
2,872,631
2,873,936
2,874,1938
2,875,1193
2,876,2061
2,877,2134
2,878,1999
2,879,1352
2,880,579
2,881,1631
2,882,696
2,883,1550
2,884,1268
2,885,1281
2,886,2493
2,887,827
2,888,1088
2,889,1007
2,890,1883
2,891,885
2,892,702
2,893,854
2,894,1068
2,895,1092
2,896,1770
2,897,731
2,898,1006
2,899,1066
2,900,1068
2,901,1214
2,902,789
2,903,713
2,904,1249
2,905,1568
2,906,1642
2,907,1868
2,908,889
2,909,1498
2,910,1577
2,911,1751
2,912,2368
2,913,846
2,914,1547
2,915,1223
2,916,1179
2,917,1018
2,918,1830
2,919,1173
2,920,1192
2,921,908
2,922,1198
2,923,842
2,924,1845
2,925,1201
2,926,2001
2,946,1062
2,947,848
2,948,926
2,949,1427
2,950,1641
2,951,1679
2,952,1825
2,953,1793
2,954,998
2,955,868
2,956,1037
2,957,2019
2,958,990
2,959,1154
2,960,1173
2,961,959
2,962,765
2,963,1446
2,964,1292
2,965,1254
2,966,939
2,967,885
2,968,1998
2,969,652
2,970,1006
2,971,1996
2,972,1060
2,973,2240
2,974,1467
2,975,1076
2,976,1249
2,977,1473
2,978,1808
2,979,723
2,980,883
2,981,1422
2,982,1178
2,983,1611
2,984,1242
2,985,1429
2,986,1961
2,987,1096
2,988,868
2,989,1606
2,990,1649
2,991,1920
2,992,1129
2,993,980
2,994,2229
2,995,1403
2,996,2286
2,997,1940
2,998,1314
2,999,2091
2,1000,1279
2,1001,1532
2,1002,2109
2,1003,538
2,1004,1279
2,1005,1531
2,1006,965
2,1007,1142
2,1008,1405
2,1009,1514
2,1010,831
2,1014,547
2,1015,940
2,1016,1072
2,1017,738
2,1018,1063
2,1019,1204
2,1020,770
2,1021,620
2,1022,964
2,1023,950
2,1024,1474
2,1025,1029
2,1026,579
2,1027,1472
2,1028,594
2,1029,1475
2,1030,1596
2,1031,787
2,1032,945
2,1033,1521
2,1034,1334
2,1035,1144
2,1036,956
2,1037,1790
2,1038,1848
2,1039,1988
2,1040,1130
2,1041,884
2,1042,1134
2,1043,820
2,1044,593
2,1045,636
2,1046,709
2,1047,649
2,1048,747
2,1049,2144
2,1050,1016
2,1051,704
2,1052,1240
2,1053,772
2,1054,1408
2,1055,1733
2,1056,754
2,1057,922
2,1058,742
2,1059,797
2,1060,1094
2,1061,550
2,1062,904
2,1063,999
2,1064,727
2,1065,762
2,1066,983
2,1067,654
2,1068,557
2,1069,1024
2,1070,703
2,1071,638
2,1072,742
2,1073,779
2,1074,616
2,1075,817
2,1076,525
2,1077,782
2,1078,996
2,1079,2000
2,1080,873
2,1112,839
2,1115,1401
2,1116,1350
2,1117,986
2,1118,1606
2,1119,1401
2,1123,1183
2,1124,1606
2,1127,665
2,1128,933
2,1133,855
2,1137,914
2,1141,1636
2,1142,1358
2,1143,1154
2,1144,1726
2,1145,1383
2,1146,1704
2,1147,1437
2,1148,824
2,1149,1732
2,1150,1488
2,1151,1799
2,1152,1221
2,1153,1169
2,1154,1798
2,1155,1308
2,1156,1256
2,1157,999
2,1158,1713
2,1159,763
2,1160,1624
2,1161,2033
2,1162,1638
2,1163,1619
2,1164,890
2,1165,1251
2,1166,1147
2,1167,915
2,1168,1257
2,1169,992
2,1170,1235
2,1171,1165
2,1172,827
2,1173,1266
2,1174,1671
2,1175,760
2,1176,1529
2,1177,1609
2,1178,2530
2,1179,1781
2,1180,1472
2,1186,2006
2,1192,2282
2,1193,1958
2,1194,1237
2,1281,732
2,1282,1381
2,1283,899
2,1284,1464
2,1285,1346
2,1286,1130
2,1287,1742
2,1317,195.31999999996742
2,1318,1113
2,1319,856
2,1320,1430
2,1321,1690
2,1322,1553
2,1323,1671
2,1334,1015
2,1335,1109
2,1336,692
2,1337,734
2,1338,849
2,1339,935
2,1340,1082
2,1341,1869
2,1342,1389
2,1343,1674
2,1344,1442
2,1345,1669
2,1346,1215
2,1347,963
2,1348,1673
2,1349,1401
2,1350,1402
2,1351,1473
2,1352,1814
2,1353,874
2,1354,1415
2,1355,760
2,1356,1790
2,1357,1321
2,1358,952
2,1359,1931
2,1360,1079
3,17,1389
3,18,1475
3,19,1480
3,20,1597
3,21,1812
3,22,1481
3,23,1691
3,24,2084
3,25,1814
3,26,1154
3,27,2097
3,28,1203
3,29,1769
3,30,1001
3,31,1345
3,32,1070
3,33,1891
3,34,1095
3,35,2229
3,36,837
3,37,841
3,38,2412
3,39,1077
3,40,830
3,41,1202
3,42,1392
3,43,1470
3,44,933
3,45,1460
3,46,850
3,47,874
3,48,995
3,49,1052
3,50,947
3,51,903
3,52,1473
3,53,974
3,54,1208
3,55,865
3,56,1343
3,57,1807
3,58,3315
3,59,1786
3,60,2157
3,61,2157
3,62,1167
3,63,1016
3,64,1360
3,65,992
3,66,891
3,67,658
3,68,812
3,69,964
3,70,1525
3,71,1549
3,72,1525
3,73,1004
3,74,2763
3,75,1462
3,76,1972
3,77,787
3,78,747
3,79,1054
3,80,2058
3,81,2313
3,82,1642
3,83,2086
3,1093,1072
3,1094,1484
3,1095,1082
3,1096,1680
3,1097,1249
3,1098,793
3,1099,1407
3,1100,1253
3,1101,1554
3,1102,1190
3,1103,636
3,1104,1380
3,1105,760
3,1106,2039
3,1107,1773
3,1108,1593
3,1109,886
3,1110,1263
3,1111,1861
3,1113,503
3,1114,902
3,1120,1219
3,1121,1771
3,1122,1435
3,1125,1212
3,1126,1160
3,1129,905
3,1130,1090
3,1131,1444
3,1132,1184
3,1134,1516
3,1135,1627
3,1136,1570
3,1138,2592
3,1139,1182
3,1140,1436
3,1181,1625
3,1182,1590
3,1183,1189
3,1184,1266
3,1185,2421
3,1187,1006
3,1188,2295
3,1189,1319
3,1190,2078
3,1191,960
3,1195,1719
3,1196,1516
3,1197,1488
3,1198,1840
3,1199,1838
3,1200,1081
3,1201,1914
3,1202,2080
3,1203,2035
3,1204,1467
3,1205,1030
3,1206,1834
3,1207,2132
3,1208,957
3,1209,1891
3,1210,1750
3,1211,1725
3,1212,1505
3,1213,1158
3,1214,1941
3,1215,1273
3,1216,2062
3,1217,1304
3,1218,1227
3,1219,1186
3,1220,1434
3,1221,1526
3,1222,2198
3,1223,984
3,1224,1147
3,1225,2132
3,1226,1951
3,1227,1384
3,1228,1874
3,1229,1782
3,1230,719
3,1231,2399
3,1232,2543
3,1233,1955
3,1234,2280
3,1235,2158
3,1236,1462
3,1237,2298
3,1238,1299
3,1239,1707
3,1240,2610
3,1241,1682
3,1242,1857
3,1243,1293
3,1244,1594
3,1245,1741
3,1246,1351
3,1247,1014
3,1248,1229
3,1249,1771
3,1250,875
3,1251,1776
3,1252,1567
3,1253,1959
3,1254,1427
3,1255,1160
3,1256,2109
3,1257,1342
3,1258,1025
3,1259,1642
3,1260,1515
3,1261,1193
3,1262,1133
3,1263,718
3,1264,1968
3,1265,1395
3,1266,1349
3,1267,1905
3,1268,1370
3,1269,1155
3,1270,1496
3,1271,1163
3,1272,1001
3,1273,1188
3,1274,952
3,1275,1231
3,1276,1239
3,1277,1183
3,1278,1065
3,1279,1301
3,1280,1249
3,1288,3286
3,1289,3852
3,1290,1076
3,1291,928
3,1292,1035
3,1293,1521
3,1294,1155
3,1295,1716
3,1296,1523
3,1297,1955
3,1298,759
3,1299,897
3,1300,673
3,1301,1014
3,1302,1021
3,1303,1231
3,1304,1093
3,1305,728
3,1306,1249
3,1307,1157
3,1308,903
3,1309,1756
3,1310,1241
3,1311,939
3,1312,1029
3,1313,4777
3,1314,1255
3,1315,1593
3,1316,908
3,1317,1237.6800000000326
3,1324,2412
3,1325,839
3,1326,2293
3,1327,1361
3,1328,942
3,1329,794
3,1330,889
3,1331,729
3,1332,909
3,1333,1646
3,1361,0.01
3,1362,2061
3,1363,1389
3,1364,687
3,1365,1150
3,1366,1273
3,1367,1112
3,1368,1282
3,1369,1475
3,1370,961
3,1371,755
3,1372,1444
3,1373,767
3,1374,977
3,1375,918
3,1376,726
3,1377,860
3,1378,878
3,1379,1900
3,1380,923
3,1381,578
3,1382,822
3,1383,806
3,1384,945
3,1385,859
3,1386,737
3,1387,1432
3,1388,753
3,1389,841
3,1390,1165
3,1391,1001
3,1392,1236
3,1393,1416
3,1394,1511
3,1395,1533
3,1396,1166
3,1397,552
3,1398,62
3,1399,1173
3,1400,1598
3,1401,1232
3,1402,1000
3,1403,1065
3,1404,1410
3,1405,963
3,1406,1829
3,1407,1172
3,1408,0.01
3,1409,3397
3,1410,1820
3,1411,945
3,1412,3054
3,1413,2726
3,1414,1932
3,1415,821
3,1416,1018
3,1417,965
3,1418,1236
3,1419,1906
3,1420,1501
3,1421,751
3,1422,1136
3,1423,1415
3,1424,1411
3,1425,1622
3,1426,1032
3,1427,1551
3,1428,1469
3,1429,1770
3,1430,731
3,1431,1205
3,1432,1265
3,1433,2563
3,1434,2314
3,1435,1660
3,1436,1803
3,1437,1215
3,1438,1584
3,1439,1258
3,1440,1424
3,1441,1604
3,1442,1931
3,1443,1258
3,1444,1325
3,1445,1018
3,1446,1539
3,1447,1356
3,1451,1029
3,1453,1857
3,1455,714
3,1457,1340
3,1458,1510
3,1459,1231
3,1460,1166
3,1461,1552
3,1462,851
3,1463,860
3,1464,1547
3,1465,1538
3,1466,1162
3,1467,1533
3,1468,1062
3,1469,1968
3,1470,1344
3,1471,1040
3,1472,1099
3,1473,967
3,1474,2437
3,1475,1458
3,1476,861
3,1477,790
3,1478,824
3,1479,1729
3,1480,1981
3,1481,1938
3,1482,1201
3,1483,1078
3,1484,1411
3,1485,1286
3,1486,1141
3,1487,1208
3,1488,2898
3,1489,1979
3,1490,1011
3,1491,1908
3,1492,1720
3,1493,2483
3,1494,1233
3,1495,1064
3,1496,1733
3,1497,1498
3,1556,1077
3,1557,1376
3,1558,1972
3,1559,1514
3,1560,2124
3,1561,1422
3,1562,1627
3,1563,2073
3,1564,2229
3,1565,1426
3,1566,655
3,1619,3118
3,1620,2729
3,1621,2747
3,1622,2522
3,1623,3044
3,1624,1566
3,1625,889
3,1626,1690
3,1627,726
3,1628,1681
3,1629,2323
3,1630,1501
3,1631,635
3,1632,2885
3,1633,979
3,1634,2849
3,1635,2411
3,1636,1969
3,1637,3461
3,1638,2321
3,1639,2552
3,1640,2835
3,1641,834
3,1642,2325
3,1643,805
3,1644,1648
3,1645,2633
3,1657,3721
3,1658,977
3,1659,1497
3,1662,1605
3,1663,2866
3,1708,1514
3,1709,1437
3,1710,1072
3,1711,2720
3,1712,1704
3,1714,3141
3,1716,1266
3,1717,1036
3,1718,1593
3,1719,681
3,1720,1595
3,1721,1447
3,1722,1253
3,1723,1252
3,1724,2482
3,2328,534.6499999998978
3,2329,992
3,2330,2804
3,2331,2610
3,2332,1858
3,2333,1955
3,2338,2680
3,2341,981
3,2342,1025
3,2344,2835
3,2345,2558
3,2346,2084
3,2347,1337
3,2348,690
3,2349,1024
3,2350,1339
3,2351,1429
3,2352,2242
3,2353,3025
3,2354,1703
3,2355,2131
3,2356,2014
3,2357,1954
3,2358,1975
3,2359,2797
3,2360,1260
3,2361,1033
3,2362,1828
3,2363,1874
3,2364,1063
3,2365,925
3,2366,1353
3,2367,2255
3,2368,687
3,2369,1454
3,2370,859
3,2371,1334
3,2372,2205
3,2373,2271
3,2374,1433
3,2401,796
3,2403,984
3,2404,901
3,2405,779
3,2943,1326
3,2944,1411
3,2945,1424
3,2946,1044
4,350,692
4,351,1140
4,352,1622
4,353,1437
4,354,843
4,355,1021
4,356,504
4,357,964
4,358,693
4,359,1415
4,360,1112
4,361,1716
4,362,931
4,363,1574
4,364,1065
4,365,660
4,366,2152
4,367,1742
4,368,1035
4,369,616
4,370,1337
4,371,1265
4,372,929
4,373,1462
4,374,675
4,375,884
4,376,911
4,377,2151
4,378,971
4,379,1078
4,380,641
4,381,889
4,382,1255
4,383,1068
4,384,1500
4,385,1122
4,386,0.01
4,387,1143
4,388,1329
4,389,1033
4,390,873
4,391,1354
4,392,630
4,393,1013
4,394,921
4,395,880
4,396,908
4,397,658
4,398,1156
4,399,1335
4,400,1240
4,401,967
4,402,858
4,403,1728
4,404,2009
4,405,2291
4,406,933
4,407,1214
4,408,2035
4,409,1026
4,410,1017
4,411,851
4,412,1310
4,413,1452
4,414,1986
4,415,1772
4,416,2075
4,417,1226
4,418,1161
4,419,907
4,420,1927
4,421,1951
4,422,2025
4,423,1542
4,424,1007
4,425,1437
4,426,1409
4,1948,1107
4,1949,1038
4,1971,773
4,1972,1325
4,1974,1134
4,1975,999
4,1976,1266
4,1978,1519
4,1979,711
4,1980,862
4,1981,904
4,1982,820
4,1983,1179
4,1984,2230
4,1985,1522
4,1986,1012
4,1987,1541
4,1988,2666
4,1989,1044
4,1990,1365
4,1991,1670
4,1992,1737
4,1993,1644
4,1994,2096
4,1995,1136
4,1996,1168
4,1997,1447
4,1998,991
4,1999,1266
4,2000,1584
4,2001,1622
4,2002,1534
4,2003,1152
4,2004,1626
4,2005,1454
4,2006,1736
4,2007,1281
4,2008,1184
4,2009,1176
4,2010,1330
4,2011,1899
4,2012,2030
4,2013,1443
4,2014,1066
4,2015,1123
4,2016,1645
4,2017,1401
4,2018,1300
4,2019,1525
4,2020,900
4,2021,645
4,2022,1082
4,2023,922
4,2024,1070
4,2044,834
4,2046,1294
4,2064,1366
4,2065,804
4,2077,1456
4,2094,2125
4,2096,1702
4,2100,1697
4,2101,1055
4,2103,1612
4,2105,1291
4,2106,1758
4,2107,1406
4,2108,2063
4,2109,1235
4,2110,2373
4,2111,1605
4,2112,2051
4,2113,1703
4,2114,1263
4,2115,2602
4,2116,2919
4,2117,913
4,2118,986
4,2119,958
4,2120,873
4,2121,524
4,2122,1374
4,2123,1673
4,2127,1259
4,2326,55
4,2377,720
4,2378,591
4,2379,882
4,2380,1072
4,2381,812
4,2382,956
4,2383,855
4,2384,864
4,2385,956
4,2386,1610
4,2387,794
4,2388,1239
4,2389,1183
4,2390,1257
4,2391,1646
4,2392,668
4,2393,1257
4,2394,684
4,2395,809
4,2396,676
4,2397,580
4,2398,945
4,2399,890
4,2400,1285
4,2402,699
4,2406,0.01
4,2526,1300
4,2527,1841
4,2528,1710
4,2529,1411
4,2530,1192
4,2531,1572
4,2532,1120
4,2533,845
4,2534,1192
4,2535,1888
4,2536,2231
4,2537,1341
4,2538,1405
4,2539,2176
4,2540,1508
4,2541,1431
4,2542,1062
4,2543,711
4,2544,1505
4,2545,704
4,2546,2338
4,2547,1748
4,2548,1574
4,2549,1207
4,2550,1802
4,2551,1172
4,2552,1564
4,2553,1534
4,2554,1074
4,2555,1886
4,2556,1074
4,2557,1187
4,2579,147.30999999993946
4,2580,1317
4,2581,1575
4,2582,1487
4,2583,1564
4,2584,683
4,2585,2151
4,2586,1291
4,2587,1098
4,2588,760
4,2589,1583
4,2590,1214
4,2591,1953
4,2592,1956
4,2593,939
4,2594,1329
4,2595,984
4,2596,836
4,2597,1617
4,2598,1608
4,2599,1209
4,2600,1928
4,2601,1036
4,2602,1151
4,2603,1899
4,2604,2043
4,2605,1043
4,2606,1407
4,2607,1958
4,2608,736
4,2609,2200
4,2610,1155
4,2611,1539
4,2612,1419
4,2613,1542
4,2614,998
4,2615,2283
4,2616,1753
4,2617,1422
4,2618,846
4,2619,2213
4,2620,969
4,2621,1617
4,2622,1129
4,2623,1146
4,2624,2733
4,2625,1438
4,2626,2262
4,2627,1092
4,2628,1727
4,2629,1297
4,2630,1492
4,2631,645
4,2632,2355
4,2633,7964
4,2634,2438
4,2635,806
4,2636,1575
4,2637,1128
4,2638,1751
4,2639,810
4,2640,1990
4,2641,2001
4,2642,1409
4,2643,1556
4,2644,2940
4,2645,1108
4,2646,1985
4,2647,1333
4,2648,1435
4,2649,1739
4,2650,1717
4,2651,1379
4,2652,3397
4,2653,2466
4,2654,1897
4,2655,3252
4,2656,1386
4,2657,1963
4,2658,2425
4,2659,2199
4,2660,1508
4,2661,2773
4,2662,2002
4,2663,2268
4,2664,1281
4,2665,1588
4,2666,1336
4,2667,1384
4,2668,914
4,2669,1251
4,2670,690
4,2671,1555
4,2672,1588
4,2673,2012
4,2674,1916
4,2675,3003
4,2676,1322
4,2677,1394
4,2678,2464
4,2679,1820
4,2680,1439
4,2681,1224
4,2682,1255
4,2683,1308
4,2684,1254
4,2685,1386
4,2686,1456
4,2687,2133
4,2688,2037
4,2689,1686
4,2690,1417
4,2691,1214
4,2692,2021
4,2693,3307
4,2694,1050
4,2695,2202
4,2696,1164
4,2697,2086
4,2698,1737
4,2699,997
4,2700,2388
4,2701,1584
4,2702,2419
4,2703,1539
4,2704,907
4,2705,1759
4,2706,1230
4,2707,1734
4,2708,1726
4,2709,994
4,2710,2700
4,2711,1194
4,2712,1070
4,2713,1008
4,2714,2814
4,2715,1524
4,2716,2373
4,2717,1698
4,2718,1216
4,2719,650
4,2720,2184
4,2721,1780
4,2722,1968
4,2723,2321
4,2724,2071
4,2725,2094
4,2726,952
4,2727,1170
4,2728,2013
4,2729,1386
4,2730,1110
4,2731,1470
4,2732,1763
4,2733,1783
4,2734,1204
4,2736,803
4,2739,1656
4,2740,1604
4,2741,756
4,2742,1358
4,2743,1291
4,2749,2826
4,2803,1354
4,2804,703
4,2805,1169
4,2806,2319
4,2807,1673
4,2808,1337
4,2809,1355
4,2810,1126
4,2811,2258
4,2812,1485
4,2813,2465
4,2814,2737
4,2815,2365
4,2816,2766
4,2817,1925
4,2818,1119
4,2819,1019
4,2820,1062
4,2821,2041
4,2822,1431
4,2823,1185
4,2824,1015
4,2825,1924
4,2826,1013
4,2827,1945
4,2828,1719
4,2829,1323
4,2830,1929
4,2831,1192
4,2832,4
4,2833,2173
4,2834,0.01
4,2835,2851
4,2836,2256
4,2837,1454
4,2838,899
4,2839,1696
4,2840,2881
4,2841,895
4,2842,952
4,2843,736
4,2844,1096
4,2845,810
4,2846,1847
4,2847,1866
4,2848,1314
4,2849,1571
4,2850,897
4,2851,1380
4,2852,1165
4,2853,21
4,2854,2246
4,2855,27
4,2856,2330
4,2857,2051
4,2858,828
4,2859,1438
4,2860,1368
4,2861,1015
4,2862,16
4,2863,1035
4,2864,745
4,2865,0.01
4,2866,1365
4,2867,3339
4,2868,216
4,2869,1454
4,2870,1309
4,2871,2942
4,2872,1379
4,2873,2064
4,2874,1363
4,2875,1894
4,2876,1192
4,2877,1322
4,2878,1868
4,2879,1267
4,2880,1600
4,2881,1326
4,2882,1566
4,2883,1444
4,2884,1600
4,2885,1955
4,2886,1863
4,2887,1661
4,2888,1329
4,2889,1123
4,2890,1572
4,2891,2486
4,2892,795
4,2893,1105
4,2894,787
4,2895,2081
4,2896,1765
4,2897,2492
4,2898,1931
4,2899,1786
4,2900,993
4,2901,1405
4,2902,991
4,2903,1922
4,2904,1098
4,2905,855
4,2906,696
4,2907,808
4,2934,844
4,2935,2270
4,2936,1287
5,84,1088
5,85,1493
5,86,925
5,87,1541
5,88,1224
5,89,1832
5,90,1079
5,91,1042
5,92,1463
5,93,1127
5,94,1396
5,95,1451
5,96,1958
5,97,552
5,98,1398
5,99,1480
5,100,2258
5,101,1433
5,102,2064
5,103,1304
5,104,902
5,105,1560
5,106,1866
5,107,1610
5,108,2317
5,109,1875
5,110,2065
5,111,1514
5,112,1160
5,113,1103
5,114,2928
5,115,894
5,116,1770
5,117,1891
5,118,1295
5,119,923
5,120,2496
5,121,1102
5,122,1312
5,123,1752
5,124,1388
5,125,1854
5,126,1658
5,127,1978
5,128,1808
5,129,947
5,130,1976
5,131,1193
5,149,2130
5,168,428.30999999981395
5,169,858
5,170,1553
5,220,1941
5,221,1194
5,222,979
5,223,704
5,224,626
5,225,677
5,226,2442
5,227,844
5,228,1176
5,229,1834
5,230,1517
5,231,1979
5,232,2656
5,233,2383
5,234,1691
5,235,2013
5,236,2843
5,237,2324
5,238,592
5,239,1635
5,240,1818
5,241,1590
5,242,967
5,243,1802
5,244,1183
5,245,1050
5,246,1944
5,247,1244
5,248,818
5,249,2231
5,250,2086
5,251,3051
5,252,1345
5,253,2402
5,254,534
5,255,1888
5,256,1011
5,257,978
5,258,1693
5,259,799
5,260,581
5,261,1031
5,262,1662
5,263,1848
5,264,1998
5,265,1852
5,266,1376
5,267,1522
5,268,1550
5,269,1607
5,270,1401
5,271,2382
5,272,1762
5,273,2318
5,275,1713
5,276,2057
5,308,1352
5,309,879
5,312,1093
5,313,992
5,314,722
5,315,2543
5,316,1228
5,317,2081
5,318,887
5,319,1627
5,320,1408
5,321,2335
5,322,1679
5,323,1676
5,324,1914
5,344,1431
5,345,2073
5,346,1436
5,347,1890
5,348,1789
5,1452,1576
5,1529,832
5,1530,1172
5,1531,2591
5,1532,1331
5,1533,865
5,1534,1348
5,1535,1449
5,1536,1956
5,1537,1571
5,1538,1281
5,1539,1625
5,1540,2253
5,1541,1158
5,1542,1691
5,1543,3077
5,1544,1886
5,1545,1681
5,1546,1693
5,1547,2378
5,1548,3079
5,1549,2460
5,1550,1024
5,1551,950
5,1552,753
5,1553,868
5,1554,747
5,1555,1242
5,1567,2203
5,1568,2097
5,1569,2195
5,1570,1515
5,1571,1781
5,1572,2664
5,1573,1432
5,1574,1558
5,1575,1668
5,1576,2256
5,1577,2624
5,1578,1230
5,1579,1537
5,1580,2126
5,1581,1616
5,1582,1252
5,1583,1900
5,1584,1230
5,1585,1926
5,1586,1799
5,1587,2116
5,1588,2466
5,1589,1384
5,1590,1303
5,1591,2756
5,1592,2118
5,1593,1847
5,1594,1210
5,1595,2681
5,1596,2684
5,1597,1893
5,1598,2699
5,1599,2198
5,1600,2136
5,1601,2090
5,1602,2362
5,1603,1742
5,1604,1782
5,1605,2160
5,1606,1295
5,1607,1358
5,1608,2022
5,1609,1917
5,1610,1551
5,1611,1489
5,1612,2116
5,1613,1330
5,1614,1175
5,1615,1258
5,1616,3124
5,1617,2146
5,1618,2318
5,1646,1779
5,1647,2462
5,1648,2043
5,1649,1275
5,1650,1905
5,1651,2249
5,1652,2009
5,1653,858
5,1654,1429
5,1655,996
5,1656,1088
5,1660,1217
5,1661,2402
5,1664,1506
5,1665,1348
5,1666,1370
5,1667,1554
5,1668,2495
5,1669,1031
5,1670,2892
5,1671,2621
5,1672,2351
5,1673,1498
5,1674,2839
5,1675,1150
5,1676,1406
5,1677,1814
5,1678,1230
5,1679,1532
5,1680,1750
5,1681,1491
5,1682,1870
5,1683,1102
5,1684,3075
5,1685,1186
5,1686,2838
5,1687,738
5,1688,871
5,1689,1323
5,1690,697
5,1691,1136
5,1692,957
5,1693,1253
5,1694,932
5,1695,1736
5,1697,2095
5,1698,1383
5,1699,2688
5,1700,739
5,1701,1805
5,1702,1451
5,1703,982
5,1704,1036
5,1705,2284
5,1713,1269
5,1715,3042
5,2081,1113
5,2085,1189
5,2086,1856
5,2087,1550
5,2088,1642
5,2089,983
5,2090,1965
5,2091,1166
5,2092,1542
5,2093,1982
5,2095,2435
5,2097,1917
5,2098,864
5,2099,1638
5,2327,942
5,2328,757.3500000001022
5,2334,1891
5,2335,2928
5,2336,3928
5,2337,2629
5,2339,1169
5,2340,3694
5,2343,1084
5,2558,1813
5,2559,1184
5,2560,1406
5,2561,1525
5,2562,704
5,2563,859
5,2564,2490
5,2565,1651
5,2566,1331
5,2567,1816
5,2568,1754
5,2569,842
5,2570,1892
5,2571,769
5,2572,1255
5,2573,884
5,2574,1886
5,2575,1979
5,2576,983
5,2577,1926
5,2578,2243
5,2579,1404.6900000000605
5,2735,1154
5,2737,1302
5,2738,1406
5,2744,1327
5,2745,1614
5,2746,2692
5,2747,1163
5,2748,2150
5,2750,2592
5,2751,1931
5,2752,1620
5,2753,794
5,2754,2586
5,2755,819
5,2756,1140
5,2757,707
5,2758,2065
5,2759,2452
5,2760,2548
5,2761,2139
5,2762,2163
5,2763,1639
5,2764,2442
5,2765,1962
5,2766,1865
5,2767,821
5,2768,1100
5,2769,849
5,2770,2904
5,2771,1067
5,2772,1813
5,2773,1653
5,2774,773
5,2775,1093
5,2776,1018
5,2777,633
5,2778,904
5,2779,2475
5,2780,963
5,2781,1361
5,2782,2465
5,2783,1373
5,2784,1952
5,2785,1324
5,2786,1529
5,2787,1323
5,2788,866
5,2789,2184
5,2790,2639
5,2791,936
5,2792,1715
5,2793,1862
5,2794,2076
5,2795,1969
5,2796,1563
5,2797,1763
5,2798,3088
5,2799,2166
5,2800,1858
5,2801,1045
5,2802,894
5,2910,2726
5,2911,2797
5,2912,1273
5,2913,1393
5,2914,1859
5,2915,1857
5,2916,2246
5,2917,1716
5,2918,1501
5,2919,1350
5,2920,1027
5,2921,2783
5,2922,2850
5,2923,1161
5,2924,2566
5,2925,1134
5,2926,1051
5,2927,1890
5,2928,1359
5,2929,921
5,2930,711
5,2931,1322
5,2932,2566
5,2933,1981
5,2937,1001
5,2938,2596
5,2939,1316
5,2940,734
5,2941,2679
5,2942,1914
5,2947,1058
5,2948,2099
5,2949,620
5,2950,3383
5,2951,1610
5,2952,2169
5,2953,1771
5,2954,931
5,2955,2924
5,2956,2158
5,2957,2744
5,2958,1767
5,2959,1827
5,2960,1896
5,2961,1863
5,2962,1823
5,2963,1894
5,2964,2139
5,2965,2238
5,2966,3095
5,2967,1506
5,2968,1890
5,2969,2431
