0,0,1607.0
0,1,1647.0
0,2,1797.0
0,3,3510.0
0,4,994.0
0,5,1002.0
0,6,909.0
0,7,1224.0
0,8,1103.0
0,9,2893.0
0,10,1927.0
0,11,1507.0
0,13,941.0
0,14,1290.0
0,15,1336.0
0,16,355.5288888876894
0,17,2028.0
0,18,1172.0
0,19,1853.0
0,20,2305.0
0,21,1708.0
0,56,2590.0
0,57,1076.0
0,60,1410.0
0,61,708.0
0,62,1529.0
0,63,434.0
0,64,766.0
0,65,1163.0
0,66,1249.0
0,67,2177.0
0,68,692.0
0,69,1229.0
0,70,1409.0
0,71,1382.0
0,72,1561.0
0,73,483.0
0,74,1494.0
0,75,1275.0
0,76,1332.0
0,77,948.0
0,78,1471.0
0,80,1281.0
0,81,1920.0
0,82,1205.0
0,83,997.0
0,84,1773.0
0,85,903.0
0,86,1322.0
0,87,1910.0
0,88,1307.0
0,89,1457.0
0,90,1083.0
0,91,1493.0
0,92,1412.0
0,93,1637.0
0,94,1657.0
0,95,1211.0
0,96,1165.0
0,97,1283.0
0,98,1317.0
0,99,1372.0
0,118,1100.0
0,147,1415.0
0,148,1138.0
0,149,795.0
0,150,1599.0
0,151,817.0
0,152,1793.0
0,153,1561.0
0,154,1929.0
0,157,1505.0
0,158,1526.0
0,159,1378.0
0,160,1394.0
0,161,989.0
0,162,1572.0
0,163,1109.0
0,164,1402.0
0,291,1939.0
0,307,2624.0
0,308,1408.0
0,309,934.0
0,310,4050.0
0,311,1754.0
0,312,818.0
0,313,2501.0
0,336,1657.0
0,343,1433.0
0,355,1608.0
0,356,2536.0
0,357,2151.0
0,358,1784.0
0,359,1843.0
0,360,1691.0
0,368,1691.0
0,369,1251.0
0,438,1817.0
0,439,1354.0
0,440,1664.0
0,441,2773.0
0,442,977.0
0,443,864.0
0,451,1520.0
0,452,2027.0
0,453,591.0
0,454,4870.0
0,462,976.0
0,519,726.0
0,520,2272.0
0,521,1661.0
0,522,2068.0
0,523,2800.0
0,524,1765.0
0,533,3042.0
0,534,2295.0
0,535,1367.0
0,536,2485.0
0,547,1355.0
0,548,1158.0
0,549,1429.0
0,550,2060.0
0,635,1592.0
0,636,1534.0
0,637,1313.0
0,638,1418.0
0,639,1153.0
0,640,1156.0
0,641,838.0
0,642,1108.0
0,643,1364.0
0,644,1373.0
0,707,1119.0
0,937,2269.0
0,979,1504.0
0,980,646.0
0,981,1284.0
0,1086,1653.0
0,1087,1500.0
0,1088,597.0
0,1235,2383.0
0,1245,2023.0
0,1246,1392.0
0,1247,1074.0
0,1248,1766.0
0,1249,1723.0
0,1288,1764.0
0,1289,1262.0
0,1290,4894.0
0,1294,1672.0
0,1295,510.0
0,1296,1668.0
0,1297,1725.0
0,1298,410.0
0,1299,592.0
0,1300,1047.0
0,1451,2356.0
0,1452,990.0
0,1499,5792.0
0,1536,1125.0
0,1538,1453.0
0,1539,1200.0
0,1640,1862.0
0,1641,2659.0
0,1642,2401.0
0,1643,1400.0
0,1644,1645.0
0,1645,1126.0
0,1646,1229.0
0,1659,1368.0
0,1660,1414.0
0,1661,1598.0
0,1662,1468.0
0,1665,4662.0
0,1715,1181.0
0,1722,1346.0
0,1723,1127.0
0,1724,1390.0
0,1725,1177.0
0,1727,1770.0
0,1728,2027.0
0,1729,1053.0
0,1730,515.0
0,1731,1081.0
0,1733,1036.0
0,1734,619.0
0,1735,860.0
0,1736,1623.0
0,1737,933.0
0,1756,1061.0
0,1762,1124.0
0,1763,770.0
0,1780,1715.0
0,1790,893.0
0,1791,1602.0
0,1792,37.0
0,1793,1065.0
0,1794,1135.0
0,1795,1436.0
0,1796,0.01
0,1797,1718.0
0,1798,1429.0
0,1799,1567.0
0,1800,1315.0
0,1813,1643.0
0,1838,822.0
0,1879,2531.0
0,1880,2551.0
0,1881,835.0
0,1882,1145.0
0,1883,1778.0
0,1884,467.0
0,1885,1926.0
0,1901,1552.0
0,1913,1067.0
0,1955,2451.0
0,1956,2668.0
0,1957,1188.0
0,1958,1396.0
0,1961,1087.0
0,1962,964.0
0,1963,1037.0
0,1964,1047.0
0,1965,1070.0
0,1966,769.0
0,1967,1429.0
0,1968,661.0
0,1969,1170.0
0,1970,1120.0
0,1971,795.0
0,1972,612.0
0,1989,4208.0
0,1993,924.0
0,1994,1662.0
0,1995,1518.0
0,1996,1674.0
0,1997,1219.0
0,1998,1502.0
0,1999,879.0
0,2000,1289.0
0,2024,1183.0
0,2025,1264.0
0,2026,304.0
0,2027,1053.0
0,2028,1845.0
0,2029,1071.0
0,2030,996.0
0,2031,771.0
0,2032,125.0
0,2033,1767.0
0,2034,1518.0
0,2035,1199.0
0,2036,890.0
0,2037,964.0
0,2041,1545.0
0,2042,1582.0
0,2043,1646.0
0,2044,1684.0
0,2045,1574.0
0,2046,2776.0
0,2058,1545.0
0,2059,2861.0
0,2060,0.01
0,2061,766.0
0,2068,1479.0
0,2069,1835.0
0,2070,2795.0
0,2071,733.0
0,2072,26.0
0,2073,1510.0
0,2074,1132.0
0,2077,1173.0
0,2078,1250.0
0,2079,1435.0
0,2080,1270.0
0,2082,1043.0
0,2083,1432.0
0,2084,1319.0
0,2085,1557.0
0,2086,1783.0
0,2087,1795.0
0,2132,1403.0
0,2133,1985.0
0,2135,2323.0
0,2136,417.0
0,2249,207.0
0,2315,1279.0
0,2316,1215.0
0,2317,1231.0
0,2347,1500.0
0,2348,585.0
0,2356,1566.0
0,2368,946.0
0,2369,1335.0
0,2371,1293.0
0,2372,1473.0
0,2373,1343.0
0,2374,2007.0
0,2387,2098.0
0,2401,924.0
0,2410,1234.0
0,2417,1565.0
0,2418,1650.0
0,2537,1073.0
0,2677,1680.0
0,2678,1538.0
0,2679,1033.0
0,2730,564.0
0,2731,1612.0
0,2732,906.0
0,2733,1272.0
0,2737,1046.0
0,2747,1739.0
0,2753,791.0
0,2754,458.0
0,2761,1158.0
0,2764,642.0
0,2780,1771.0
0,2781,1124.0
0,2782,1141.0
0,2783,955.0
0,2784,1294.0
0,2785,723.0
0,2786,1295.0
0,2787,1023.0
0,2788,0.01
0,2789,1367.0
0,2790,1051.0
0,2791,1212.0
0,2792,1643.0
0,2793,1127.0
0,2821,1307.0
0,2822,1134.0
0,2823,2494.0
0,2831,1786.0
0,2832,1586.0
0,2833,1315.0
0,2839,1083.0
0,2840,1609.0
0,2841,853.0
0,2843,2179.0
0,2845,1899.0
0,2866,1891.0
0,2882,1021.0
0,2883,190.0
0,2890,568.0
0,2918,1599.0
0,2919,2086.0
0,2935,1373.0
0,2937,1351.0
0,2938,2178.0
0,2939,1712.0
0,2940,1562.0
0,2976,1846.0
0,2997,1757.0
0,2999,1809.0
0,3000,1477.0
0,3001,2806.0
0,3002,906.0
0,3003,1701.0
0,3033,1528.0
0,3034,1637.0
0,3035,0.01
0,3141,858.0
0,3142,0.01
0,3143,600.0
0,3157,1285.0
0,3158,423.0
0,3159,880.0
0,3160,2293.0
0,3161,1247.0
0,3342,1322.0
0,3374,1349.0
0,3375,1289.0
0,3376,1472.0
0,3377,1652.0
0,3378,1597.0
0,3383,1550.0
0,3386,1259.0
0,3424,1015.0
0,3426,1327.0
0,3427,1542.0
0,3428,1375.0
0,3451,1435.0
0,3452,2148.0
0,3453,2079.0
0,3455,1548.0
0,3456,946.0
0,3457,1671.0
0,3458,858.0
0,3459,1548.0
0,3460,1869.0
0,3461,933.0
0,3462,1486.0
0,3468,1272.0
0,3469,744.0
0,3476,437.0
0,3477,1257.0
0,3478,791.0
0,3479,891.0
0,3480,1104.0
0,3481,903.0
0,3482,2434.0
0,3483,1317.0
0,3485,1963.0
0,3492,905.0
0,3494,1097.0
0,3495,1269.0
0,3496,694.0
0,3514,1757.0
0,3515,1913.0
0,3576,1461.0
0,3593,1832.0
0,3597,1868.0
0,3598,1194.0
0,3610,530.0
0,3611,1117.0
0,3612,995.0
0,3614,87.0
0,3658,3823.0
0,3719,1511.0
0,3720,0.01
0,3721,1757.0
0,3722,1715.0
0,3738,2731.0
0,3748,1734.0
0,3765,1053.0
0,3771,971.0
0,3773,1619.0
0,3781,1201.0
0,3782,1085.0
0,3783,1445.0
0,3784,1345.0
0,3785,689.0
0,3787,971.0
0,3805,1530.0
0,3807,1537.0
0,3808,1522.0
0,3809,1106.0
0,3815,1806.0
0,3816,2509.0
0,3834,2554.0
0,3835,1011.0
0,3836,1645.0
0,3837,769.0
0,3849,1073.0
0,3855,816.0
0,3856,1010.0
0,3857,2065.0
0,3862,1494.0
0,3923,1120.0
0,3996,1159.0
0,4035,1393.0
0,4039,2222.0
0,4040,3188.0
0,4042,1351.0
0,4047,1171.0
0,4052,1551.0
0,4054,939.0
0,4055,492.0
0,4056,2629.0
0,4057,2582.0
0,4058,800.0
0,4059,1671.0
0,4061,950.0
0,4062,751.0
0,4064,778.0
0,4065,1004.0
0,4066,118.0
0,4067,854.0
0,4068,665.0
0,4134,1362.0
0,4140,1260.0
0,4143,868.0
0,4167,1285.0
0,4212,1481.0
0,4224,764.0
0,4227,1457.0
0,4228,1407.0
0,4229,1232.0
0,4230,1586.0
0,4241,1535.0
0,4243,1188.0
0,4244,822.0
0,4245,1165.0
0,4246,681.0
0,4291,1368.0
0,4292,511.0
0,4293,1493.0
0,4312,202.0
0,4397,557.0
0,4416,1145.0
0,4417,1281.0
0,4418,1087.0
0,4421,1097.0
0,4422,1060.0
0,4423,2107.0
0,4424,1744.0
0,4433,1248.0
0,4434,1844.0
0,4435,988.0
0,4436,480.0
0,4437,1570.0
0,4438,679.0
0,4505,896.0
0,4514,751.0
0,4518,1064.0
0,4519,952.0
0,4523,775.0
0,4524,1142.0
0,4553,903.0
0,4575,920.0
0,4610,1123.0
0,4615,957.0
0,4617,1382.0
0,4624,1250.0
0,4626,759.0
0,4627,1466.0
0,4693,1085.0
0,4695,1043.0
0,4696,945.0
0,4758,633.0
0,4762,1022.0
0,4763,1028.0
0,4776,1546.0
0,4777,1462.0
0,4778,1202.0
0,4779,1166.0
0,4819,792.0
0,4820,1136.0
0,4855,964.0
0,4861,930.0
0,4862,1415.0
0,4863,813.0
0,4885,643.0
0,4900,88.0
0,4925,353.0
0,4943,324.0
0,4950,1672.0
0,4962,1047.0
0,4972,1370.0
0,4973,0.01
0,5013,909.0
0,5023,95.0
0,5037,1327.0
0,5041,168.0
0,5059,1456.0
0,5066,5504.0
0,5087,1049.0
0,5139,0.01
8,285,1141.0
8,299,1158.0
8,300,393.0
8,337,1817.0
8,338,223.0
8,339,1428.0
8,353,731.0
8,366,921.0
8,413,155.0
8,461,5257.0
8,463,1044.0
8,464,1804.0
8,465,1288.0
8,466,1468.0
8,467,1589.0
8,489,1502.0
8,490,1562.0
8,491,1419.0
8,492,1361.0
8,493,900.0
8,620,1241.0
8,621,2055.0
8,622,1710.0
8,623,1386.0
8,624,2046.0
8,625,2738.0
8,626,2158.0
8,627,1921.0
8,628,2930.0
8,629,855.0
8,630,1598.0
8,631,1052.0
8,632,1304.0
8,633,1286.0
8,735,1024.0
8,740,2001.0
8,741,1687.0
8,742,1115.0
8,743,1032.0
8,744,1119.0
8,745,1284.0
8,746,1364.0
8,804,1602.0
8,805,961.0
8,806,1170.0
8,840,1346.0
8,904,1447.0
8,905,1901.0
8,906,1383.0
8,907,1394.0
8,1184,1392.0
8,1185,1523.0
8,1186,1496.0
8,1187,2236.0
8,1188,1292.0
8,1189,1186.0
8,1190,1436.0
8,1191,2157.0
8,1192,1517.0
8,1193,1532.0
8,1194,1375.0
8,1195,1939.0
8,1196,1541.0
8,1197,1503.0
8,1203,2598.0
8,1204,2324.0
8,1205,2701.0
8,1206,1542.0
8,1207,2318.0
8,1208,1695.0
8,1209,1615.0
8,1210,1719.0
8,1211,2087.0
8,1250,808.0
8,1251,1537.0
8,1252,745.0
8,1253,1034.0
8,1254,1099.0
8,1255,1686.0
8,1256,1305.0
8,1257,1673.0
8,1258,267.0
8,1277,1094.0
8,1278,924.0
8,1279,1491.0
8,1280,2089.0
8,1281,1568.0
8,1282,1614.0
8,1283,1545.0
8,1284,1436.0
8,1285,1657.0
8,1286,1579.0
8,1287,1322.0
8,1562,1654.0
8,1563,1250.0
8,1564,965.0
8,1565,1515.0
8,1566,1601.0
8,1567,1653.0
8,1568,1875.0
8,1569,1217.0
8,1570,1047.0
8,1571,1440.0
8,1572,2645.0
8,1573,1238.0
8,1574,2110.0
8,1575,1597.0
8,1576,1827.0
8,1577,1799.0
8,1578,2010.0
8,1579,1492.0
8,1580,1519.0
8,1581,2287.0
8,1582,1908.0
8,1633,1143.0
8,1634,1864.0
8,1635,1564.0
8,1636,1678.0
8,1637,986.0
8,1638,1677.0
8,1684,1239.0
8,1685,1308.0
8,1686,2038.0
8,1687,1769.0
8,1688,1733.0
8,1689,1104.0
8,1690,1260.0
8,1691,1215.0
8,1692,1759.0
8,1693,1750.0
8,1694,1042.0
8,1695,1520.0
8,1706,912.0
8,1707,1542.0
8,1708,2227.0
8,1709,795.0
8,1876,425.0
8,1877,575.0
8,1878,1182.0
8,1903,1810.0
8,1906,822.0
8,1907,978.0
8,1908,1639.0
8,1909,620.0
8,1910,913.0
8,1911,1397.0
8,1912,1586.0
8,1920,1993.0
8,1921,1545.0
8,1922,2232.0
8,1923,2092.0
8,1924,1475.0
8,1925,1393.0
8,1926,441.0
8,1927,1901.0
8,1928,1366.0
8,1929,920.0
8,1930,1313.0
8,1931,1350.0
8,1932,1544.0
8,1933,1320.0
8,2040,1114.0
8,2118,1154.0
8,2119,903.0
8,2120,1510.0
8,2121,1399.0
8,2122,222.0
8,2123,1902.0
8,2124,1619.0
8,2125,1045.0
8,2129,1365.0
8,2130,3817.0
8,2141,1774.0
8,2142,1221.0
8,2143,70.0
8,2144,1241.0
8,2145,2025.0
8,2146,1252.0
8,2147,652.0
8,2148,1029.0
8,2149,1537.0
8,2163,1030.0
8,2236,1306.0
8,2238,1293.0
8,2239,1999.0
8,2241,1180.0
8,2242,1487.0
8,2243,1631.0
8,2244,478.5688888979903
8,2245,755.0
8,2246,1654.0
8,2247,1579.0
8,2264,1085.0
8,2265,2224.0
8,2266,1175.0
8,2276,1198.0
8,2277,1449.0
8,2290,1572.0
8,2291,1107.0
8,2292,659.0
8,2318,209.0
8,2319,200.0
8,2354,1209.0
8,2355,616.0
8,2388,1284.0
8,2402,109.0
8,2454,1218.0
8,2455,915.0
8,2456,1945.0
8,2457,1845.0
8,2458,1321.0
8,2459,2063.0
8,2460,1440.0
8,2461,2049.0
8,2489,1731.0
8,2490,1552.0
8,2542,537.0
8,2543,1014.0
8,2544,2065.0
8,2545,1357.0
8,2546,1693.0
8,2547,1737.0
8,2548,1160.0
8,2549,1154.0
8,2550,1667.0
8,2551,2040.0
8,2552,2158.0
8,2553,846.0
8,2554,1536.0
8,2555,1623.0
8,2556,2173.0
8,2557,2231.0
8,2558,1742.0
8,2571,929.0
8,2572,1606.0
8,2573,1702.0
8,2574,1510.0
8,2575,2269.0
8,2576,2062.0
8,2577,923.0
8,2578,1464.0
8,2579,2319.0
8,2580,1734.0
8,2581,1291.0
8,2585,1188.0
8,2586,602.0
8,2617,1443.0
8,2618,1143.0
8,2888,1312.0
8,2920,2373.0
8,2970,803.0
8,2980,1066.0
8,2981,1517.0
8,2982,1939.0
8,2983,1900.0
8,2984,825.0
8,3027,1759.0
8,3028,1755.0
8,3029,1722.0
8,3030,1356.0
8,3031,1274.0
8,3032,981.0
8,3069,2558.0
8,3070,1181.0
8,3079,0.01
8,3089,832.0
8,3090,1933.0
8,3112,234.0
8,3181,1267.0
8,3182,240.0
8,3183,2291.0
8,3184,987.0
8,3185,2373.0
8,3186,1804.0
8,3187,1862.0
8,3188,903.0
8,3191,1362.0
8,3192,1411.0
8,3193,1247.0
8,3205,3232.0
8,3206,1493.0
8,3207,745.0
8,3212,870.0
8,3213,1316.0
8,3214,2008.0
8,3215,2469.0
8,3216,1595.0
8,3217,1501.0
8,3218,1370.0
8,3219,1430.0
8,3297,1137.0
8,3298,372.0
8,3299,1878.0
8,3300,1999.0
8,3301,1902.0
8,3302,1499.0
8,3303,1431.0
8,3335,1583.0
8,3336,15.0
8,3337,1866.0
8,3338,1014.9999999897555
8,3339,440.0
8,3340,311.0
8,3359,1993.0
8,3368,1022.0
8,3369,1733.0
8,3436,1085.0
8,3439,1434.0
8,3440,1942.0
8,3441,1077.0
8,3442,724.0
8,3443,1195.0
8,3444,801.0
8,3445,1311.0
8,3446,1085.0
8,3510,1925.0
8,3511,2171.0
8,3513,1187.0
8,3516,875.0
8,3517,2265.0
8,3518,1154.0
8,3519,1674.0
8,3520,929.0
8,3532,1606.0
8,3533,1297.0
8,3548,2087.0
8,3549,1533.0
8,3550,1295.0
8,3551,2261.0
8,3568,1231.0
8,3595,1563.0
8,3596,841.0
8,3630,983.0
8,3631,1039.0
8,3632,1385.0
8,3643,1059.0
8,3644,1447.0
8,3645,1479.0
8,3646,1126.0
8,3647,1006.0
8,3648,1658.0
8,3674,457.0
8,3675,1123.0
8,3676,934.0
8,3677,1652.0
8,3678,809.0
8,3679,1608.0
8,3680,996.0
8,3681,1488.0
8,3682,1461.0
8,3687,1463.0
8,3688,1535.0
8,3689,1155.0
8,3690,1792.0
8,3691,1736.0
8,3692,1639.0
8,3693,1400.0
8,3703,2081.0
8,3704,1958.0
8,3705,753.0
8,3822,1722.0
8,3853,1716.0
8,3854,1311.0
8,3868,821.0
8,3869,1342.0
8,3870,1014.0
8,3879,2012.0
8,3929,1687.0
8,3930,1518.0
8,3931,1420.0
8,3932,2084.0
8,3933,1050.0
8,3934,1680.0
8,3935,1668.0
8,3938,2305.0
8,3939,975.0
8,3940,834.0
8,3941,884.0
8,3942,0.01
8,3973,1141.0
8,3974,1679.0
8,3975,1200.0
8,3976,1093.0
8,3993,1247.0
8,3994,2614.0
8,3995,1825.0
8,4000,1306.0
8,4001,1174.0
8,4002,954.0
8,4003,1384.0
8,4005,2168.0
8,4006,1638.0
8,4008,1739.0
8,4033,1496.0
8,4081,1161.0
8,4083,519.0
8,4084,208.0
8,4087,1573.0
8,4088,1799.0
8,4089,1928.0
8,4090,1212.0
8,4092,1951.0
8,4101,1465.0
8,4110,995.0
8,4133,0.01
8,4153,1341.0
8,4161,1584.0
8,4162,1210.0
8,4163,567.0
8,4164,985.0
8,4173,1187.0
8,4174,1801.0
8,4175,301.0
8,4176,971.0
8,4177,1187.0
8,4178,1181.0
8,4179,1798.0
8,4180,1224.0
8,4181,905.0
8,4185,979.0
8,4186,1827.0
8,4192,994.0
8,4261,242.0
8,4262,1254.0
8,4289,1450.0
8,4290,1488.0
8,4305,1549.0
8,4334,1057.0
8,4335,1771.0
8,4337,1095.0
8,4338,1497.0
8,4339,1947.0
8,4342,1301.0
8,4343,1351.0
8,4344,1499.0
8,4345,922.0
8,4346,1162.0
8,4368,1297.0
8,4388,1358.0
8,4410,1527.0
8,4411,1920.0
8,4412,1249.0
8,4413,1188.0
8,4415,1194.0
8,4442,2141.0
8,4444,1682.0
8,4445,1140.0
8,4459,782.0
8,4480,1254.0
8,4490,117.0
8,4491,2589.0
8,4492,1990.0
8,4493,1963.0
8,4494,1318.0
8,4501,1514.0
8,4502,997.0
8,4573,1709.0
8,4576,2200.0
8,4577,1010.0
8,4578,39.0
8,4592,898.0
8,4593,1358.0
8,4597,1541.0
8,4600,942.0
8,4601,1662.0
8,4612,1084.0
8,4623,1375.0
8,4634,1803.0
8,4636,1855.0
8,4637,1290.0
8,4638,944.0
8,4649,1225.0
8,4650,1589.0
8,4674,1843.0
8,4675,1250.0
8,4676,1798.0
8,4677,1254.0
8,4678,1156.0
8,4702,317.0
8,4706,1024.0
8,4738,980.0
8,4746,1606.0
8,4753,850.0
8,4757,1281.0
8,4767,1104.0
8,4768,1431.0
8,4769,2006.0
8,4770,1106.0
8,4774,1512.0
8,4783,1417.0
8,4784,910.0
8,4785,1508.0
8,4790,936.0
8,4795,1853.0
8,4803,1069.0
8,4804,1005.0
8,4805,731.0
8,4807,868.0
8,4834,1381.0
8,4837,1962.0
8,4840,902.0
8,4846,1486.0
8,4847,2008.0
8,4854,1335.0
8,4873,1445.0
8,4874,822.0
8,4876,1673.0
8,4904,1046.0
8,4905,808.0
8,4909,1723.0
8,4911,1353.0
8,4913,1722.0
8,4924,2204.0
8,4928,1408.0
8,4932,1249.0
8,4936,848.0
8,4940,1691.0
8,4963,1377.0
8,4964,29.0
8,4966,1331.0
8,4967,1088.0
8,4980,804.0
8,5001,1216.0
8,5008,286.0
8,5012,1799.0
8,5015,1105.0
8,5018,2035.0
8,5029,875.0
8,5034,1043.0
8,5044,1001.0
8,5045,1417.0
8,5046,1539.0
8,5058,1338.0
8,5060,806.0
8,5061,1208.0
8,5062,52.0
8,5063,1790.0
8,5071,1427.0
8,5103,1315.0
8,5104,1271.0
8,5107,1569.0
8,5113,959.0
8,5125,97.0
8,5127,11.0
8,5128,0.01
8,5138,920.0
8,5151,3.0
4,39,2427.0
4,42,1354.0
4,43,1628.0
4,44,1942.0
4,45,1674.0
4,46,2108.0
4,47,1501.0
4,48,1234.0
4,49,1297.0
4,100,1091.0
4,102,1523.0
4,123,972.0
4,130,832.0
4,180,1320.0
4,181,1263.0
4,188,1091.0
4,189,1496.0
4,195,362.0
4,201,1231.0
4,202,689.0
4,204,460.0
4,207,4644.0
4,208,1363.0
4,286,1424.0
4,287,2531.0
4,288,1407.0
4,367,843.0
4,377,1941.0
4,406,1100.0
4,408,819.0
4,410,1009.0
4,411,525.0
4,412,2504.0
4,456,1558.0
4,477,1105.0
4,478,976.0
4,479,1536.0
4,575,810.0
4,576,1231.0
2,577,524.0
4,587,1198.0
4,588,1880.0
4,589,1503.0
4,590,1354.0
4,591,2051.0
4,592,1872.0
4,593,1491.0
4,594,2096.0
4,595,1767.0
4,607,763.0
4,608,1084.0
4,610,1717.0
4,614,1205.0
4,700,556.0
4,701,616.0
4,702,1309.0
4,703,1103.0
4,716,815.0
4,717,888.0
4,781,1117.0
4,782,635.0
4,783,1513.0
4,784,954.0
4,785,1422.0
4,786,1631.0
4,787,1283.0
4,788,825.0
4,789,1855.0
4,790,1058.0
4,791,570.0
4,793,2646.0
4,794,3056.0
4,795,1509.0
4,814,1712.0
4,826,2442.0
4,827,2534.0
4,828,595.0
4,829,1466.0
4,841,1129.0
4,842,1332.0
4,847,1041.0
4,848,796.0
4,873,1084.0
4,874,1055.0
4,875,843.0
4,876,648.0
4,877,664.0
4,878,1050.0
4,879,1127.0
4,880,817.0
4,919,1201.0
4,920,601.0
4,921,940.0
4,922,2061.0
4,923,1187.0
4,924,496.0
4,925,1255.0
4,926,1034.0
4,927,950.0
4,928,1598.0
4,929,625.0
4,956,883.0
4,957,2112.0
4,1045,982.0
4,1046,1454.0
4,1047,1311.0
4,1078,576.0
4,1079,1312.0
4,1080,1060.0
4,1081,1704.0
4,1125,951.0
4,1126,1050.0
4,1199,1148.0
4,1200,1030.0
4,1201,526.0
4,1202,826.0
4,1232,937.0
4,1233,1024.0
4,1234,1091.0
4,1238,558.0
4,1239,945.0
4,1240,943.0
4,1261,1528.0
4,1262,1176.0
4,1263,798.0
4,1264,1010.0
4,1333,904.0
4,1334,1163.0
4,1335,1386.0
4,1336,1521.0
4,1337,1323.0
4,1338,1888.0
4,1339,1296.0
4,1340,1913.0
4,1344,2825.0
4,1347,1223.0
4,1416,1778.0
4,1417,624.0
4,1418,1124.0
4,1436,1152.0
4,1437,1847.0
4,1438,884.0
4,1439,1002.0
4,1440,2108.0
4,1441,1618.0
4,1442,1494.0
4,1443,1333.0
4,1444,1902.0
4,1445,1002.0
4,1488,1151.0
4,1492,1718.0
4,1676,1843.0
4,1677,1909.0
4,1678,1672.0
4,1680,769.0
4,1681,2746.0
4,1710,732.0
4,1809,942.0
4,1810,894.0
4,1824,1605.0
4,1825,1770.0
4,1839,859.0
4,1840,1289.0
4,1841,2164.0
4,1842,1697.0
4,1843,1018.0
4,1844,729.0
4,1856,1360.0
4,1857,1311.0
4,1858,1319.0
4,1863,1160.0
4,1864,1137.0
4,1865,637.0
4,1866,1271.0
4,1867,917.0
4,1870,1199.0
4,1871,1393.0
4,1886,1327.0
4,1887,3994.0
4,1888,904.0
4,1889,1704.0
4,1890,4830.0
4,1894,786.0
4,1895,3399.0
4,1896,3149.0
4,1914,901.0
4,2011,1441.0
4,2012,284.0
4,2019,968.0
4,2020,1541.0
4,2021,493.0
4,2054,739.0
4,2055,509.0
4,2056,932.0
4,2057,1934.0
4,2075,1210.0
4,2126,4351.0
4,2127,916.0
4,2128,1715.0
4,2152,2969.0
4,2153,665.0
4,2154,1532.0
4,2155,1333.0
4,2159,1272.0
4,2160,945.0
4,2161,639.0
4,2184,1398.0
4,2185,1729.0
4,2186,2257.0
4,2187,1584.0
4,2188,1735.0
4,2189,1507.0
4,2190,1662.0
4,2191,1666.0
4,2192,927.0
4,2227,1624.0
4,2228,3803.0
4,2229,1484.0
4,2230,4552.0
4,2248,624.0
4,2250,523.0
4,2251,1711.0
4,2278,1197.0
4,2279,233.0
4,2280,865.0
4,2289,1509.0
4,2295,667.0
4,2311,1758.0
4,2312,1611.0
4,2313,1288.0
4,2314,1120.0
4,2322,801.0
4,2323,1006.0
4,2327,448.0
4,2328,1019.0
4,2329,852.0
4,2351,731.0
4,2376,1832.0
4,2377,1675.0
4,2383,2406.0
4,2384,388.0
4,2385,2627.0
4,2386,975.0
4,2407,1325.0
4,2416,1706.0
4,2419,1109.0
4,2431,1118.0
4,2432,1231.0
4,2433,1169.0
4,2438,1372.0
4,2439,2144.0
4,2441,1734.0
4,2476,1145.0
4,2485,831.0
4,2486,351.0
4,2488,966.0
4,2497,1903.0
4,2505,1141.0
4,2511,1276.0
4,2514,245.0
4,2522,1482.0
4,2523,932.0
4,2528,1246.0
4,2541,764.0
4,2564,304.0
4,2569,1856.0
4,2570,802.0
4,2599,1423.0
4,2600,2321.0
4,2601,1519.0
4,2628,1597.0
4,2638,822.0
4,2652,1302.0
4,2653,1183.0
4,2655,1318.0
4,2656,1732.0
4,2657,1319.0
4,2659,1231.0
4,2660,1457.0
4,2661,1578.0
4,2662,1679.0
4,2663,991.0
4,2664,1413.0
4,2665,1146.0
4,2666,660.0
4,2667,1080.0
4,2672,1276.0
4,2673,1059.0
4,2674,1260.0
4,2675,755.0
4,2676,829.0
4,2680,1051.0
4,2681,804.0
4,2682,1852.0
4,2685,1628.0
4,2686,2427.0
4,2687,1330.0
4,2689,1294.0
4,2718,1604.0
4,2719,1714.0
4,2720,1194.0
4,2721,1118.0
4,2722,2058.0
4,2723,706.0
4,2724,1170.0
4,2725,878.0
4,2726,1413.0
4,2727,2377.0
4,2728,374.0
4,2729,862.0
4,2734,971.0
4,2735,1089.0
4,2736,2242.0
4,2738,675.0
4,2739,1420.0
4,2740,1245.0
4,2741,783.0
4,2742,1148.0
4,2743,660.0
4,2744,1217.0
4,2745,1194.0
4,2746,1418.0
4,2748,846.0
4,2749,1705.0
4,2750,1116.0
4,2755,1071.0
4,2771,1600.0
4,2773,2458.0
4,2774,1147.0
4,2775,3245.0
4,2776,1004.0
4,2777,317.0
4,2778,2594.0
4,2779,1716.0
4,2802,1402.0
4,2803,1450.0
4,2806,2213.0
4,2807,1094.0
4,2808,1147.0
4,2809,1195.0
4,2844,1429.0
4,2849,869.0
4,2855,1945.0
4,2856,1655.0
4,2874,1051.0
4,2875,404.0
4,2889,787.0
4,2917,1753.0
4,2921,1609.0
4,2936,1392.0
4,2971,2708.0
4,2973,610.0
4,2975,1791.0
4,3013,964.0
4,3017,1159.0
4,3018,852.0
4,3019,1691.0
4,3020,1439.0
4,3023,1013.0
4,3077,902.0
4,3078,1038.0
4,3083,1266.0
4,3084,1547.0
4,3102,920.0
4,3152,1083.0
4,3189,1152.0
4,3190,925.0
4,3201,1400.0
4,3202,1066.0
4,3252,1000.0
4,3323,492.0
4,3350,1470.1277777754967
4,3357,60.0
4,3366,757.0
4,3399,1236.0
4,3400,0.01
4,3401,589.0
4,3402,988.0
4,3409,1131.0
4,3414,1686.0
4,3416,1581.0
4,3417,1763.0
4,3420,951.0
4,3421,1357.0
4,3422,906.0
4,3423,1088.0
4,3429,762.0
4,3430,748.0
4,3475,1998.0
4,3493,647.0
4,3505,545.0
4,3512,928.0
4,3521,842.0
4,3523,1072.0
4,3524,733.0
4,3530,1284.0
4,3531,0.01
4,3534,877.0
4,3554,1952.0
4,3575,343.0
4,3579,952.0
4,3582,955.0
4,3599,1083.0
4,3600,1896.0
4,3601,2022.0
4,3613,805.0
4,3619,718.0
4,3620,590.0
4,3623,1214.0
4,3624,1390.0
4,3629,1314.0
4,3642,1423.0
4,3650,1572.0
4,3651,1258.0
4,3657,2097.0
4,3662,1013.0
4,3668,1609.0
4,3669,1928.4511111122565
4,3686,938.0
4,3699,1464.0
4,3702,2070.0
4,3714,1547.0
4,3715,1588.0
4,3717,730.0
4,3718,1434.0
4,3723,2019.0
4,3736,1738.0
4,3737,776.0
4,3739,1444.0
4,3740,400.0
4,3751,1176.0
4,3752,1212.0
4,3753,1365.0
4,3754,1255.0
4,3755,2385.0
4,3756,655.0
4,3757,20.0
4,3758,1433.0
4,3778,340.0
4,3803,2749.0
4,3804,2020.0
4,3838,2019.0
4,3840,697.0
4,3872,1757.0
4,3873,628.0
4,3875,1124.0
4,3880,223.0
4,3887,922.0
4,3894,1162.0
4,3895,3558.0
4,3896,1355.0
4,3917,1369.0
4,3921,743.0
4,3922,819.0
4,3936,1190.0
4,3937,1174.0
4,3944,1076.0
4,3953,1188.0
4,3954,2095.0
4,4007,928.0
4,4012,621.0
4,4013,1165.0
4,4024,1288.0
4,4028,1187.0
4,4031,491.0
4,4032,145.0
4,4034,1094.0
4,4051,1037.0
4,4097,830.0
4,4119,992.0
4,4126,802.0
4,4136,1588.0
4,4139,1642.0
4,4148,447.0
4,4151,1205.0
4,4156,1212.0
4,4158,1390.0
4,4159,1225.0
4,4160,1382.0
4,4184,1393.0
4,4189,1622.0
4,4190,1003.0
4,4203,1397.0
4,4204,1134.0
4,4208,1455.0
4,4210,782.0
4,4211,857.0
4,4213,1598.0
4,4214,1390.0
4,4222,1701.0
4,4223,1422.0
4,4225,1879.0
4,4226,1336.0
4,4237,1091.0
4,4238,12.0
4,4242,1404.0
4,4251,1178.0
4,4260,1292.0
4,4263,380.0
4,4277,959.0
4,4280,299.0
4,4287,934.0
4,4288,836.0
4,4336,1399.0
4,4340,479.0
4,4379,480.0
4,4394,1756.0
4,4399,1455.0
4,4406,1104.0
4,4407,638.0
4,4408,1642.0
4,4414,363.0
4,4450,1728.0
4,4458,1086.0
4,4460,1470.0
4,4476,1991.0
4,4477,910.0
4,4479,1298.0
4,4486,603.0
4,4487,1329.0
4,4488,1981.0
4,4511,1366.0
4,4512,1086.0
4,4513,718.0
4,4515,1407.0
4,4520,982.0
4,4522,1424.0
4,4526,1489.0
4,4540,986.0
4,4554,1228.0
4,4561,684.0
4,4588,1278.0
4,4602,880.0
4,4605,1119.0
4,4609,1709.0
4,4622,383.0
4,4635,1129.0
4,4651,2807.0
4,4655,944.0
4,4663,1729.0
4,4664,1083.0
4,4684,325.0
4,4685,836.0
4,4689,745.0
4,4690,797.0
4,4691,903.0
4,4722,1387.0
4,4730,1544.0
4,4740,1926.0
4,4766,2006.0
4,4773,98.0
4,4799,1040.0
4,4802,1259.0
4,4808,811.0
4,4810,1491.0
4,4812,1713.0
4,4813,1290.0
4,4814,1307.0
4,4815,828.0
4,4816,257.0
4,4817,1041.0
4,4818,1009.0
4,4842,1830.0
4,4843,1217.0
4,4858,1515.0
4,4872,671.0
4,4880,1529.0
4,4881,663.0
4,4882,962.0
4,4906,657.0
4,4923,1473.0
4,4946,1069.0
4,4947,1658.0
4,4948,934.0
4,4979,694.0
4,4981,1337.0
4,4982,1355.0
4,4998,1281.0
4,4999,638.0
4,5011,1522.0
4,5017,681.0
4,5035,254.0
4,5036,946.0
4,5038,1775.0
4,5043,1297.0
4,5048,1294.0
4,5049,969.0
4,5052,1993.0
4,5057,872.0
4,5084,978.0
4,5090,411.0
4,5091,247.0
4,5093,800.0
4,5098,1773.0
4,5134,0.01
4,5142,29.0
7,196,1821.0
7,197,1090.0
7,198,1964.0
7,199,2128.0
7,213,1448.0
7,214,3404.0
7,215,2437.0
7,216,2225.0
7,217,2081.0
7,218,3385.0
7,219,1749.0
7,220,1654.0
7,226,1412.0
7,227,2011.0
7,229,1304.0
7,230,1367.0
7,231,915.0
7,232,1258.0
7,235,1728.0
7,236,526.0
7,237,1308.0
7,238,1911.0
7,239,1630.0
7,241,1738.0
7,244,1086.0
7,245,1401.0
7,246,1390.0
7,249,2290.0
7,250,2218.0
7,251,1635.0
7,262,3753.0
7,263,1941.0
7,264,3126.0
7,267,2361.0
7,268,1782.0
7,269,1313.0
7,270,1270.0
7,271,1488.0
7,273,1826.0
7,274,1277.0
7,275,1196.0
7,276,912.0
7,277,670.0
7,278,870.0
7,279,1985.0
7,280,1364.0
7,281,1485.0
7,282,943.0
7,283,1502.0
7,314,1968.0
7,329,2948.0
7,330,3264.0
7,331,2421.0
7,332,1405.0
7,364,1726.0
7,365,1919.0
7,370,1312.0
7,371,1978.0
7,372,2046.0
7,375,1800.0
7,381,872.0
7,382,2321.0
7,383,1999.0
7,389,1865.0
7,487,1450.0
7,488,2718.0
7,496,2017.0
7,497,1589.0
7,498,1727.0
7,500,1227.0
7,501,1304.0
7,505,2707.0
7,506,3964.0
7,507,1708.0
7,508,1254.0
7,509,1136.0
7,510,863.0
7,512,754.0
7,513,2218.0
7,514,1590.0
7,515,1673.0
7,559,534.0
7,560,1530.0
7,561,1677.0
7,562,948.0
7,564,1400.0
7,567,3256.0
7,570,2628.0
7,571,821.0
7,572,1005.0
7,573,940.0
7,574,1439.0
7,648,1408.0
7,654,2190.0
7,655,953.0
7,661,3564.0000000000005
7,662,1374.0
7,663,1438.0
7,671,1815.0
7,672,2148.0
7,673,880.0
7,674,1319.0
7,675,1417.0
7,676,1825.0
7,678,1510.0
7,679,1501.0
7,680,3678.0
7,681,1776.0
7,682,1752.0
7,683,1336.0
7,684,832.0
7,685,1384.0
7,686,1544.0
7,687,1322.0
7,688,1694.0
7,690,2386.0
7,691,1835.0
7,692,2332.0
7,693,1384.0
7,698,1703.0
7,719,1178.0
7,720,2864.0
7,721,3180.0000000000005
7,722,1158.0
7,723,2635.0
7,725,2379.0
7,727,1319.0
7,728,961.0
7,756,2048.0
7,757,1038.0
7,758,690.0
7,759,1619.0
7,770,1051.0
7,861,1826.0
7,863,1975.0
7,865,1555.0
7,866,1549.0
7,867,2026.0
7,868,2808.0
7,869,1436.0
7,870,1807.0
7,871,1244.0
7,872,924.0
7,892,2155.0
7,941,1791.0
7,944,638.0
7,945,695.0
7,947,2218.0
7,948,2093.0
7,950,2348.0
7,951,1853.0
7,952,1442.0
7,953,1070.0
7,954,1306.0
7,955,1042.0
7,1013,1081.0
7,1014,1587.0
7,1093,1468.0
7,1094,103.0
7,1095,1887.0
7,1096,1787.0
7,1105,903.0
7,1137,1223.0
7,1140,1509.0
7,1143,1130.0
7,1144,1144.0
7,1149,1565.0
7,2009,1730.0
7,2010,1592.0
7,2096,1812.0
7,2098,1523.0
7,2099,1090.0
7,2100,981.0
7,2102,1728.0
7,2103,2182.0
7,2113,1035.0
7,2114,1104.0
7,2115,1062.0
7,2116,1950.0
7,2117,1055.0
7,2166,2999.0
7,2167,1449.0
7,2168,974.0
7,2169,1441.0
7,2170,1353.0
7,2171,895.0
7,2172,408.0
7,2173,1568.0
7,2174,961.0
7,2175,851.0
7,2176,1334.0
7,2177,1532.0
7,2178,1366.0
7,2179,1692.0
7,2193,1664.0
7,2194,1724.0
7,2195,2203.0
7,2196,2023.0
7,2197,1622.0
7,2198,1694.0
7,2201,1622.0
7,2202,1242.0
7,2203,2552.0
7,2204,1287.0
7,2207,1687.0
7,2208,1820.0
7,2209,1267.0
7,2210,1339.0
7,2211,1311.0
7,2214,1257.0
7,2215,4545.0
7,2216,4730.0
7,2220,1182.0
7,2221,1463.0
7,2222,674.0
7,2223,740.0
7,2224,2042.0
7,2226,1154.0
7,2255,1357.0
7,2256,1280.0
7,2257,2072.0
7,2258,1513.0
7,2259,807.0
7,2305,1530.0
7,2306,1810.0
7,2310,1373.0
7,2342,1894.0
7,2344,1114.0
7,2390,1814.0
7,2391,1686.0
7,2392,1711.0
7,2393,1827.0
7,2394,523.0
7,2426,735.0
7,2428,1243.0
7,2429,844.0
7,2443,1721.0
7,2500,480.0
7,2878,1549.0
7,2879,1683.0
7,2880,1793.0
7,2881,1792.0
7,2885,1921.0
7,2886,1295.0
7,2893,1294.0
7,2894,1931.0
7,2895,1037.0
7,2896,1541.0
7,2897,1170.0
7,2898,1616.0
7,2899,1827.0
7,2902,785.0
7,2904,1481.0
7,2905,1090.0
7,2906,1814.0
7,2907,1433.0
7,2913,2241.0
7,2914,1468.0
7,2915,1266.0
7,2916,1923.0
7,2930,1837.0
7,2945,1687.0
7,2947,2001.0
7,2950,1739.0
7,2962,1612.0
7,2963,1244.0
7,2964,1344.0
7,2979,1246.0
7,2985,1022.0
7,2986,1678.0
7,2988,2097.0
7,2989,1692.0
7,2990,1185.0
7,2991,1736.0
7,2992,1386.0
7,2993,1631.0
7,2994,1709.0
7,2995,889.0
7,3007,3084.9999999999995
7,3008,2209.0
7,3012,617.3155555510409
7,3036,1284.0
7,3037,1433.0
7,3043,1376.0
7,3044,1547.0
7,3047,995.0
7,3048,2322.0
7,3049,3296.0000000000005
7,3050,2034.0
7,3051,1718.0
7,3053,2607.0
7,3062,708.0
7,3071,1128.0
7,3082,577.0
7,3095,1128.0
7,3096,2119.0
7,3097,1987.0
7,3098,1478.0
7,3099,3302.0
7,3100,1739.0
7,3101,1615.0
7,3123,1948.0
7,3124,1847.0
7,3125,2079.0
7,3126,1368.0
7,3140,1511.0
7,3147,561.0
7,3148,1364.0
7,3498,1802.0
7,3499,1295.0
7,3500,1699.0
7,3501,1439.0
7,3502,1139.0
7,3504,842.0
7,3506,1160.0
7,3507,648.0
7,3525,1876.0
7,3529,1232.0
7,3536,1221.0
7,3537,1952.0
7,3538,1580.0
7,3539,1670.0
7,3540,1784.0
7,3541,1197.0
7,3542,1548.0
7,3545,1107.0
7,3546,1176.0
7,3556,823.0
7,3557,2039.0
7,3558,1443.0
7,3559,1979.0
7,3583,1364.0
7,3584,1509.0
7,3588,1113.0
7,3602,2428.0
7,3604,1258.0
7,3615,1064.0
7,3616,1306.0
7,3617,825.0
7,3622,854.0
7,3663,1085.0
7,3794,813.0
7,3795,1610.0
7,3796,1766.0
7,3800,1945.0
7,3801,1294.0
7,3802,1522.0
7,3810,1651.0
7,3820,793.0
7,3821,2253.0
7,3823,1609.0
7,3825,1862.0
7,3842,1363.0
7,3843,1171.0
7,3844,2529.0
7,3845,1720.0
7,3846,1442.0
7,3851,1386.0
7,3860,1381.0
7,3866,1460.0
7,3867,1910.0
7,3884,1870.0
7,3885,2577.0
7,3886,1648.0
7,3891,2505.0
7,3899,1680.0
7,3911,1475.0
7,3912,1359.0
7,3924,2055.0
7,3927,1661.0
7,4069,1340.0
7,4072,1222.0
7,4074,2343.0
7,4075,1041.0
7,4076,1520.0
7,4080,1576.0
7,4091,498.0
7,4093,1200.0
7,4094,1183.0
7,4096,1107.0
7,4100,1817.0
7,4105,1352.0
7,4127,1409.0
7,4128,1112.0
7,4131,1046.0
7,4141,1551.0
7,4142,1432.0
7,4147,1507.0
7,4149,914.0
7,4183,976.0
7,4252,1587.0
7,4253,1958.0
7,4254,1572.0
7,4258,1724.0
7,4259,668.0
7,4264,2016.0
7,4267,1020.0
7,4268,1737.0
7,4269,1151.0
7,4270,639.0
7,4271,2555.0
7,4283,1258.0
7,4284,717.0
7,4295,1267.0
7,4296,1407.0
7,4297,1393.0
7,4301,1774.0
7,4302,1387.0
7,4318,1014.0
7,4330,637.0
7,4427,2079.0
7,4428,1524.0
7,4439,1035.0
7,4440,790.0
7,4441,1003.0
7,4447,1146.0
7,4449,698.0
7,4451,1384.0
7,4454,2495.0
7,4455,2301.0
7,4456,1528.0
7,4457,826.0
7,4472,1820.0
7,4537,1734.0
7,4539,1082.0
7,4542,786.0
7,4549,687.0
7,4550,272.0
7,4551,1215.0
7,4552,1761.0
7,4560,1763.0
7,4630,1359.0
7,4631,1045.0
7,4632,723.0
7,4633,730.0
7,4640,1463.0
7,4641,1377.0
7,4642,1233.0
7,4643,942.0
7,4647,850.0
7,4648,1269.0
7,4660,1244.0
7,4668,780.0
7,4669,1062.0
7,4698,765.0
7,4699,1020.0
7,4700,2492.0
7,4704,1179.0
7,4705,1313.0
7,4727,938.0
7,4729,1720.0
7,4780,1967.0
7,4788,920.0
7,4789,1640.0
7,4796,764.0
7,4797,621.0
7,4823,184.2933333367398
7,4825,1360.0
7,4826,2043.0
7,4828,1672.0
7,4831,803.0
7,4864,1253.0
7,4867,979.0
7,4868,1311.0
7,4890,2272.0
7,4891,1478.0
7,4894,1424.0
7,4899,1795.0
7,4927,1031.0
7,4931,998.0
7,4934,1365.0
7,4960,843.0
7,4975,1129.0
7,4976,2161.0
7,4978,729.0
7,4986,1402.0
7,4989,931.0
7,4994,970.0
7,4995,3485.0
7,5000,795.0
7,5021,231.0
7,5027,817.0
7,5040,2612.0
7,5051,1079.0
7,5053,1239.0
7,5070,1137.0
7,5076,674.0
7,5080,524.0
7,5085,974.0
7,5088,88.0
7,5089,807.0
7,5100,889.0
7,5105,677.0
7,5122,873.0
7,5131,681.0
7,5132,953.0
7,5145,921.0
3,33,1332.0
3,34,3408.0
3,40,703.0
3,41,1604.0
3,190,3224.0
3,191,2492.0
3,209,86.0
3,210,1225.0
3,211,1188.0
3,212,1824.0
3,221,2199.0
3,222,2720.0
3,223,2293.0
3,224,1686.0
3,225,2268.0
3,228,1589.0
3,233,2405.0
3,234,800.0
3,240,2111.0
3,242,2501.0
3,243,2519.0
3,248,1985.0
3,261,2375.0
3,265,2025.0
3,266,2577.0
3,284,1110.0
3,315,2465.0
3,316,1637.0
3,317,2110.0
3,318,2233.0
3,319,1966.0
3,320,1400.0
3,321,0.01
3,322,1589.0
3,323,2755.0
3,326,2079.0
3,327,2364.0
3,328,2342.0
3,373,468.0
3,374,1694.0
3,384,1785.0
3,385,2181.0
3,386,2051.0
3,387,2521.0
3,388,1497.0
3,450,386.0
3,480,1617.0
3,481,848.0
3,482,1476.0
3,483,1057.0
3,484,1258.0
3,485,2580.0
3,486,1550.0
3,494,3084.0
3,495,3294.0
3,502,1647.0
3,503,1413.0
3,504,3959.0
3,511,853.0
3,616,1166.0
3,617,1765.0
3,618,1327.0
3,619,1897.0
3,670,2759.0
3,677,895.0
3,708,5312.0
3,709,1414.0
3,729,911.0
3,730,612.0
3,731,356.0
3,732,928.0
3,733,1696.0
3,734,1519.0
3,754,1522.0
3,755,1683.0
3,760,215.0
3,761,1662.0
3,762,2789.0
3,763,847.0
3,764,2224.0
3,765,1421.0
3,766,1579.0
3,767,1301.0
3,768,987.0
3,769,3316.0
3,771,857.0
3,772,2619.0
3,773,1271.0
3,774,671.0
3,775,726.0
3,776,2968.0
3,777,1487.0
3,778,1253.0
3,779,1617.0
3,780,950.0
3,797,1292.0
3,798,877.0
3,799,1167.0
3,800,801.0
3,822,1114.0
3,823,3613.0
3,824,842.0
3,825,2107.0
3,833,2692.0
3,834,1774.0
3,835,2420.0
3,836,2371.0
3,837,2792.0
3,838,2592.0
3,839,1360.0
3,849,1678.0
3,850,580.0
3,851,928.0
3,852,2033.0
3,853,1300.0
3,854,1090.0
3,855,1659.0
3,862,2566.0
3,864,2374.0
3,942,3258.0
3,943,2202.0
3,946,2564.0
3,949,3086.0
3,1010,1428.0
3,1011,596.0
3,1012,429.0
3,1027,843.0
3,1028,783.0
3,1236,1518.0
3,1237,1932.0
3,1241,875.0
3,1242,1233.0
3,1243,1240.0
3,1244,1310.0
3,1260,820.0
3,1265,1112.0
3,1266,441.0
3,1302,825.0
3,1303,932.0
3,1306,1577.0
3,1308,2384.0
3,1309,5903.0
3,1356,2106.0
3,1390,1927.0
3,1391,1499.0
3,1392,4373.0
3,1393,543.0
3,1394,1269.0
3,1410,2083.0
3,1411,1945.0
3,1412,1636.0
3,1413,2332.0
3,1414,1690.0
3,1415,1399.0
3,1431,1009.0
3,1432,1225.0
3,1433,1298.0
3,1434,1903.0
3,1435,2393.0
3,1446,981.0
3,1447,2067.0
3,1448,2521.0
3,1449,1272.0
3,1483,721.0
3,1530,778.0
3,1531,844.0
3,1673,1375.0
3,1674,1451.0
3,1675,2297.0
3,1704,453.0
3,1705,2718.0
3,1959,1069.0
3,1960,1318.0
3,2006,1274.0
3,2007,1288.0
3,2008,2034.0
3,2048,1397.0
3,2049,1493.0
3,2050,1117.0
3,2051,1030.0
3,2052,1198.0
3,2053,962.0
3,2089,753.0
3,2090,1583.0
3,2091,1024.0
3,2092,1380.0
3,2093,1171.0
3,2094,1385.0
3,2095,1215.0
3,2097,2271.0
3,2101,1335.0
3,2104,2056.0
3,2105,2239.0
3,2106,1968.0
3,2164,1341.0
3,2165,1400.0
3,2199,1364.0
3,2200,1337.0
3,2212,2687.0
3,2213,1021.0
3,2218,1748.0
3,2219,1604.0
3,2225,1445.0
3,2233,1298.0
3,2234,1564.0
3,2235,1381.0
3,2261,2634.0
3,2262,1146.0
3,2274,1842.0
3,2275,1246.0
3,2332,2087.0
3,2379,1121.0
3,2412,1221.0
3,2414,1399.0
3,2440,554.0
3,2442,1393.0
3,2449,1372.0
3,2450,405.0
3,2451,628.0
3,2452,487.0
3,2464,1713.0
3,2465,976.0
3,2466,3799.0
3,2467,919.0
3,2468,708.0
3,2471,983.0
3,2472,827.0
3,2477,2367.0
3,2478,2058.0
3,2479,942.0
3,2480,1651.0
3,2481,1951.0
3,2482,2409.0
3,2484,1068.0
3,2499,3871.0
3,2501,1356.0
3,2502,2355.0
3,2503,1349.0
3,2504,1127.0
3,2515,1427.0
3,2516,30.0
3,2517,2280.0
3,2518,2057.0
3,2519,2616.0
3,2536,1942.0
3,2595,1651.0
3,2596,1977.0
3,2627,949.0
3,2629,1632.0
3,2633,1823.0
3,2688,1164.0
3,2835,1367.0
3,2891,1847.0
3,2892,1757.0
3,2900,1130.0
3,2901,1400.0
3,2903,2473.0
3,2926,1568.0
3,2927,1557.0
3,2928,1439.0
3,2929,2337.0
3,2932,2222.0
3,2943,2207.0
3,2944,1740.0
3,2946,1433.0
3,2948,1600.0
3,2949,1568.0
3,2960,1787.0
3,2961,0.01
3,2978,726.0
3,2987,1509.0
3,3045,1017.0
3,3046,2439.0
3,3052,2278.0
3,3061,1633.0
3,3063,1220.0
3,3064,1724.0
3,3065,2399.0
3,3066,1972.0
3,3067,2141.0
3,3072,972.0
3,3073,702.0
3,3074,1358.0
3,3075,1133.0
3,3076,515.0
3,3092,1777.0
3,3093,1249.0
3,3149,3378.0
3,3150,2285.0
3,3204,914.0
3,3209,1218.0
3,3210,1575.0
3,3222,1084.0
3,3223,768.0
3,3224,979.0
3,3225,2012.0
3,3229,1216.0
3,3230,912.0
3,3231,1476.0
3,3232,1370.0
3,3236,860.0
3,3238,1785.0
3,3241,814.0
3,3242,1097.0
3,3243,1189.0
3,3251,2101.0
3,3253,1331.0
3,3254,1822.0
3,3262,1335.0
3,3265,924.0
3,3292,1265.0
3,3293,1408.0
3,3294,1305.0
3,3295,2385.0
3,3308,1203.0
3,3349,1305.0
4,3350,53.872222224503275
3,3351,1217.0
3,3454,917.0
3,3490,1807.0
3,3497,1634.0
3,3503,1160.0
3,3508,2134.0
3,3509,1441.0
3,3526,1895.0
3,3527,1595.0
3,3528,1566.0
3,3535,1257.0
3,3544,2364.0
3,3547,1389.0
3,3553,928.0
3,3555,2572.0
3,3561,1710.0
3,3585,2282.0
3,3603,1941.0
3,3625,1749.0
3,3628,4066.0
3,3633,1483.0
3,3634,1529.0
3,3635,1371.0
3,3636,932.0
3,3637,987.0
3,3639,936.0
3,3653,2246.0
3,3654,1190.0
3,3659,1975.0
3,3660,1353.0
3,3672,2570.0
3,3673,1349.0
3,3694,1529.0
3,3701,884.0
3,3769,1090.0
3,3790,1234.0
3,3791,1173.0
3,3792,1566.0
3,3793,1036.0
3,3797,936.0
3,3811,1210.0
3,3839,1008.0
3,3871,573.0
3,3874,727.0
3,3878,1012.0
3,3881,828.0
3,3906,2152.0
3,3907,1406.0
3,3949,2279.0
3,3950,3005.0
3,3972,1022.0
3,4004,1331.0
3,4017,434.0
3,4018,1013.0
3,4070,2297.0
3,4071,1278.0
3,4073,3305.0
3,4077,1744.0
3,4095,1089.0
3,4098,1573.0
3,4099,1510.0
3,4102,1537.0
3,4138,1486.0
3,4146,694.0
3,4150,1555.0
3,4154,851.0
3,4155,753.0
3,4170,1610.0
3,4255,2414.0
3,4256,1478.0
3,4272,930.0
3,4273,758.0
3,4282,2231.0
3,4303,2052.0
3,4306,1738.0
3,4347,1605.0
3,4348,1418.0
3,4353,3322.0
3,4356,1283.0
3,4357,842.0
3,4385,1410.0
3,4386,1695.0
3,4448,936.0
3,4452,1776.0
3,4453,1482.0
3,4478,585.0
3,4481,812.0
3,4482,951.0
3,4483,814.0
3,4525,762.0
3,4532,703.0
3,4534,3038.0
3,4535,1747.0
3,4543,2029.0
3,4555,1714.0
3,4557,2092.0
3,4558,1257.0
3,4559,1681.0
3,4579,833.0
3,4580,1670.0
3,4583,756.0
3,4585,1578.0
3,4586,1327.0
3,4589,1037.0
3,4616,669.0
3,4628,816.0
3,4629,1470.0
3,4639,2002.0
3,4661,2551.0
3,4666,686.0
3,4667,700.0
3,4670,1314.0
3,4671,516.0
3,4707,1511.0
3,4710,1518.0
3,4715,2866.0
3,4716,2294.0
3,4717,723.0
3,4719,1047.0
3,4720,870.0
3,4739,977.0
3,4771,1978.0
3,4786,964.0
3,4798,996.0
3,4801,1541.0
3,4822,1130.0
7,4823,627.7066666632602
3,4824,1080.0
3,4827,1769.0
3,4829,2449.0
3,4830,2411.0
3,4836,1212.0
3,4838,592.0
3,4866,1061.0
3,4869,1175.0
3,4870,1287.0
3,4888,765.0
3,4889,3566.0
3,4895,793.0
3,4896,603.0
3,4897,2418.0
3,4926,1449.0
3,4933,1729.0
3,4935,1010.0
3,4937,695.0
3,4938,770.0
3,4951,1462.0
3,4952,1768.0
3,4953,869.0
3,4955,1980.0
3,4956,712.0
3,4957,1128.0
3,4977,2795.0
3,4993,1288.0
3,5002,814.0
3,5003,1337.0
3,5028,695.0
3,5054,353.0
3,5056,1289.0
3,5065,932.0
3,5073,1829.0
3,5074,1083.0
3,5075,570.0
3,5082,760.0
3,5092,1094.0
3,5097,4024.0
3,5102,0.01
3,5106,858.0
3,5110,1717.0
3,5121,768.0
4,5136,12.0
5,101,1127.0
5,103,986.0
5,104,987.0
5,115,1520.0
5,116,408.0
5,119,325.0
5,120,440.0
5,121,908.0
5,122,776.0
5,124,1921.0
5,125,1481.0
5,126,765.0
5,127,874.0
5,128,810.0
5,129,1066.0
5,131,914.0
5,165,1208.0
5,166,1538.0
5,167,1842.0
5,168,1051.0
5,169,2562.0
5,170,1819.0
5,252,1512.0
5,253,441.0
5,254,1076.0
5,255,1694.0
5,256,757.0
5,260,915.0
5,289,740.0
5,290,746.0
5,301,738.0
5,302,798.0
5,303,932.0
5,304,1118.0
5,306,856.0
5,335,623.0
5,361,1699.0
5,362,846.0
5,363,1094.0
5,376,959.0
5,378,803.0
5,379,768.0
5,380,1470.0
5,395,950.0
5,396,1001.0
5,397,1418.0
5,398,1511.0
5,399,209.0
5,400,1514.0
5,401,1094.0
5,402,726.0
5,403,936.0
5,404,1322.0
5,407,1089.0
5,409,531.0
5,428,1472.0
5,429,1475.0
5,430,833.0
5,431,917.0
5,432,1838.0
5,433,719.0
5,444,1268.0
5,445,1498.0
5,446,1737.0
5,447,1028.0
5,448,1187.0
5,449,1668.0
5,458,1217.0
5,459,1256.0
5,460,938.0
5,516,1431.0
5,517,503.0
5,518,1669.0
5,585,1176.0
5,586,1179.0
5,598,694.0
5,599,1137.0
5,600,2813.0
5,601,2759.0
5,602,1145.0
5,603,1151.0
5,604,1187.0
5,605,1175.0
5,609,997.0
5,613,1599.0
5,615,1578.0
5,750,1130.0
5,751,1415.0
5,752,1469.0
5,753,687.0
5,792,624.0
5,796,631.0
5,845,1397.0
5,846,1592.0
5,856,983.0
5,881,1341.0
5,882,916.0
5,883,961.0
5,888,927.0
5,889,693.0
5,890,312.0
5,918,1561.0
5,958,719.0
5,959,922.0
5,960,1420.0
5,961,1097.0
5,962,1452.0
5,963,2054.0
5,969,571.0
5,977,1038.0
5,978,1184.0
5,1015,921.0
5,1016,861.0
5,1021,1691.0
5,1022,1001.0
5,1029,1515.0
5,1048,1951.0
5,1049,1390.0
5,1050,1203.0
5,1051,861.0
5,1052,773.0
5,1053,1482.0
5,1075,689.0
5,1076,777.0
5,1077,1341.0
5,1084,3260.0
5,1085,1222.0
5,1107,1420.0
5,1108,794.0
5,1109,1701.0
5,1110,1802.0
5,1111,1256.0
5,1112,3540.0
5,1113,941.0
5,1114,1815.0
5,1115,994.0
5,1123,1071.0
5,1124,905.0
5,1171,615.0
5,1172,1881.0
5,1173,1252.0
5,1183,433.0
5,1198,1165.0
5,1212,861.0
5,1267,1062.0
5,1269,719.0
5,1270,943.0
5,1271,658.0
5,1272,658.0
5,1273,658.0
5,1274,652.0
5,1275,921.0
5,1276,754.0
5,1301,461.0
5,1331,873.0
5,1332,856.0
5,1341,245.0
5,1342,1063.0
5,1352,2153.0
5,1353,1659.0
5,1357,1590.0
5,1358,1471.0
5,1359,1220.0
5,1364,717.0
5,1365,1769.0
5,1366,1501.0
5,1367,1523.0
5,1368,970.0
5,1369,1559.0
5,1370,1620.0
5,1375,1021.0
5,1376,855.0
5,1377,619.0
5,1378,1260.0
5,1379,1317.0
5,1380,1168.0
5,1381,1271.0
5,1382,964.0
5,1383,712.0
5,1384,691.0
5,1385,1098.0
5,1386,916.0
5,1387,1043.0
5,1400,527.0
5,1401,555.0
5,1402,758.0
5,1403,543.0
5,1405,1301.0
5,1406,1410.0
5,1407,1465.0
5,1408,1081.0
5,1409,1254.0
3,1414,534.0
5,1419,1410.0
5,1420,179.0
5,1421,745.0
5,1426,1294.0
5,1427,1063.0
5,1428,735.0
5,1429,734.0
5,1430,1694.0
5,1456,387.0
5,1457,411.0
5,1458,1762.0
5,1459,1654.0
5,1460,650.0
5,1461,1835.0
5,1462,1275.0
5,1463,1638.0
5,1464,1446.0
5,1465,1383.0
5,1466,3691.0
5,1467,822.0
5,1468,1555.0
5,1469,1551.0
5,1470,1504.0
5,1474,1388.0
5,1475,1809.0
5,1476,1179.0
5,1477,1338.0
5,1478,1004.0
5,1479,405.0
5,1480,422.0
5,1484,1721.0
5,1485,751.0
5,1486,1130.0
5,1487,1060.0
5,1489,1437.0
5,1515,1053.0
5,1516,1094.0
5,1517,603.0
5,1518,1212.0
5,1519,1238.0
5,1520,1625.0
5,1535,998.0
5,1555,1671.0
5,1556,646.0
5,1590,1148.0
5,1599,734.0
5,1600,317.0
5,1666,723.0
5,1667,818.0
5,1668,1392.0
5,1671,264.0
5,1672,1031.0
5,1696,542.0
5,1697,577.0
5,1698,922.0
5,1699,523.0
5,1700,874.0
5,1702,738.0
5,1703,1107.0
5,1713,1148.0
5,1714,1023.0
5,1716,848.0
5,1717,363.0
5,1718,630.0
5,1719,1451.0
5,1738,2100.0
5,1739,1559.0
5,1740,399.0
5,1741,552.0
5,1742,538.0
5,1757,803.0
5,1758,687.0
5,1759,1063.0
5,1760,886.0
5,1778,689.0
5,1781,1706.0
5,1784,1168.0
5,1789,690.0
5,1805,1233.0
5,1806,52.0
5,1807,1111.0
5,1808,1048.0
5,1826,925.0
5,1827,976.0
5,1828,687.0
5,1829,477.0
5,1830,750.0
5,1831,773.0
5,1832,1462.0
5,1833,657.0
5,1834,109.0
5,1835,999.0
5,1836,1312.0
5,1837,1685.0
5,1845,769.0
5,1846,193.0
5,1848,1033.0
5,1849,1079.0
5,1850,860.0
5,1851,1121.0
5,1852,2164.0
5,1853,1447.0
5,1854,1041.0
5,1855,1116.0
5,1861,346.0
5,1862,1781.0
5,1872,386.0
5,1873,585.0
5,1897,341.0
5,1898,1148.0
5,1899,1104.0
5,1900,1343.0
5,1902,1864.0
5,1991,1373.0
5,2005,1176.0
5,2015,1283.0
5,2016,920.0
5,2017,1402.0
5,2018,574.0
5,2023,1009.0
5,2067,999.0
5,2151,1440.0
5,2156,1353.0
5,2157,1763.0
5,2180,1080.0
5,2350,2275.0
5,2375,740.0
5,2378,456.0
5,2389,355.0
5,2398,716.0
5,2399,910.0
5,2400,1107.0
5,2403,1422.0
5,2404,1032.0
5,2405,1037.0
5,2409,1187.0
5,2413,502.0
5,2520,371.0
5,2521,496.0
5,2524,1234.0
5,2525,1846.0
5,2526,1652.0
5,2527,1808.0
5,2533,1924.0
5,2534,1320.0
5,2535,1468.0
5,2538,1920.0
5,2539,1675.0
5,2540,1105.0
5,2559,2507.0
5,2560,2198.0
5,2561,1051.0
5,2562,602.0
5,2563,745.0
5,2565,1537.0
5,2583,1132.0
5,2584,505.0
5,2590,1525.0
5,2591,850.0
5,2592,1202.0
5,2593,1862.0
5,2594,1616.0
5,2598,1563.0
5,2602,1435.0
5,2603,1448.0
5,2604,1507.0
5,2605,421.0
5,2606,841.0
5,2607,1174.0
5,2608,602.0
5,2609,691.0
5,2610,1387.0
5,2611,1367.0
5,2612,1173.0
5,2613,1585.0
5,2614,1503.0
5,2615,1313.0
5,2616,583.0
5,2619,1552.0
5,2620,1417.0
5,2623,536.0
5,2624,3542.0
5,2625,109.0
5,2626,2131.0
5,2630,485.0
5,2631,837.0
5,2632,919.0
5,2634,306.0
5,2635,331.0
5,2636,358.0
5,2637,1733.0
5,2641,2209.0
5,2642,2312.0
5,2646,1318.0
5,2647,1569.0
5,2648,1111.0
5,2690,808.0
5,2706,998.0
5,2708,253.0
5,2770,966.0
5,2772,1603.0
5,2795,688.0
5,2796,1332.0
5,2804,1163.0
5,2805,837.0
5,2810,437.0
5,2811,200.0
5,2813,682.0
5,2814,751.0
5,2815,649.0
5,2817,769.0
5,2846,330.0
5,2847,567.0
5,2857,1424.0
5,2858,706.0
5,2868,823.0
5,2869,1803.0
5,2870,1934.0
5,2871,1222.0
5,2872,1275.0
5,2873,980.0
5,2908,986.0
5,2909,1119.0
5,2912,1071.0
5,2934,553.0
5,2942,1237.0
5,2951,930.0
5,2952,547.0
5,2953,1852.0
5,2954,1091.0
5,2955,1221.0
5,2956,888.0
5,2957,1733.0
5,2958,1127.0
5,2959,1531.0
5,2965,646.0
5,2966,1191.0
5,2967,724.0
5,2968,917.0
5,2972,430.0
5,2977,237.0
5,2996,122.0
5,3021,867.0
5,3022,815.0
5,3024,349.0
5,3025,1665.0
5,3026,1784.0
5,3094,768.0
5,3116,1342.0
5,3117,1083.0
5,3120,721.0
5,3121,1069.0
5,3122,691.0
5,3127,1405.0
5,3128,991.0
5,3129,1958.0
5,3130,1210.0
5,3144,1076.0
5,3145,904.0
5,3151,690.0
5,3169,811.0
5,3211,1058.0
5,3235,1128.0
5,3237,661.0
5,3240,1246.0
5,3246,750.0
5,3249,1248.0
5,3256,775.0
5,3257,1276.0
5,3258,1262.0
5,3260,1264.0
5,3261,485.0
5,3263,844.0
5,3264,1251.0
5,3279,2292.0
5,3280,1888.0
5,3281,513.0
5,3290,1524.0
5,3352,998.0
5,3354,777.0
5,3355,1760.0
5,3356,2663.0
5,3360,1520.0
5,3361,1447.0
5,3362,1123.0
5,3363,648.0
5,3364,2742.0
5,3365,2084.0
5,3370,665.0
5,3384,338.0
5,3393,1522.0
5,3394,347.0
5,3396,2048.0
5,3397,914.0
5,3398,680.0
5,3411,434.0
5,3415,682.0
5,3418,1187.0
5,3419,632.0
5,3432,2000.0
5,3433,891.0
5,3434,1411.0
5,3435,1544.0
5,3470,927.0
5,3471,1008.0
5,3522,422.0
5,3562,921.0
5,3571,2672.0
5,3574,637.0
5,3580,992.0
5,3581,1242.0
5,3592,1462.0
5,3606,362.0
5,3609,1148.0
5,3661,819.0
5,3664,1287.0
5,3665,921.0
5,3666,2374.0
5,3667,1923.0
4,3669,183.5488888877435
5,3670,1923.0
5,3683,1636.0
5,3684,2043.0
5,3695,1783.0
5,3696,1396.0
5,3697,872.0
5,3706,2465.0
5,3710,556.0
5,3711,1544.0
5,3713,1315.0
5,3731,878.0
5,3732,1249.0
5,3735,1040.0
5,3741,922.0
5,3742,781.0
5,3746,1192.0
5,3749,1216.0
5,3750,812.0
5,3759,675.0
5,3764,1226.0
5,3777,996.0
5,3798,1037.0
5,3806,467.0
5,3812,514.0
5,3818,594.0
5,3819,789.0
5,3826,914.0
5,3827,324.0
5,3828,351.0
5,3829,394.0
5,3830,14.0
5,3833,1618.0
5,3841,892.0
5,3883,938.0
5,3888,681.0
5,3889,145.0
5,3908,1583.0
5,3913,650.0
5,3925,1067.0
5,3943,856.0
5,3945,1893.0
5,3948,885.0
5,3956,751.0
5,3957,1545.0
5,3999,1607.0
5,4009,990.0
5,4021,662.0
5,4027,780.0
5,4048,783.0
5,4050,520.0
5,4137,726.0
5,4157,1281.0
5,4171,935.0
5,4182,1242.0
5,4188,744.0
5,4191,943.0
5,4193,1158.0
5,4194,1945.0
5,4195,36.0
5,4196,1383.0
5,4197,1818.0
5,4198,917.0
5,4199,1252.0
5,4200,299.0
5,4201,1604.0
5,4202,2545.0
5,4205,1669.0
5,4206,953.0
5,4233,1169.0
5,4234,417.0
5,4235,1001.0
5,4239,0.01
5,4240,413.0
5,4247,439.0
5,4248,2206.0
5,4249,1264.0
5,4274,2100.0
5,4275,833.0
5,4276,312.0
5,4279,911.0
5,4307,571.0
5,4311,367.0
5,4319,983.0
5,4324,657.0
5,4351,1101.0
5,4352,1202.0
5,4355,1236.0
5,4359,1372.0
5,4360,856.0
5,4367,474.0
5,4375,1058.0
5,4376,891.0
5,4377,381.0
5,4384,1233.0
5,4389,272.0
5,4390,1036.0
5,4391,1834.0
5,4392,2277.0
5,4393,0.01
5,4398,602.0
5,4409,549.0
5,4425,2294.0
5,4426,546.0
5,4429,1076.0
5,4430,1724.0
5,4432,882.0
5,4489,1004.0
5,4495,2936.0
5,4496,3067.0
5,4497,943.0
5,4498,416.0
5,4499,1092.0
5,4500,457.0
5,4503,1863.0
5,4504,1205.0
5,4521,415.0
5,4536,1477.0
5,4544,461.0
5,4545,1703.0
5,4564,970.0
5,4566,766.0
5,4569,1069.0
5,4582,431.0
5,4584,1405.0
5,4599,1003.0
5,4611,1379.0
5,4621,792.0
5,4672,938.0
5,4673,1522.0
5,4679,2873.0
5,4680,1031.0
5,4681,675.0
5,4682,0.01
5,4683,1213.0
5,4701,437.0
5,4703,683.0
5,4708,1226.0
5,4709,634.0
5,4728,1268.0
5,4732,833.0
5,4754,1322.0
5,4755,1141.0
5,4756,1558.0
5,4832,1236.0
5,4841,1020.0
5,4844,1401.0
5,4845,1843.0
5,4875,929.0
5,4883,1151.0
5,4884,0.01
5,4886,1143.0
5,4887,487.0
5,4907,0.01
5,4908,129.0
5,4914,855.0
5,4915,1207.0
5,4916,1037.0
5,4917,1040.0
5,4942,1069.0
5,4971,1580.0
5,4983,1345.0
5,4984,1004.0
5,4987,914.0
5,4988,997.0
5,5004,423.0
5,5007,1213.0
5,5019,808.0
5,5020,1029.0
5,5022,470.0
5,5030,3.0
5,5047,945.0
5,5083,0.01
5,5108,744.0
5,5114,994.0
5,5116,2210.0
5,5120,986.0
5,5154,2.0
1,12,858.0
0,16,655.4711111123106
1,24,1785.0
1,25,1089.0
1,26,2442.0
1,27,1266.0
1,28,1124.0
1,32,1163.0
1,35,1997.0
1,38,446.0
1,54,710.0
1,55,1187.0
1,58,870.0
1,59,1188.0
1,79,1256.0
1,105,811.0
1,106,1370.0
1,107,595.0
1,108,490.0
1,109,1035.0
1,110,792.0
1,111,702.0
1,113,2428.0
1,114,641.0
1,142,1442.0
1,143,3299.0
1,144,1393.0
1,145,2350.0
1,146,2945.0
1,155,622.0
1,156,1606.0
1,171,1135.0
1,172,1108.0
1,173,725.0
1,174,1126.0
1,182,1211.0
1,183,1097.0
1,184,973.0
1,192,755.0
1,193,1063.0
1,194,691.0
1,200,887.0
1,205,155.0
1,206,185.0
1,247,1393.0
1,344,817.0
1,345,1458.0
1,346,1059.0
1,347,1018.0
1,348,1173.0
1,349,955.0
1,350,1542.0
1,351,646.0
1,352,745.0
1,354,854.0
1,390,428.0
1,391,821.0
1,392,1240.0
1,393,858.0
1,394,1385.0
1,405,600.0
1,414,1110.0
1,415,168.0
1,416,1204.0
1,417,1258.0
1,418,970.0
1,419,1384.0
1,420,1372.0
1,421,1456.0
1,422,64.0
1,423,914.0
1,424,1092.0
1,425,1236.0
1,426,1029.0
1,427,1315.0
1,455,662.0
1,457,427.0
1,499,693.0
1,525,1325.0
1,526,1047.0
1,527,1178.0
1,528,1272.0
1,551,1544.0
1,566,308.0
1,568,3466.0
1,569,1783.0
1,596,697.0
1,597,209.0
1,606,757.0
1,634,2064.0
1,646,3323.0
1,647,2966.9999999999995
1,649,898.0
1,650,1910.0
1,651,1851.0
1,665,970.0
1,666,1349.0
1,667,1788.0
1,704,569.0
1,705,527.0
1,710,1528.0
1,711,2379.0
1,712,1495.0
1,713,1172.0
1,714,3163.0
1,715,2838.0
1,718,1110.0
1,736,564.0
1,737,628.0
1,738,671.0
1,739,1474.0
1,747,825.0
1,748,1118.0
1,801,1412.0
1,802,1617.0
1,803,1033.0
1,807,680.0
1,808,271.0
1,809,1625.0
1,810,74.0
1,811,1616.0
1,812,1677.0
1,813,789.0
1,815,1297.0
1,816,1303.0
1,817,1305.0
1,818,1108.0
1,819,1748.0
1,820,1135.0
1,821,1959.0
1,844,651.0
1,857,711.0
1,858,1841.0
1,859,1455.0
1,891,1112.0
1,896,662.0
1,897,1727.0
1,898,938.0
1,899,1405.0
1,900,1448.0
1,901,1307.0
1,902,1197.0
1,903,673.0
1,914,1612.0
1,915,1492.0
1,916,1115.0
1,917,886.0
1,965,1322.0
1,966,1055.0
1,967,551.0
1,968,1025.0
1,992,1311.0
1,993,747.0
1,994,1281.0
1,995,1186.0
1,996,1387.0
1,997,1691.0
1,998,1270.0
1,999,1605.0
1,1000,1218.0
1,1001,1432.0
1,1002,1172.0
1,1003,574.0
1,1026,606.0
1,1032,1520.0
1,1033,391.0
1,1034,161.0
1,1035,34.0
1,1036,29.0
1,1037,273.0
1,1038,903.0
1,1039,1212.0
1,1040,916.0
1,1041,1427.0
1,1042,1157.0
1,1043,1067.0
1,1044,1265.0
1,1059,1051.0
1,1060,1341.0
1,1062,1467.0
1,1066,1671.0
1,1067,361.0
1,1068,1345.0
1,1097,1922.0
1,1098,664.0
1,1099,1341.0
1,1106,1613.0
1,1119,1061.0
1,1120,1156.0
1,1121,1176.0
1,1129,1192.0
1,1139,1246.0
1,1141,1902.0
1,1142,2175.0
1,1146,991.0
1,1147,2768.0
1,1148,3559.0
1,1174,784.0
1,1175,1687.0
1,1176,1863.0
1,1177,776.0
1,1178,1361.0
1,1213,1826.0
1,1214,1058.0
1,1215,1971.0
1,1216,2122.0
1,1217,5820.0
1,1218,2251.0
1,1219,2094.0
1,1220,1500.0
1,1221,1911.0
1,1222,1318.0
1,1223,1677.0
1,1224,888.0
1,1225,14.0
1,1226,1841.0
1,1227,1250.0
1,1228,1156.0
1,1229,2049.0
1,1230,1935.0
1,1231,490.0
1,1268,545.0
1,1304,1164.0
1,1305,1390.0
1,1307,1579.0
1,1314,493.0
1,1315,535.0
1,1317,1108.0
1,1322,665.0
1,1323,1684.0
1,1324,641.0
1,1325,2226.0
1,1388,1316.0
1,1389,502.0
1,1395,1394.0
1,1396,2021.0
1,1397,1617.0
1,1481,1510.0
1,1482,1723.0
1,1490,2000.0
1,1491,1176.0
1,1500,1837.0
1,1501,551.0
1,1508,1026.0
1,1509,1109.0
1,1510,752.0
1,1511,1309.0
1,1512,2408.0
1,1513,1381.0
1,1537,1540.0
1,1594,1334.0
1,1595,723.0
1,1596,514.0
1,1597,1699.0
1,1598,2764.0
1,1601,2331.0
1,1607,4658.0
1,1614,1663.0
1,1615,10532.0
1,1616,1362.0
1,1617,826.0
1,1618,1461.0
1,1619,1162.0
1,1620,2554.0
1,1629,2143.0
1,1630,2652.0
1,1664,2419.0
1,1720,1555.0
1,1721,871.0
1,1726,3286.0
1,1732,1772.0
1,1749,1213.0
1,1750,1405.0
1,1751,2139.0
1,1752,1293.0
1,1753,1063.0
1,1754,1774.0
1,1755,1481.0
1,1761,1429.0
1,1779,1765.0
1,1786,1289.0
1,1787,1381.0
1,1788,1163.0
1,1822,2462.0
1,1823,738.0
1,1859,1828.0
1,1892,1085.0
1,1893,1179.0
1,1904,1577.0
1,1905,379.0
1,1919,326.0
1,1978,1460.0
1,1979,1622.0
1,1980,1046.0
1,1985,1075.0
1,1986,2600.0
1,2013,914.0
1,2014,930.0
1,2088,357.0
1,2109,1399.0
1,2110,1543.0
1,2111,962.0
1,2131,398.0
1,2134,562.0
1,2137,675.0
1,2138,759.0
1,2139,1231.0
1,2140,1148.0
1,2150,723.0
1,2158,723.0
1,2162,565.0
1,2205,1605.0
1,2206,1572.0
1,2231,1338.0
1,2232,414.0
1,2237,283.0
1,2240,1359.0
8,2244,1854.4311111020097
1,2263,588.0
1,2281,730.0
1,2293,1245.0
1,2294,605.0
1,2296,1459.0
1,2297,1232.0
1,2298,1523.0
1,2300,1275.0
1,2302,1312.0
1,2303,1696.0
1,2307,1846.0
1,2308,2426.0
1,2309,1281.0
1,2324,1492.0
1,2325,436.0
1,2326,365.0
1,2346,1250.0
1,2349,1211.0
1,2352,1097.0
1,2353,744.0
1,2357,251.0
1,2358,1310.0
1,2359,297.0
1,2360,2017.0
1,2361,1237.0
1,2362,1511.0
1,2363,1184.0
1,2370,736.0
1,2380,1233.0
1,2381,616.0
1,2382,282.0
1,2406,689.0
1,2411,857.0
1,2415,1266.0
1,2420,1035.0
1,2434,761.0
1,2435,598.0
1,2436,1636.0
1,2437,1776.0
1,2453,828.0
1,2462,867.0
1,2463,2167.0
1,2469,1253.0
1,2470,454.0
1,2483,2504.0
1,2491,669.0
1,2492,1758.0
1,2493,1033.0
1,2494,942.0
1,2495,1526.0
1,2496,1480.0
1,2506,413.0
1,2507,1588.0
1,2508,936.0
1,2567,1167.0
1,2582,717.0
1,2709,452.0
1,2710,861.0
1,2712,1492.0
1,2713,964.0
1,2714,1489.0
1,2715,1872.0
1,2716,1627.0
1,2717,1757.0
1,2765,3061.0
1,2818,1072.0
1,2819,469.0
1,2820,715.0
1,2826,906.0
1,2827,1485.0
1,2828,1177.0
1,2834,565.0
1,2836,1105.0
1,2838,509.0
1,2842,1387.0
1,2848,596.0
1,2850,876.0
1,2851,590.0
1,2852,904.0
1,2853,1230.0
1,2854,968.0
1,2865,242.0
1,2867,1241.0
1,2876,1171.0
1,2884,929.0
1,2887,619.0
1,2941,304.0
1,2969,365.0
1,3011,3412.0
7,3012,1124.684444448959
1,3016,583.0
1,3039,1601.0
1,3041,1426.0
1,3042,1579.0
1,3054,1227.0
1,3056,752.0
1,3059,377.0
1,3068,256.0
2,3081,772.9622222244948
1,3088,1751.0
1,3106,737.0
1,3107,1482.0
1,3109,564.0
1,3110,1107.0
1,3111,1281.0
1,3115,897.0
1,3131,403.0
1,3132,489.0
1,3166,578.0
1,3172,376.0
1,3194,927.0
1,3195,1320.0
1,3196,1287.0
1,3197,584.0
1,3198,1435.0
1,3199,1058.0
1,3226,230.0
1,3228,764.0
1,3282,1098.0
1,3283,1772.0
1,3284,837.0
1,3314,1685.0
1,3315,2636.0
1,3321,4142.0
1,3322,2034.0
1,3332,1333.0
1,3371,1715.0
1,3372,3154.0
1,3373,1405.0
1,3437,619.0
1,3438,892.0
1,3464,1237.0
1,3466,1449.0
1,3467,1525.0
1,3472,450.0
1,3473,516.0
1,3474,940.0
1,3491,1334.0
1,3563,1067.0
1,3564,1330.0
1,3565,2831.0
1,3577,680.0
1,3590,1060.0
1,3591,1556.0
1,3608,957.0
1,3638,1245.0
1,3649,2399.0
1,3652,1216.0
1,3656,1021.0
1,3733,970.0
1,3734,1604.0
1,3766,761.0
1,3767,2029.0
1,3770,1262.0
1,3772,1561.0
1,3774,1144.0
1,3788,931.0
1,3817,818.0
1,3831,777.0
1,3850,455.0
1,3861,527.0
1,3863,2511.0
1,3865,1131.0
1,3893,1297.0
1,3900,447.0
1,3914,1682.0
1,3915,1548.0
1,3916,1344.0
1,3958,1123.0
1,3966,0.01
1,3967,2315.0
1,3968,1535.0
1,3986,826.0
1,4010,499.0
1,4011,1149.0
1,4014,1058.0
1,4025,1984.0
1,4029,1075.0
1,4030,1978.0
1,4041,1757.0
1,4043,913.0
1,4044,734.0
1,4049,799.0
1,4063,252.0
1,4078,1315.0
1,4079,888.0
1,4082,324.0
1,4085,456.0
1,4086,985.0
1,4103,350.0
1,4109,661.0
1,4111,516.0
1,4118,1550.0
1,4120,1988.0
1,4121,1594.0
1,4122,1877.0
1,4129,3072.9999999999995
1,4132,601.0
1,4135,1342.0
1,4152,308.0
1,4165,1306.0
1,4166,1581.0
1,4187,220.0
1,4219,1200.0
1,4220,2484.0
1,4221,2210.0
1,4250,837.0
1,4281,1035.0
1,4294,1027.0
1,4298,1183.0
1,4304,382.0
1,4308,15.0
1,4309,905.0
1,4310,607.0
1,4320,574.0
1,4321,495.0
1,4323,1366.0
1,4331,1518.0
1,4341,1016.0
1,4350,889.0
1,4364,1844.0
1,4365,1694.0
1,4374,1575.0
1,4378,1775.0
1,4381,1789.0
1,4395,3399.0
1,4396,1329.0
1,4419,627.0
1,4431,879.0
1,4443,743.0
1,4464,1728.0
1,4466,2096.0
1,4467,2049.0
1,4468,1262.0
1,4469,2283.0
1,4470,1183.0
1,4471,1155.0
1,4484,854.0
1,4510,1333.0
1,4527,1133.0
1,4528,1544.0
1,4529,1843.0
1,4531,1497.0
1,4533,779.0
1,4541,429.0
1,4546,610.0
1,4547,531.0
1,4548,2.0
1,4556,1504.0
1,4562,1292.0
1,4563,962.0
1,4565,173.0
1,4574,714.0
1,4587,1155.0
1,4603,1461.0
1,4613,801.0
1,4618,518.0
1,4619,870.0
1,4620,565.0
1,4625,1075.0
1,4653,1572.0
1,4656,247.0
1,4688,407.0
1,4694,991.0
1,4697,1308.0
1,4713,1702.0
1,4714,1147.0
1,4718,1948.0
1,4724,576.0
1,4747,0.01
1,4760,964.0
1,4761,1391.0
1,4772,1271.0
1,4806,510.0
1,4821,441.0
1,4835,1276.0
1,4893,238.0
1,4918,1236.0
1,4919,1425.0
1,4941,2267.0
1,4949,1566.0
1,4961,1834.0
1,4985,984.0
1,4991,1459.0
1,5010,0.01
1,5016,1308.0
1,5031,1173.0
1,5039,374.0
1,5069,1127.0
1,5079,811.0
1,5095,1690.0
1,5118,162.0
1,5126,1427.0
1,5141,0.01
1,5143,0.01
1,5158,0.01
6,117,1776.0
6,257,679.0
6,258,811.0
6,259,1337.0
6,292,917.0
6,293,1397.0
6,294,2177.0
6,295,528.0
6,296,1278.0
6,297,828.0
6,298,975.0
6,305,1199.0
6,333,1306.0
6,334,1253.0
6,434,1101.0
6,435,1492.0
6,436,1736.0
6,437,1415.0
6,529,1292.0
6,530,991.0
6,531,1176.0
6,532,458.0
6,706,1475.0
6,749,470.0
6,830,1272.0
6,831,1205.0
6,832,744.0
6,843,1308.0
6,884,960.0
6,885,802.0
6,886,1055.0
6,887,874.0
6,893,805.0
6,894,1078.0
6,895,1182.0
6,930,2898.0
6,931,2271.0
6,932,2286.0
6,933,1551.0
6,934,1637.0
6,935,1186.0
6,936,1371.0
6,1004,666.0
6,1005,1294.0
6,1006,2080.0
6,1007,2202.0
6,1008,1147.0
6,1009,1580.0
6,1025,1622.0
6,1072,993.0
6,1073,1048.0
6,1074,928.0
6,1130,1154.0
6,1131,1249.0
6,1132,3878.0
6,1133,1874.0
6,1134,16.0
6,1135,877.0
6,1150,1766.0
6,1151,1515.0
6,1152,1359.0
6,1153,2191.0
6,1154,1521.0
6,1155,749.0
6,1156,858.0
6,1157,1062.0
6,1158,1400.0
6,1159,2012.0
6,1160,1909.0
6,1161,3312.0
6,1162,1910.0
6,1163,1860.0
6,1164,720.0
6,1165,1840.0
6,1166,1114.0
6,1167,2578.0
6,1168,1856.0
6,1169,1612.0
6,1170,1054.0
6,1179,966.0
6,1180,812.0
6,1181,584.0
6,1182,1077.0
6,1291,1198.0
6,1292,1672.0
6,1293,562.0
6,1310,879.0
6,1311,674.0
6,1316,1376.0
6,1318,2507.0
6,1320,887.0
6,1321,746.0
6,1326,1836.0
6,1327,1374.0
6,1330,1484.0
2,1349,1521.5388888877721
2,1351,1646.0
6,1354,1018.0
6,1355,1057.0
6,1360,1291.0
6,1361,1524.0
6,1398,1096.0
6,1399,1473.0
6,1450,1367.0
6,1453,863.0
6,1471,1227.0
6,1472,1360.0
6,1473,1405.0
6,1493,276.0
6,1494,1660.0
6,1495,7.0
6,1496,0.01
6,1497,2907.0
6,1498,973.0
6,1503,1255.0
6,1504,1233.0
6,1505,721.0
6,1506,317.0
6,1507,1093.0
6,1514,1178.0
6,1521,1096.0
6,1522,3143.0
6,1523,1810.0
6,1524,1713.0
6,1525,412.0
6,1526,1540.0
6,1527,1257.0
6,1528,1244.0
6,1540,1363.0
6,1541,2657.0
6,1542,1473.0
6,1543,1158.0
6,1544,2281.0
6,1545,2451.0
6,1546,2606.0
6,1547,1392.0
6,1548,1053.0
6,1549,2373.0
6,1550,2507.0
6,1551,734.0
6,1552,1260.0
6,1553,1543.0
6,1554,1737.0
6,1557,2073.0
6,1558,1155.0
6,1559,1216.0
6,1560,1114.0
6,1561,942.0
6,1583,610.0
6,1584,22.0
6,1585,1402.0
6,1586,1380.0
6,1592,19.0
6,1593,1139.0
6,1602,1323.0
6,1603,1638.0
6,1604,1551.0
6,1605,619.0
6,1606,893.0
6,1609,1009.0
6,1610,1054.0
6,1612,1150.0
6,1613,1546.0
6,1621,1333.0
6,1622,1085.0
6,1623,1885.0
6,1624,2061.0
6,1625,1194.0
6,1626,1110.0
6,1627,1398.0
6,1628,1609.0
6,1631,1349.0
6,1632,44.0
6,1639,2025.0
6,1647,1433.0
6,1648,787.0
6,1649,759.0
6,1650,1400.0
6,1651,1625.0
6,1652,19.0
6,1653,1734.0
6,1654,8.0
6,1655,207.0
6,1656,1659.0
6,1657,1781.0
6,1658,880.0
6,1663,1129.0
6,1701,558.0
6,1743,1619.0
6,1744,1298.0
6,1745,518.0
6,1746,37.0
6,1747,2550.0
6,1748,1076.0
6,1764,1837.0
6,1771,1317.0
6,1772,521.0
6,1785,1205.0
6,1801,1256.0
6,1802,1321.0
6,1803,1217.0
6,1804,1400.0
6,1811,684.0
6,1812,477.0
6,1814,2335.0
6,1815,868.0
6,1816,1370.0
6,1817,1228.0
6,1819,1149.0
6,1821,2823.0
6,1847,1133.0
6,1860,826.0
6,1874,1185.0
6,1875,937.0
6,1975,1527.0
6,1987,1120.0
6,1988,1607.0
6,1990,1309.0
6,2022,1349.0
6,2038,1587.0
6,2039,780.0
6,2047,2326.0
6,2064,1329.0
6,2065,1461.0
6,2066,1445.0
6,2181,1549.0
6,2182,421.0
6,2183,382.0
6,2252,2189.0
6,2253,1504.0
6,2254,1340.0
6,2267,2419.0
6,2268,1786.0
6,2269,1258.0
6,2270,1208.0
6,2271,928.0
6,2272,843.0
6,2273,1080.0
6,2408,1730.0
6,2430,1886.0
6,2473,2089.0
6,2474,1260.0
6,2475,3007.0
6,2498,1178.0
6,2509,2318.0
6,2510,1532.0
6,2512,1059.0
6,2529,1890.0
6,2530,1656.0
6,2587,1335.0
6,2621,1619.0
6,2622,2203.0
6,2640,1804.0
6,2649,1251.0
6,2650,1097.0
6,2651,1657.0
6,2654,1191.0
6,2668,1517.0
6,2669,1037.0
6,2670,710.0
6,2671,1536.0
6,2683,1022.0
6,2684,1043.0
6,2692,1610.0
6,2693,1799.0
6,2694,1628.0
6,2695,1567.0
6,2696,1147.0
6,2697,916.0
6,2698,523.0
6,2701,1204.0
6,2707,1593.0
6,2711,926.0
6,2751,2075.0
6,2752,1231.0
6,2756,1005.0
6,2757,751.0
6,2758,1351.0
6,2759,148.0
6,2760,1928.0
6,2762,1422.0
6,2763,181.0
6,2766,1288.0
6,2769,1673.0
6,2794,1622.0
6,2797,828.0
6,2798,1522.0
6,2799,1416.0
6,2800,1565.0
6,2801,542.0
6,2910,666.0
6,2911,1083.0
6,2922,744.0
6,2923,1157.0
6,2924,467.0
6,2925,520.0
6,2933,1174.0
6,2974,1243.0
6,3014,705.0
6,3060,1216.0
6,3085,641.0
6,3086,1454.0
6,3087,1339.0
6,3091,1216.0
6,3103,838.0
6,3104,1146.0
6,3105,960.0
6,3108,1081.0
6,3118,1775.0
6,3119,1802.0
6,3139,1461.0
6,3173,1023.0
6,3176,902.0
6,3177,978.0
6,3178,801.0
6,3179,1024.0
6,3180,1651.0
6,3203,1262.0
6,3220,1330.0
6,3221,1275.0
6,3227,1752.0
6,3233,1747.0
6,3239,450.0
6,3250,643.0
6,3255,1862.0
6,3259,690.0
6,3266,1517.0
6,3267,2047.0
6,3268,834.0
6,3269,2242.0
6,3270,2301.0
6,3271,1530.0
6,3272,333.0
6,3273,991.0
6,3276,962.0
6,3277,1392.0
6,3278,1265.0
6,3285,1269.0
6,3286,632.0
6,3287,981.0
6,3291,3047.0
6,3296,1177.0
6,3304,1096.0
6,3305,2117.0
6,3306,744.0
6,3307,1236.0
6,3309,2263.0
6,3310,411.0
6,3311,1156.0
6,3312,2607.0
6,3313,21.0
6,3317,748.0
6,3318,1136.0
6,3319,1028.0
6,3320,1649.0
6,3324,3076.0
6,3325,1178.0
6,3326,1679.0
6,3327,1585.0
6,3328,1575.0
6,3329,1202.0
6,3330,2936.0
6,3331,39.0
6,3333,1527.0
6,3334,1483.0
6,3341,1726.0
6,3343,874.0
6,3344,275.0
6,3345,166.0
6,3346,32.0
6,3347,1583.0
6,3348,2738.0
6,3353,1239.0
6,3379,1736.0
6,3380,1538.0
6,3381,28.0
6,3382,1112.0
6,3391,1275.0
6,3392,954.0
6,3395,1596.0
6,3403,733.0
6,3404,1374.0
6,3405,1570.0
6,3406,1174.0
6,3407,1166.0
6,3408,2204.0
6,3410,1180.0
6,3412,1131.0
6,3413,879.0
6,3425,907.0
6,3484,2121.0
6,3488,1395.0
6,3489,1751.0
6,3560,2914.0
6,3570,922.0
6,3621,1044.0
6,3627,2262.0
6,3640,2199.0
6,3641,8.0
6,3655,2016.0
6,3671,961.0
6,3685,1232.0
6,3707,1462.0
6,3708,415.0
6,3709,1877.0
6,3716,1842.0
6,3724,34.0
6,3725,923.0
6,3726,987.0
6,3727,1375.0
6,3728,977.0
6,3729,913.0
6,3730,771.0
6,3743,1736.0
6,3744,1532.0
6,3745,1076.0
6,3747,985.0
6,3776,938.0
6,3799,822.0
6,3814,1076.0
6,3832,574.0
6,3847,487.0
6,3858,1200.0
6,3876,839.0
6,3877,1247.0
6,3882,950.0
6,3890,464.0
6,3892,1130.0
6,3897,1354.0
6,3910,1796.0
6,3928,1736.0
6,3947,1117.0
6,3959,1837.0
6,3960,1896.0
6,3961,1873.0
6,3962,2346.0
6,3963,1503.0
6,3964,1804.0
6,3965,1078.0
6,3969,704.0
6,3970,951.0
6,3971,1224.0
6,3977,1444.0
6,3978,1996.0
6,3979,1361.0
6,3980,1660.0
6,3981,1049.0
6,3982,2255.0
6,3983,525.0
6,3984,1114.0
6,3985,733.0
6,3987,1383.0
6,3988,1319.0
6,3989,1316.0
6,3990,1986.0
6,3991,1535.0
6,3992,1905.0
6,3997,1889.0
6,3998,937.0
6,4020,1522.0
6,4022,1187.0
6,4023,206.0
6,4045,555.0
6,4046,1235.0
6,4053,789.0
6,4060,2062.0
6,4108,132.0
6,4168,221.0
6,4169,937.0
6,4209,1633.0
6,4215,1843.0
6,4216,873.0
6,4217,2051.0
6,4231,0.01
6,4232,766.0
6,4236,675.0
6,4257,1482.0
6,4278,895.0
6,4299,807.0
6,4313,1336.0
6,4314,1306.0
6,4315,1177.0
6,4316,1757.0
6,4349,690.0
6,4354,1039.0
6,4361,1978.0
6,4362,1587.0
6,4363,2052.0
6,4369,1371.0
6,4370,1365.0
6,4371,1316.0
6,4372,1804.0
6,4373,1409.0
6,4380,1293.0
6,4382,2732.0
6,4383,354.0
6,4400,1153.0
6,4401,2404.0
6,4402,802.0
6,4403,562.0
6,4404,926.0
6,4405,778.0
6,4420,1158.0
6,4485,1578.0
6,4506,905.0
6,4507,1118.0
6,4508,1412.0
6,4516,1642.0
6,4517,802.0
6,4571,751.0
6,4572,1434.0
6,4590,655.0
6,4594,827.0
6,4595,1405.0
6,4596,1428.0
6,4598,1435.0
6,4604,1253.0
6,4606,122.0
6,4686,2479.0
6,4687,1829.0
6,4711,999.0
6,4712,616.0
6,4725,2041.0
6,4726,1027.0
6,4735,346.0
6,4736,23.0
6,4741,906.0
6,4742,1536.0
6,4744,753.0
6,4748,29.0
6,4749,859.0
6,4750,877.0
6,4751,2381.0
6,4752,985.0
6,4759,1576.0
6,4764,1654.0
6,4775,1162.0
6,4811,1112.0
6,4833,1060.0
6,4839,13.0
6,4848,1079.0
6,4849,1107.0
6,4850,1111.0
6,4851,1577.0
6,4852,982.0
6,4853,1414.0
6,4856,1009.0
6,4857,1401.0
6,4860,1078.0
6,4871,1499.0
6,4877,1817.0
6,4878,2351.0
6,4879,1361.0
6,4902,1753.0
6,4903,747.0
6,4910,1575.0
6,4912,1102.0
6,4920,1690.0
6,4921,1117.0
6,4922,947.0
6,4939,102.0
6,4944,1276.0
6,4959,210.0
6,4965,979.0
6,4968,1113.0
6,4970,792.0
6,4990,1204.0
6,4997,1465.0
6,5005,1461.0
6,5006,1373.0
6,5009,1036.0
6,5026,0.01
6,5032,1155.0
6,5033,1190.0
6,5042,1133.0
6,5050,673.0
6,5055,885.0
6,5064,818.0
6,5067,0.01
6,5068,1256.0
6,5078,1751.0
6,5086,1862.0
6,5099,1272.0
6,5109,613.0
6,5112,1176.0
6,5115,1973.0
6,5117,1387.0
6,5124,1233.0
6,5129,1416.0
6,5130,1897.0
6,5133,141.0
6,5140,35.0
6,5144,186.0
6,5147,0.01
6,5148,509.0
6,5149,955.0
6,5150,114.0
6,5152,0.01
6,5153,0.01
6,5155,729.0
6,5156,35.0
2,22,1483.0
2,23,1339.0
2,29,1339.0
2,30,1107.0
2,31,1328.0
2,36,1209.0
2,37,1245.0
2,50,888.0
2,51,999.0
2,52,1088.0
2,53,1042.0
2,112,711.0
2,132,724.0
2,133,1583.0
2,134,970.0
2,135,712.0
2,136,1801.0
2,137,817.0
2,138,936.0
2,139,1498.0
2,140,1514.0
2,141,1300.0
2,175,931.0
2,176,1439.0
2,177,1264.0
2,178,1024.0
2,179,498.0
2,185,1125.0
2,186,1427.0
2,187,1400.0
2,203,1040.0
2,272,1255.0
2,324,3010.0
2,325,3221.0
2,340,744.0
2,341,1117.0
2,342,1247.0
2,468,1601.0
2,469,1351.0
2,470,1312.0
2,471,832.0
2,472,1143.0
2,473,1373.0
2,474,781.0
2,475,1559.0
2,476,1502.0
2,537,1652.0
2,538,1820.0
2,539,2144.0
2,540,904.0
2,541,1636.0
2,542,1519.0
2,543,979.0
2,544,1784.0
2,545,1800.0
2,546,896.0
2,552,636.0
2,553,2945.0
2,554,2044.0
2,555,1490.0
2,556,3148.0
2,557,1429.0
2,558,1636.0
2,563,959.0
2,565,991.0
2,577,303.0
2,578,1594.0
2,579,1451.0
2,580,201.0
2,581,853.0
2,582,1386.0
2,583,796.0
2,584,554.0
2,611,794.0
2,612,655.0
2,645,1619.0
2,652,490.0
2,653,1868.0
2,656,1072.0
2,657,2977.0
2,658,0.01
2,659,1447.0
2,660,2559.0
2,664,1012.0
2,668,2031.0
2,669,2126.0
2,689,1733.0
2,694,734.0
2,695,1956.0
2,696,1882.0
2,697,477.0
2,699,1281.0
2,724,1537.0
2,726,954.0
2,860,1738.0
2,908,1804.0
2,909,1677.0
2,910,1502.0
2,911,1629.0
2,912,1465.0
2,913,1430.0
2,938,1849.0
2,939,1688.0
2,940,2330.0
2,964,562.0
2,970,3144.0
2,971,2844.0
2,972,2525.0
2,973,392.0
2,974,1941.0
2,975,2723.0
2,976,1403.0
2,982,808.0
2,983,2544.0
2,984,1362.0
2,985,1228.0
2,986,1118.0
2,987,1512.0
2,988,1517.0
2,989,1083.0
2,990,939.0
2,991,1131.0
2,1017,2159.0
2,1018,1587.0
2,1019,1027.0
2,1020,2295.0
2,1023,1122.0
2,1024,1106.0
2,1030,1013.0
2,1031,665.0
2,1054,926.0
2,1055,1107.0
2,1056,1664.0
2,1057,1576.0
2,1058,2064.0
2,1061,1058.0
2,1063,1260.0
2,1064,1379.0
2,1065,1954.0
2,1069,431.0
2,1070,559.0
2,1071,620.0
2,1082,1090.0
2,1083,926.0
2,1089,2213.0
2,1090,1382.0
2,1091,466.0
2,1092,1852.0
2,1100,3568.0
2,1101,413.0
2,1102,1818.0
2,1103,1817.0
2,1104,1974.0
2,1116,1382.0
2,1117,1173.0
2,1118,1231.0
2,1122,737.0
2,1127,1360.0
2,1128,1458.0
2,1136,1995.0
2,1138,2433.0
2,1145,1569.0
2,1259,719.0
2,1312,1144.0
2,1313,1529.0
2,1319,1502.0
2,1328,1284.0
2,1329,1398.0
2,1343,1265.0
2,1345,903.0
2,1346,2079.0
2,1348,1600.0
2,1349,266.46111111222785
2,1350,883.0
2,1362,382.0
2,1363,1384.0
2,1371,1957.0
2,1372,1121.0
2,1373,1326.0
2,1374,972.0
2,1404,1756.0
2,1422,2469.0
2,1423,792.0
2,1424,0.01
2,1425,1751.0
2,1454,898.0
2,1455,1708.0
2,1502,1484.0
2,1529,1152.0
2,1532,1319.0
2,1533,888.0
2,1534,1006.0
2,1587,1925.0
2,1588,1098.0
2,1589,849.0
2,1591,1035.0
2,1608,898.0
2,1611,1233.0
2,1669,1965.0
2,1670,1083.0
2,1679,793.0
2,1682,1124.0
2,1683,1406.0
2,1711,2105.0
2,1712,1142.0
2,1765,1752.0
2,1766,1178.0
2,1767,773.0
2,1768,941.0
2,1769,2027.0
2,1770,685.0
2,1773,837.0
2,1774,1770.0
2,1775,1039.0
2,1776,1292.0
2,1777,820.0
2,1782,1353.0
2,1783,821.0
2,1818,1692.0
2,1820,909.0
2,1868,912.0
2,1869,849.0
2,1891,734.0
2,1915,1469.0
2,1916,1219.0
2,1917,1735.0
2,1918,1794.0
2,1934,1497.0
2,1935,172.0
2,1936,1196.0
2,1937,851.0
2,1938,28.0
2,1939,656.0
2,1940,757.0
2,1941,1868.0
2,1942,1877.0
2,1943,1270.0
2,1944,2008.0
2,1945,2019.0
2,1946,1743.0
2,1947,1637.0
2,1948,825.0
2,1949,1312.0
2,1950,1643.0
2,1951,1134.0
2,1952,1649.0
2,1953,747.0
2,1954,1847.0
2,1973,1783.0
2,1974,1717.0
6,1976,222.0
2,1977,1027.0
2,1981,957.0
2,1982,880.0
2,1983,1611.0
2,1984,1098.0
2,1992,1253.0
2,2001,1481.0
2,2002,878.0
2,2003,0.01
2,2004,1731.0
2,2062,2050.0
2,2063,897.0
2,2076,355.0
2,2081,3912.0
2,2107,746.0
2,2108,1337.0
2,2112,918.0
2,2217,800.0
2,2260,2454.0
2,2282,1182.0
2,2283,1268.0
2,2284,1119.0
2,2285,728.0
2,2286,1172.0
2,2287,919.0
2,2288,1954.0
2,2299,943.0
2,2301,473.0
2,2304,1113.0
2,2320,1140.0
2,2321,1311.0
2,2330,2534.0
2,2331,409.0
2,2333,1339.0
2,2334,951.0
2,2335,1382.0
2,2336,1040.0
2,2337,1204.0
2,2338,889.0
2,2339,1074.0
2,2340,2426.0
2,2341,1824.0
2,2343,1283.0
2,2345,1443.0
2,2364,518.0
2,2365,2832.0
2,2366,6235.0
2,2367,1308.0
2,2395,1578.0
2,2396,1998.0
2,2397,758.0
2,2421,2296.0
2,2422,1239.0
2,2423,2908.0
2,2424,26.0
2,2425,2700.0
2,2427,1705.0
2,2444,651.0
2,2445,1430.0
2,2446,1426.0
2,2447,2571.0
2,2448,3458.0
2,2487,920.0
2,2513,1602.0
2,2531,1470.0
2,2532,1147.0
2,2566,1268.0
2,2568,744.0
2,2588,1025.0
2,2589,919.0
2,2597,880.0
2,2639,1019.0
2,2643,1594.0
2,2644,1231.0
2,2645,1260.0
2,2658,1187.0
2,2691,1105.0
2,2699,1210.0
2,2700,633.0
2,2702,1208.0
2,2703,35.0
2,2704,1074.0
2,2705,1305.0
2,2767,743.0
2,2768,426.0
2,2812,1113.0
2,2816,1585.0
2,2824,1154.0
2,2825,1368.0
2,2829,1308.0
2,2830,1106.0
2,2837,810.0
2,2859,1136.0
2,2860,1379.0
2,2861,946.0
2,2862,5183.0
2,2863,1585.0
2,2864,2024.0
2,2877,1121.0
2,2931,1306.0
2,2998,686.0
2,3004,1089.0
2,3005,3238.0
2,3006,1364.0
2,3009,2039.0
2,3010,198.0
2,3015,1270.0
2,3038,1570.0
2,3040,2126.0
2,3055,0.01
2,3057,2118.0
2,3058,1494.0
2,3080,1681.0
2,3081,503.0377777755052
2,3113,1364.0
2,3114,2228.0
2,3133,1341.0
2,3134,1005.0
2,3135,1562.0
2,3136,861.0
2,3137,565.0
2,3138,1251.0
2,3146,1381.0
2,3153,1582.0
2,3154,1237.0
2,3155,883.0
2,3156,1000.0
2,3162,1884.0
2,3163,1656.0
2,3164,1822.0
2,3165,1269.0
2,3167,2178.0
2,3168,1253.0
2,3170,700.0
2,3171,342.0
2,3174,1034.0
2,3175,0.01
2,3200,957.0
2,3208,531.0
2,3234,1389.0
2,3244,1635.0
2,3245,1441.0
2,3247,1884.0
2,3248,2751.0
2,3274,561.0
2,3275,731.0
2,3288,1301.0
2,3289,1055.0
2,3316,603.0
2,3358,1857.0
2,3367,1072.0
2,3385,1286.0
2,3387,915.0
2,3388,1299.0
2,3389,1430.0
2,3390,1390.0
2,3431,1078.0
2,3447,2280.0
2,3448,143.0
2,3449,302.0
2,3450,1067.0
2,3463,1073.0
2,3465,1001.0
2,3486,545.0
2,3487,429.0
2,3543,587.0
2,3552,1120.0
2,3566,1579.0
2,3567,1144.0
2,3569,1012.0
2,3572,782.0
2,3573,1460.0
2,3578,1120.0
2,3586,892.0
2,3587,1007.0
2,3589,1464.0
2,3594,1303.0
2,3605,1992.0
2,3607,1475.0
2,3618,1933.0
2,3626,1650.0
2,3698,1039.0
2,3700,1906.0
2,3712,961.0
2,3760,1504.0
2,3761,2943.0
2,3762,2148.0
2,3763,780.0
2,3768,1244.0
2,3775,605.0
2,3779,599.0
2,3780,998.0
2,3786,1197.0
2,3789,1364.0
2,3813,414.0
2,3824,2627.0
2,3848,1022.0
2,3852,305.0
2,3859,1573.0
2,3864,1866.0
2,3898,1195.0
2,3901,1190.0
2,3902,565.0
2,3903,796.0
2,3904,1109.0
2,3905,1051.0
2,3909,1128.0
2,3918,1895.0
2,3919,0.01
2,3920,1218.0
2,3926,808.0
2,3946,1478.0
2,3951,567.0
2,3952,690.0
2,3955,2046.0
2,4015,1130.0
2,4016,786.0
2,4019,1949.0
2,4026,792.0
2,4036,1497.0
2,4037,132.0
2,4038,1039.0
2,4104,780.0
2,4106,1463.0
2,4107,2145.0
2,4112,1647.0
2,4113,5.0
2,4114,1295.0
2,4115,1160.0
2,4116,1549.0
2,4117,1298.0
2,4123,665.0
2,4124,1629.0
2,4125,1342.0
2,4130,82.0
2,4144,1239.0
2,4145,1378.0
2,4172,969.0
2,4207,0.01
2,4218,1268.0
2,4265,1347.0
2,4266,851.0
2,4285,784.0
2,4286,1362.0
2,4300,1917.0
2,4317,2170.0
2,4322,2352.0
2,4325,1381.0
2,4326,1340.0
2,4327,2317.0
2,4328,829.0
2,4329,1283.0
2,4332,2164.0
2,4333,18.0
2,4358,743.0
2,4366,611.0
2,4387,1452.0
2,4446,2972.0
2,4461,1193.0
2,4462,1190.0
2,4463,1261.0
2,4465,1343.0
2,4473,2188.0
2,4474,1221.0
2,4475,110.0
2,4509,1117.0
2,4530,1402.0
2,4538,1894.0
2,4567,1784.0
2,4568,527.0
2,4570,1699.0
2,4581,881.0
2,4591,1095.0
2,4607,189.0
2,4608,594.0
2,4614,1263.0
2,4644,1297.0
2,4645,1581.0
2,4646,515.0
2,4652,970.0
2,4654,2276.0
2,4657,1265.0
2,4658,842.0
2,4659,637.0
2,4662,1470.0
2,4665,527.0
2,4692,1590.0
2,4721,1291.0
2,4723,1375.0
2,4731,1100.0
2,4733,1775.0
2,4734,1021.0
2,4737,1118.0
2,4743,775.0
2,4745,1259.0
2,4765,1326.0
2,4781,1333.0
2,4782,1428.0
2,4787,1548.0
2,4791,2506.0
2,4792,564.0
2,4793,1419.0
2,4794,929.0
2,4800,2308.0
2,4809,649.0
2,4859,452.0
2,4865,783.0
2,4892,1212.0
2,4898,40.0
2,4901,0.01
2,4929,2083.0
2,4930,1713.0
2,4945,814.0
2,4954,1622.0
2,4958,1125.0
2,4969,1094.0
2,4974,2057.0
2,4992,481.0
2,4996,7.0
2,5014,362.0
2,5024,1382.0
2,5025,1690.0
2,5072,1025.0
2,5077,1305.0
2,5081,1678.0
2,5094,529.0
2,5096,605.0
2,5101,1396.0
2,5111,1490.0
2,5119,230.0
2,5123,937.0
2,5135,104.0
2,5137,0.01
2,5146,0.01
2,5157,0.01
