0,0,797
0,1,488
0,2,220
0,3,172.00000000000003
0,4,163
0,5,308
0,6,481
0,7,563
0,8,727
0,9,499
0,10,544
0,11,423
0,12,441
0,13,665
0,14,184
0,15,441
0,16,384
0,17,642
0,18,516
0,19,675
0,58,318
0,59,678
0,62,867
0,63,729
0,64,727
0,65,331
0,66,447
0,67,400
0,68,1043
0,69,550
0,70,0.01
0,71,549
0,72,532
0,73,735
0,74,693
0,75,261
0,76,644
0,77,292
0,78,690
0,79,170
0,80,394
0,81,624
0,82,528
0,83,944
0,84,726
0,85,253
0,86,907
0,87,813
0,88,890
0,89,467
0,90,1123
0,91,854
0,92,505
0,93,321
0,95,689
0,96,567
0,97,681
0,102,371
0,103,271
0,104,435
0,105,851
0,107,841
0,108,598
0,109,621
0,110,650
0,111,654
0,112,595
0,113,487
0,114,461
0,123,91
0,124,143
0,125,914
0,126,805
0,127,497
0,128,643
0,129,436
0,130,827
0,131,1055
0,133,1526
0,134,1306
0,135,1407
0,136,937
0,137,1098
0,138,980
0,139,790
0,140,1870
0,141,524
0,142,152
0,143,230
0,144,177
0,145,155
0,146,1208
0,147,513
0,148,819
0,149,181
0,150,674
0,151,567
0,152,1818
0,153,660
0,166,366
0,167,189
0,168,844
0,169,807
0,170,322
0,171,224
0,172,356
0,173,917
0,174,580
0,175,635
0,176,599
0,177,537
0,178,523
0,179,105
0,188,380
0,189,485
0,190,610
0,191,425
0,192,1038
0,193,783
0,194,321
0,195,469
0,196,900
0,197,139
0,198,808
0,199,1011
0,200,914
0,201,300
0,202,987
0,203,303
0,204,250
0,205,939
0,258,717
0,259,260
0,260,993
0,261,832
0,262,875
0,263,909
0,264,950
0,275,734
0,276,833
0,301,886
0,302,193
0,303,144
0,304,996
0,305,388
0,306,897
0,307,931
0,308,732
0,309,923
0,310,617
0,311,636
0,312,682
0,325,826
0,327,467
0,328,890
0,329,200
0,362,343
0,363,725
0,400,840
0,401,0.01
0,402,0.01
0,403,398
0,404,344
0,405,738
0,406,215
0,420,349
0,421,18
0,422,713
0,423,381
0,424,549
0,425,295
0,426,145
0,427,663
0,428,85
0,429,247
0,430,325
0,431,280
0,432,0.01
0,433,522
0,435,113
0,436,530
0,437,431
0,438,230
0,439,619
0,440,706
0,441,996
0,442,554
0,443,269
0,444,314
0,445,495
0,446,320
0,473,356
0,474,0.01
0,475,620
0,476,8
0,477,6
0,480,568
0,481,169
0,541,1221
0,542,966
0,550,710
0,551,528
0,552,326
0,553,118
0,554,705
0,555,808
0,556,602
0,557,420
0,558,723
0,559,199
0,564,530
0,585,324
0,586,325
0,593,745
0,594,725
0,609,208
0,610,265
0,611,232
0,622,656
0,623,461
0,624,418
0,625,496
0,626,924
0,627,558
0,628,393
0,629,667
0,630,384
0,632,434
0,636,180
0,649,498
0,650,1234
0,651,588
0,652,530
0,653,581
0,654,547
0,676,723
0,677,585
0,678,563
0,711,910
0,712,677
0,738,789
0,739,478
0,840,793
0,869,935
0,870,523
0,871,216
0,889,471
0,905,701
0,908,374
0,947,758
0,969,501
0,970,238
0,971,538
0,972,708
0,980,303
0,981,730
0,982,448
0,983,575
0,1004,506
0,1005,702
0,1006,469
0,1008,493
0,1009,1557
0,1010,16
0,1012,629
0,1013,22.146250006891933
0,1014,558
0,1015,741
0,1016,622
0,1017,422
0,1018,19
0,1019,1031
0,1020,519
0,1021,86
0,1022,0.01
0,1023,690
0,1024,178
0,1025,138
0,1034,470
0,1035,392
0,1036,398
0,1037,487
0,1038,505
0,1039,495
0,1040,630
0,1041,57
0,1059,693
0,1060,308
0,1061,710
0,1074,452
0,1075,930
0,1076,862
0,1077,208
0,1078,7
0,1079,13
0,1080,965
0,1081,0.01
0,1082,9
0,1083,6
0,1122,75
0,1123,940
0,1124,144
0,1125,913
0,1126,648
0,1127,116
0,1128,113
0,1129,349
0,1130,492
0,1131,1068
0,1132,399
0,1133,493
0,1134,364
0,1135,732
0,1136,803
0,1140,50
0,1141,567
0,1142,806
0,1143,831
0,1144,529
0,1145,317
0,1146,519
0,1147,0.01
0,1148,386
0,1149,309
0,1166,1940
0,1167,1811
0,1168,1827
0,1169,2087
0,1170,168
0,1171,737
0,1172,999
0,1173,180
0,1174,1831
0,1175,1762
0,1176,1715
0,1177,3
0,1178,624
0,1179,0.01
0,1180,5
0,1181,0.01
0,1182,7
0,1183,1976
0,1184,0.01
0,1185,769
0,1186,928
0,1187,815
0,1188,634
0,1189,1
0,1190,1586
0,1191,1696
0,1192,1695
0,1193,934
0,1194,570
0,1195,628
0,1196,890
0,1197,661
0,1220,784
0,1222,1197
0,1223,1404
0,1224,1493
0,1225,1570
0,1226,1818
0,1227,724
0,1228,732
0,1229,887
0,1297,491
0,1298,143
0,1299,477
0,1307,104
0,1308,93
0,1345,295
0,1346,53
0,1347,830
0,1348,674
0,1349,585
0,1350,659
0,1417,448
0,1418,869
0,1419,424
0,1420,328
0,1421,490
0,1422,401
0,1541,414
0,1542,437
0,1544,392
0,1545,498
0,1546,450
0,1547,412
0,1586,747
0,1587,383
0,1588,864
0,1589,981
0,1652,178
0,1662,729
0,1663,786
0,1664,711
0,1681,375
0,1682,426
0,1683,338
0,1684,478
0,1722,615
0,1723,333
0,1724,558
0,1725,730
0,1726,501
0,1747,530
0,1748,516
0,1749,1309
0,1750,759
0,1751,610
0,1752,742
0,1753,616
0,1773,638
0,1774,605
0,1775,567
0,1776,550
0,1777,503
0,1778,66
0,1779,769
0,1780,181
0,1781,655
0,1782,623
0,1783,962
0,1784,902
0,1815,960
0,1835,783
0,1836,592
0,1837,368
0,1838,164
0,1839,684
0,1840,816
0,1841,776
0,1894,556
0,1895,585
0,1920,924
0,1921,717
0,1982,333
0,1987,537
0,2102,630
0,2103,334
0,2104,529
0,2105,1244
0,2106,0.01
0,2194,1647
0,2195,1882
0,2196,2047
0,2197,864
0,2198,636
0,2199,620
0,2200,342
0,2201,853
0,2202,262
0,2203,358
0,2221,245
0,2222,189
0,2223,387
0,2224,183
0,2230,656
0,2231,339
0,2232,825
0,2233,657
0,2234,0.01
0,2235,514
0,2236,794
0,2253,443
0,2304,320
0,2305,172
0,2306,521
0,2310,557
0,2311,617
0,2314,131
0,2316,759
0,2317,358
0,2318,0.01
0,2319,11
0,2320,481
0,2321,658
0,2322,33
0,2323,5
0,2324,673
0,2325,812
0,2326,931
0,2327,502
0,2328,654
0,2342,960
0,2343,356
0,2344,748
0,2345,400
0,2346,366
0,2347,362
0,2354,435
0,2355,286
0,2427,672
0,2428,672
0,2429,714
0,2430,974
0,2431,840
0,2432,1821
0,2433,526
0,2434,510
0,2435,462
0,2436,544
0,2437,490
0,2438,759
0,2439,413
0,2440,9
0,2441,3
0,2442,0.01
0,2443,8
0,2444,0.01
0,2445,873
0,2446,635
0,2447,1010
0,2448,648
0,2449,830
0,2450,515
0,2451,518
0,2452,441
0,2453,1684
0,2454,621
0,2455,947
0,2456,1006
0,2457,0.01
0,2463,427
0,2464,194
0,2465,283
0,2468,300
0,2469,547
0,2470,155
0,2471,104
0,2472,488
0,2473,528
0,2474,1209
0,2475,13
0,2476,305
0,2477,178
0,2478,253
0,2481,784
0,2482,663
0,2483,1135
0,2484,677
0,2485,756
0,2486,610
0,2487,976
0,2488,859
0,2489,885
0,2490,565
0,2491,637
0,2492,404
0,2493,786
0,2494,867
0,2495,531
0,2496,841
0,2497,664
0,2498,646
0,2499,1405
0,2500,789
0,2501,699
0,2502,338
0,2503,451
0,2504,1916
0,2505,1637
0,2506,886
0,2507,794
0,2508,849
0,2509,897
0,2510,859
0,2511,668
0,2512,640
0,2513,0.01
0,2514,685
0,2527,591
0,2528,588
0,2529,705
0,2530,458
0,2531,824
0,2569,563
0,2570,288
0,2571,155
0,2572,715
0,2574,561
0,2575,477
0,2576,90
0,2578,1086
0,2590,802
0,2591,582
0,2592,540
0,2593,705
0,2594,444
0,2595,372
0,2617,123
0,2618,479
0,2690,1601
0,2691,1547
0,2692,1550
0,2767,839
0,2768,470
0,2769,162
0,2770,468
0,2771,388
0,2775,360
0,2779,20
0,2781,702
0,2782,358
0,2783,341
0,2787,585
0,2788,452
0,2789,224
0,2790,721
0,2791,104
0,2792,57
0,2793,730
0,2794,184
0,2798,958
0,2799,148
0,2820,550
0,2885,560
0,2886,592
0,2887,666
0,2888,383
0,2891,617
0,2920,54
0,2978,0.01
0,2979,493
0,2982,68
0,2983,481
0,2984,417
0,2985,412
0,2986,650
0,2987,405
0,2989,644
0,2990,430
0,3016,575
0,3017,811
0,3021,188
0,3022,331
0,3023,402
0,3024,353
0,3025,89
0,3026,466
0,3027,592
0,3028,846
0,3032,112
0,3033,118
0,3034,357
0,3035,714
0,3036,117
0,3037,1033
0,3038,438
0,3039,502
0,3040,400
0,3041,370
0,3042,705
0,3043,97
0,3068,846
0,3069,262
0,3070,176.31625000689155
0,3083,661
0,3084,394
0,3085,708
0,3086,591
0,3087,164
0,3088,286
0,3089,708
0,3144,751
0,3165,643
0,3166,496
0,3167,650
0,3168,581
0,3169,575
0,3170,360
0,3171,34
0,3172,614
0,3173,639
0,3174,1106
0,3175,1276
0,3176,225
0,3177,6
0,3178,832
0,3179,527
0,3180,1027
0,3181,4
0,3182,9
0,3183,2
0,3184,0.01
0,3185,1585
0,3188,10
0,3189,539
0,3190,686
0,3191,615
0,3192,412
0,3193,433
0,3194,806
0,3195,150
0,3196,758
0,3197,747
0,3198,626
0,3199,804
0,3200,927
0,3201,173
0,3202,591
0,3203,253
0,3204,755
0,3205,707
0,3206,881
0,3207,643
0,3208,958
0,3209,223
0,3210,813
0,3211,990
0,3212,328
0,3213,915
0,3214,989
0,3215,380
0,3216,180
0,3217,226
0,3218,819
0,3219,890
0,3220,975
0,3320,784
0,3321,845
0,3322,1312
0,3323,756
0,3324,205
0,3325,839
0,3326,350
0,3327,320
0,3328,45
0,3329,627
0,3330,396
0,3331,897
0,3332,415
0,3383,173
0,3398,155
0,3399,188
0,3400,810
0,3402,517
0,3411,369
0,3424,500
0,3425,461
0,3426,532
0,3427,776
0,3428,708
0,3430,1144
0,3446,515
0,3447,923
0,3448,539
0,3449,586
0,3450,238
0,3451,192
0,3452,482
0,3523,287
0,3524,391
0,3538,880
0,3558,132
0,3595,648
0,3596,85
0,3597,52
0,3613,757
0,3630,432
0,3631,669
0,3632,500
0,3633,624
0,3634,458
0,3635,495
0,3656,398
0,3657,471
0,3658,477
0,3659,899
0,3660,619
0,3661,395
0,3662,780
0,3664,349
0,3697,240
0,3698,310
0,3725,436
0,3791,859
0,3792,518
0,3793,554
0,3824,478
0,3825,347
0,3841,243
0,3842,638
0,3844,581
0,3851,530
0,3852,450
0,3853,451
0,3854,546
0,3862,562
0,3863,153
0,3864,698
0,3865,284
0,3866,82
0,3870,428
0,3885,544
0,3894,587
0,3895,475
0,3911,860
0,3916,456
0,3917,446
0,3918,765
0,3919,916
0,3920,368
0,3936,35
0,3941,302
0,3942,469
0,3944,536
0,3945,723
0,3946,557
0,3947,398
0,3972,682
0,3973,0.01
0,3974,621
0,3980,124
0,3991,376
0,3992,251
0,3993,488
0,4009,540
0,4010,647
0,4014,82
0,4015,515
0,4016,794
0,4017,0.01
0,4018,0.01
0,4019,520
0,4020,688
0,4021,793
0,4022,544
0,4023,841
0,4024,667
0,4025,0.01
0,4026,343
0,4028,193
0,4029,316
0,4037,1234
0,4038,707
0,4041,1409
0,4042,429
0,4043,0.01
0,4048,1656
0,4049,885
0,4050,962
0,4051,680
0,4052,583
0,4053,590
0,4054,767
0,4055,728
0,4056,787
0,4057,1503
0,4058,412
0,4059,740
0,4060,596
0,4065,499
0,4066,586
0,4067,375
0,4068,565
0,4074,767
0,4075,355
0,4076,1002
0,4087,351
0,4093,536
0,4094,156
0,4095,161
0,4099,1331
0,4108,711
0,4123,917
0,4124,0.01
0,4135,656
0,4136,307
0,4137,323
0,4151,381
0,4152,452
0,4163,788
0,4171,758
0,4173,212
0,4220,715
0,4221,106
0,4222,532
0,4223,482
0,4224,232
0,4225,645
0,4228,458
0,4229,0.01
0,4230,729
0,4231,0.01
0,4232,8
0,4233,625
0,4234,0.01
0,4235,63
0,4236,402
0,4237,3
0,4238,971
0,4239,964
0,4240,840
0,4241,649
0,4242,0.01
0,4243,562
0,4244,329
0,4274,444
0,4275,155
0,4276,623
0,4326,403
0,4341,123
0,4344,788
0,4345,493
0,4351,732
0,4352,241
0,4353,333
0,4354,488
0,4356,97
0,4357,1055
0,4358,319
0,4373,811
0,4401,616
0,4402,741
0,4403,553
0,4404,865
0,4405,518
0,4406,440
0,4407,311
0,4408,247
0,4409,373
0,4416,406
0,4417,724
0,4419,132
0,4420,89
0,4421,903
0,4423,743
0,4424,1091
0,4425,60
0,4426,600
0,4427,295
0,4428,693
0,4429,233
0,4437,518
0,4438,245
0,4439,300
0,4440,400
0,4441,83
0,4442,139
0,4443,711
0,4444,464
0,4445,574
0,4446,1
0,4447,476
0,4450,365
0,4454,241
0,4455,202
0,4456,255
0,4457,631
0,4462,74
0,4463,873
0,4464,104
0,4465,353
0,4469,410
0,4472,433
0,4503,210
0,4504,436
0,4505,250
0,4528,460
0,4529,445
0,4530,525
0,4531,378
0,4543,199
0,4556,413
0,4563,619
0,4566,388
0,4567,467
0,4588,433
0,4616,408
0,4630,406
0,4643,551
0,4653,187
0,4654,124
0,4655,825
0,4656,972
0,4668,202
0,4669,478
0,4670,622
0,4681,693
0,4682,695
0,4683,532
0,4699,1719
0,4700,786
0,4701,1259
0,4714,557
0,4715,506
0,4747,70
0,4767,578
0,4778,115
0,4793,1137
0,4823,490
0,4824,160
0,4842,368
0,4847,290
0,4872,679
0,4873,1063
0,4874,0.01
0,4875,420
0,4876,1076
0,4878,528
0,4879,644
0,4880,568
0,4881,305
0,4886,519
0,4905,331
0,4906,122
0,4949,528
0,4952,249
0,4960,570
0,4961,165
0,4962,109
0,4963,263
0,4964,543
0,4965,20
0,4966,0.01
0,4967,0.01
0,4968,1007
0,4969,528
0,4970,487
0,4971,621
0,4997,620
0,4998,789
0,4999,691
0,5000,258
0,5018,454
0,5019,223
0,5020,754
0,5021,574
0,5022,663
0,5023,764
0,5024,380
0,5054,485
0,5055,1468
0,5056,596
0,5057,644
0,5062,347
0,5064,0.01
0,5065,460
0,5066,530
0,5069,672
0,5070,383
0,5071,1499
0,5072,1431
0,5077,467
0,5078,0.01
0,5079,59
0,5080,735
0,5082,874
0,5083,100
0,5084,887
0,5085,238
0,5086,863
0,5099,946
0,5115,0.01
0,5116,0.01
0,5117,0.01
0,5129,441
0,5132,460
0,5133,758
0,5138,827
0,5139,811
0,5152,610
0,5153,839
0,5154,588
0,5155,226
0,5156,534
0,5185,427
0,5186,518
0,5187,481
0,5202,37
0,5208,617
0,5209,868
0,5210,477
0,5211,698
0,5212,433
0,5213,457
0,5214,748
0,5215,511
0,5216,807
0,5232,230
0,5234,273
0,5235,196
0,5239,564
0,5240,463
0,5241,572
0,5242,146
0,5253,680
0,5268,560
0,5271,136
0,5272,607
0,5273,441
0,5274,881
0,5275,430
0,5276,1364
0,5277,6
0,5278,702
0,5279,477
0,5280,859
0,5281,462
0,5322,667
0,5326,406
0,5327,763
0,5328,796
0,5329,0.01
0,5330,1669
0,5331,316
0,5347,454
0,5348,72
0,5349,20
0,5350,600
0,5357,712
0,5362,359
0,5366,750
0,5370,682
0,5392,765
0,5429,574
0,5430,362
0,5431,349
0,5432,140
0,5453,459
0,5483,978
0,5484,399
0,5487,687
0,5505,352
0,5533,168
0,5534,267
0,5536,502
0,5537,283
0,5538,862
0,5549,733
0,5550,267
0,5551,911
0,5552,744
0,5560,88
0,5561,341
0,5562,268
0,5566,176
0,5568,733
0,5569,451
0,5570,683
0,5571,565
0,5572,1037
0,5573,1851
0,5577,582
0,5580,1029
0,5581,655
0,5588,125
0,5597,98
0,5598,142
0,5600,273
0,5631,537
0,5661,469
0,5683,1
0,5684,0.01
0,5685,0.01
0,5686,590
0,5687,141
0,5688,860
0,5689,502
0,5690,188
0,5694,732
0,5695,316
0,5696,644
0,5697,341
0,5698,554
0,5701,236
0,5702,75
0,5703,393
0,5704,591
0,5708,617
0,5733,329
0,5734,263
0,5735,700
0,5757,636
0,5768,275
0,5775,621
0,5782,930
0,5783,548
0,5814,4
0,5839,405
0,5863,734
0,5923,656
0,5934,184
0,5936,93
0,5937,611
0,5938,605
0,5939,453
0,5940,412
0,5957,139
0,5958,659
0,5963,424
0,5964,0.01
0,5988,427
0,5996,289
0,5997,1004
0,6001,167
0,6003,342
0,6015,377
0,6018,586
0,6019,49
0,6020,227
0,6024,80
0,6030,505
0,6031,681
0,6032,483
0,6033,61
0,6034,180
0,6039,643
0,6040,444
0,6041,1165
0,6042,305
0,6043,668
0,6060,757
0,6061,1068
0,6079,631
0,6083,137
0,6104,43
0,6123,175
0,6125,357
0,6158,53
0,6161,546
0,6163,1150
0,6170,1335
0,6171,94
0,6172,374
0,6173,0.01
0,6174,0.01
0,6175,0.01
0,6176,0.01
0,6177,414
0,6178,560
0,6179,0.01
0,6180,833
0,6181,491
0,6194,463
0,6195,154
0,6197,706
0,6198,1187
0,6199,625
0,6239,874
0,6240,392
0,6245,366
0,6247,644
0,6251,1095
0,6291,201
0,6295,191
0,6298,501
0,6299,195
0,6300,233
0,6305,717
0,6306,215
0,6331,519
0,6332,370
0,6334,721
0,6350,538
0,6352,96
0,6353,34
0,6357,734
0,6359,135
0,6362,442
0,6363,608
0,6364,181
0,6365,718
0,6370,69
0,6371,667
0,6373,673
0,6376,223
0,6377,240
0,6386,332
0,6396,392
0,6397,400
0,6400,787
0,6401,268
0,6402,774
0,6403,710
0,6404,140
0,6405,315
0,6415,716
0,6416,456
0,6421,503
0,6430,334
0,6431,98
0,6447,498
0,6448,294
0,6449,225
0,6453,412
0,6455,533
0,6456,570
0,6457,614
0,6458,676
0,6459,621
0,6460,522
0,6470,484
0,6471,479
0,6473,459
0,6474,924
0,6483,173
0,6489,2108
0,6491,505
0,6493,1028
0,6494,797
0,6495,519
0,6529,986
0,6537,680
0,6541,81
0,6542,50
0,6555,320
0,6559,625
0,6563,881
0,6564,436
0,6565,545
0,6571,1084
0,6573,238
0,6574,69
0,6575,755
0,6582,459
0,6583,110
0,6585,506
0,6586,151
0,6598,305
0,6601,442
0,6602,126
0,6631,312
0,6640,403
0,6641,32
0,6654,38
0,6656,877
0,6657,324
0,6660,655
0,6666,243
0,6698,145
0,6699,69
0,6703,105
0,6704,719
0,6728,298
0,6730,143
0,6755,727
0,6773,115
0,6774,356
0,6775,432
0,6777,289
0,6802,497
0,6805,158
0,6834,281
0,6835,15
0,6836,559
0,6837,52
0,6838,332
0,6839,378
0,6841,0.01
0,6848,798
0,6867,705
0,6868,704
0,6870,520
0,6877,38.201249979407976
0,6884,85
0,6892,595
0,6893,522
0,6894,70
0,6895,41
0,6896,1166
0,6897,412
0,6918,60
0,6938,141
0,6949,883
0,6952,809
0,6956,3
0,6957,945
0,6968,246
0,6974,740
0,6978,121
0,6984,162
0,6989,117
0,6990,591
0,6993,292
0,6995,109
0,7000,1030
0,7003,38
0,7004,485
0,7009,161
0,7020,232
0,7023,420
0,7026,820
0,7027,884
0,7035,2
0,7044,14
0,7057,50
1,20,902
1,21,544
1,22,882
1,23,911
1,24,1403
1,216,248
1,217,147
1,218,603
1,219,1372
1,220,1600
1,221,1354
1,265,1484
1,266,751
1,267,408
1,268,1582
1,269,1279
1,270,1540
1,271,209
1,272,478
1,273,460
1,274,504
1,292,946
1,293,994
1,294,914
1,295,2069
1,396,830
1,397,724
1,398,923
1,399,805
1,459,1381
1,460,1732
1,463,326
1,464,758
1,465,985
1,466,673
1,467,1100
1,468,498
1,469,369
1,470,258
1,471,1611
1,472,1670
1,482,88
1,483,192
1,484,245
1,485,47
1,486,396
1,487,766
1,488,142
1,489,504
1,491,676
1,492,1006
1,493,234
1,543,1115
1,544,1907
1,545,2168
1,546,2861
1,547,3075
1,548,748
1,549,0.01
1,587,1424
1,588,628
1,589,425
1,590,1889
1,591,656
1,592,350
1,597,207
1,598,127
1,599,566
1,637,323
1,638,251
1,639,1076
1,640,615
1,641,681
1,642,156
1,643,874
1,644,757
1,751,649
1,764,1083
1,765,674
1,766,982
1,767,1027
1,768,768
1,769,694
1,770,747
1,771,831
1,772,435
1,773,993
1,774,1146
1,775,809
1,776,500
1,777,587
1,778,5
1,779,885
1,780,21
1,781,276
1,782,839
1,783,638
1,784,752
1,785,712
1,786,554
1,787,965
1,788,830
1,789,751
1,790,1043
1,791,623
1,792,473
1,860,593
1,861,577
1,890,594
1,891,235
1,892,340
1,893,1486
1,894,331
1,895,735
1,896,344
1,897,714
1,902,66
1,903,627
1,904,311
1,929,783
1,930,201
1,931,548
1,958,823
1,959,471
1,960,315
1,961,396
1,962,320
1,963,403
1,964,254
1,965,313
1,966,574
1,967,560
1,976,436
1,977,853
1,978,544
1,1007,997
1,1011,26
1,1013,520.8537499931081
1,1027,635
1,1028,710
1,1063,184
1,1064,436
1,1065,632
1,1066,1069
1,1067,1175
1,1068,1249
1,1069,209
1,1070,880
1,1071,702
1,1095,745
1,1102,704
1,1103,2445
1,1104,254
1,1105,845
1,1106,115
1,1107,447
1,1108,1067
1,1109,815
1,1110,660
1,1111,765
1,1112,914
1,1113,757
1,1114,1508
1,1115,651
1,1116,1199
1,1117,1882
1,1120,486
1,1121,981
1,1198,301
1,1199,674
1,1230,909
1,1231,1154
1,1232,995
1,1233,824
1,1234,777
1,1235,1974
1,1251,505
1,1252,715
1,1253,914
1,1254,1004
1,1255,930
1,1256,761
1,1257,796
1,1258,720
1,1259,673
1,1275,672
1,1276,622
1,1277,901
1,1278,393
1,1279,333
1,1280,229
1,1281,311
1,1282,134
1,1283,711
1,1284,659
1,1285,595
1,1286,887
1,1287,955
1,1288,777
1,1300,81
1,1301,215
1,1302,348
1,1303,319
1,1304,71
1,1305,17
1,1306,102
1,1309,105
1,1310,781
1,1322,0.01
1,1323,216
1,1325,579
1,1326,802
1,1333,723
1,1334,722
1,1335,656
1,1336,921
1,1337,146
1,1341,116
1,1351,381
1,1352,853
1,1353,1755
1,1354,264
1,1355,675
1,1356,1633
1,1357,1052
1,1360,461
1,1361,587
1,1362,1244
1,1363,767
1,1364,803
1,1365,966
1,1376,637
1,1377,1024
1,1378,724
1,1379,493
1,1380,487
1,1381,820
1,1382,917
1,1383,935
1,1384,406
1,1385,711
1,1386,96
1,1387,551
1,1388,420
1,1404,683
1,1405,1043
1,1406,825
1,1407,24
1,1408,1
1,1423,738
1,1424,667
1,1425,441
1,1426,424
1,1427,1042
1,1428,377
1,1429,882
1,1430,670
1,1462,575
1,1463,656
1,1464,1096
1,1465,355
1,1466,626
1,1467,1114
1,1468,292
1,1469,589
1,1470,466
1,1471,379
1,1472,228
1,1535,141
1,1536,366
1,1537,101
1,1538,402
1,1539,628
1,1540,194
1,1566,1426
1,1567,1261
1,1568,1419
1,1569,621
1,1570,133
1,1571,998
1,1572,1050
1,1573,846
1,1574,2548
1,1575,660
1,1576,1308
1,1577,807
1,1578,874
1,1579,2477
1,1580,1629
1,1581,1556
1,1582,1509
1,1653,83
1,1654,788
1,1754,1379
1,1755,1708
1,1812,2803
1,1813,2774
1,1814,1295
1,1816,737
1,1829,1198
1,1830,909
1,1831,1373
1,1832,1721
1,1833,721
1,1834,0.01
1,1842,305
1,1843,623
1,1901,423
1,1904,1238
1,1905,672
1,1908,261
1,1909,100
1,1922,139
1,1923,525
1,1924,1246
1,1925,251
1,1926,508
1,1934,1839
1,1935,1270
1,1936,1622
1,1979,745
1,1983,245
1,1984,515
1,2027,417
1,2028,277
1,2029,256
1,2037,772
1,2038,856
1,2039,889
1,2040,153
1,2046,1076
1,2047,538
1,2048,22
1,2049,156
1,2050,124
1,2060,427
1,2061,533
1,2064,903
1,2065,1165
1,2066,972
1,2067,870
1,2068,557
1,2069,701
1,2070,753
1,2071,185
1,2072,802
1,2073,532
1,2074,569
1,2075,308
1,2076,579
1,2077,705
1,2078,451
1,2079,183
1,2080,633
1,2081,743
1,2082,550
1,2083,655
1,2156,1146
1,2157,605
1,2158,381
1,2159,760
1,2160,498
1,2162,669
1,2163,671
1,2164,442
1,2165,355
1,2166,64
1,2167,509
1,2184,164
1,2185,244
1,2186,268
1,2190,2824
1,2191,2563
1,2192,2522
1,2193,590
1,2204,1143
1,2205,0.01
1,2206,947
1,2207,1760
1,2208,0.01
1,2209,0.01
1,2210,730
1,2211,427
1,2212,955
1,2213,988
1,2214,248
1,2215,15
1,2216,0.01
1,2217,4
1,2218,913
1,2219,323
1,2227,1419
1,2228,263
1,2229,0.01
1,2237,1067
1,2238,1136
1,2239,947
1,2240,813
1,2241,1118
1,2242,1153
1,2243,26
1,2244,838
1,2245,413
1,2246,365
1,2247,787
1,2248,527
1,2249,123
1,2312,99
1,2313,984
1,2349,809
1,2358,757
1,2382,654
1,2383,601
1,2384,423
1,2385,289
1,2386,101
1,2417,298
1,2418,103
1,2419,542
1,2420,443
1,2421,0.01
1,2422,88
1,2423,818
1,2424,554
1,2425,515
1,2458,452
1,2459,437
1,2466,1061
1,2467,712
1,2479,629
1,2480,174
1,2573,756
1,2577,693
1,2596,240
1,2597,150
1,2598,436
1,2599,552
1,2625,732
1,2626,303
1,2627,295
1,2628,458
1,2629,476
1,2630,798
1,2631,78
1,2632,0.01
1,2633,554
1,2634,550
1,2635,705
1,2636,640
1,2646,576
1,2647,470
1,2648,948
1,2649,545
1,2655,350
1,2656,233
1,2662,657
1,2663,1052
1,2664,692
1,2665,747
1,2666,800
1,2667,485
1,2668,591
1,2669,668
1,2670,1338
1,2671,846
1,2797,502
1,2839,116
1,2840,615
1,2841,535
1,2842,616
1,2843,565
1,2844,435
1,2871,857
1,2872,643
1,2873,233
1,2881,554
1,2882,103
1,2883,330
1,2889,651
1,2890,634
1,2936,283
1,2937,383
1,2941,515
1,2970,186
1,2971,96
1,2972,100
1,3125,771
1,3142,476
1,3143,537
1,3145,465
1,3146,825
1,3147,226
1,3163,390
1,3164,833
1,3224,1403
1,3225,1651
1,3226,1949
1,3231,1427
1,3232,609
1,3241,408
1,3242,80
1,3243,1003
1,3244,233
1,3263,1635
1,3264,830
1,3265,466
1,3266,420
1,3267,478
1,3268,820
1,3269,492
1,3270,898
1,3271,140
1,3272,727
1,3273,1173
1,3274,738
1,3290,587
1,3291,1193
1,3292,847
1,3293,744
1,3294,770
1,3295,951
1,3296,2106
1,3297,1084
1,3298,686
1,3299,387
1,3300,407
1,3387,758
1,3445,232
1,3454,912
1,3459,3114
1,3460,3
1,3461,864
1,3462,909
1,3463,1278
1,3464,3059
1,3465,800
1,3466,550
1,3467,586
1,3499,554
1,3500,355
1,3501,512
1,3502,3598
1,3520,909
1,3521,1702
1,3522,1860
1,3529,697
1,3539,406
1,3560,855
1,3561,878
1,3562,340
1,3563,427
1,3564,564
1,3565,663
1,3566,567
1,3567,886
1,3593,735
1,3594,17
1,3615,915
1,3616,748
1,3617,767
1,3618,15
1,3619,16
1,3620,0.01
1,3621,2366
1,3622,1134
1,3640,1007
1,3641,322
1,3644,752
1,3645,1078
1,3646,907
1,3647,1018
1,3648,759
1,3649,788
1,3650,560
1,3651,995
1,3652,497
1,3653,550
1,3654,624
1,3655,762
1,3703,652
1,3704,424
1,3705,1765
1,3706,122
1,3707,36
1,3708,12
1,3709,14
1,3710,686
1,3711,0.01
1,3712,8
1,3713,13
1,3714,15
1,3715,717
1,3716,673
1,3717,802
1,3718,389
1,3719,787
1,3720,261
1,3721,319
1,3722,720
1,3723,630
1,3724,160
1,3729,1568
1,3730,412
1,3731,924
1,3732,1168
1,3733,1598
1,3734,570
1,3735,359
1,3736,1790
1,3765,1194
1,3766,2204
1,3767,1211
1,3768,6
1,3769,0.01
1,3784,2147
1,3785,1602
1,3786,389
1,3787,1308
1,3788,1195
1,3789,678
1,3790,882
1,3798,749
1,3827,588
1,3828,934
1,3829,115
1,3830,709
1,3831,667
1,3832,359
1,3833,473
1,3834,400
1,3835,294
1,3836,408
1,3837,676
1,3838,455
1,3839,586
1,3840,138
1,3843,1
1,3848,446
1,3849,316
1,3850,947
1,3871,750
1,3872,211
1,3873,522
1,3878,743
1,3879,867
1,3880,792
1,3881,3581
1,3882,1103
1,3893,610
1,3910,1280
1,3912,1848
1,3913,2293
1,3932,781
1,3933,237
1,3934,196
1,3937,133
1,3938,629
1,3939,540
1,3940,1047
1,3948,498
1,3949,77
1,3950,133
1,3951,523
1,3952,65
1,3953,752
1,3954,630
1,3960,597
1,3961,971
1,3962,378
1,3963,325
1,3964,109
1,3965,232
1,3966,455
1,3968,502
1,3978,249
1,3979,708
1,3994,447
1,3995,514
1,3996,556
1,3997,321
1,4011,648
1,4012,568
1,4013,840
1,4044,761
1,4100,640
1,4101,777
1,4102,399
1,4103,480
1,4104,856
1,4105,669
1,4106,577
1,4107,516
1,4117,462
1,4118,610
1,4119,999
1,4120,247
1,4121,540
1,4122,263
1,4125,249
1,4126,124
1,4127,269
1,4128,22
1,4129,57
1,4130,525
1,4138,1365
1,4139,2444
1,4140,742
1,4141,2754
1,4142,555
1,4143,505
1,4144,966
1,4147,631
1,4148,0.01
1,4149,317
1,4150,1078
1,4153,874
1,4164,451
1,4165,946
1,4166,167
1,4167,230
1,4172,593
1,4180,853
1,4181,822
1,4182,1133
1,4183,1291
1,4184,601
1,4185,987
1,4186,733
1,4202,779
1,4203,626
1,4204,336
1,4205,187
1,4206,120
1,4210,948
1,4211,333
1,4215,835
1,4284,487
1,4285,512
1,4286,685
1,4287,258
1,4355,945
1,4418,698
1,4466,922
1,4509,1065
1,4510,408
1,4521,602
1,4545,542
1,4546,461
1,4592,2490
1,4593,924
1,4596,580
1,4597,866
1,4598,546
1,4619,463
1,4620,116
1,4621,238
1,4622,1067
1,4629,189
1,4641,541
1,4642,1980
1,4666,866
1,4667,255
1,4679,996
1,4680,330
1,4716,367
1,4717,1112
1,4718,107
1,4719,917
1,4720,2247
1,4721,0.01
1,4741,4
1,4742,5
1,4743,289
1,4744,0.01
1,4745,465
1,4762,115
1,4763,51
1,4764,479
1,4765,44
1,4773,283
1,4774,529
1,4775,523
1,4776,856
1,4777,337
1,4794,871
1,4822,699
1,4882,629
1,4904,585
1,4935,495
1,4936,373
1,4937,0.01
1,4943,708
1,4944,220
1,4945,306
1,4946,177
1,4953,52
1,4954,627
1,4955,607
1,4986,944
1,4987,2154
1,4988,836
1,4989,384
1,4992,746
1,4993,216
1,5004,1611
1,5005,0.01
1,5009,337
1,5010,730
1,5013,865
1,5016,535
1,5017,271
1,5044,360
1,5049,665
1,5050,237
1,5051,253
1,5052,325
1,5053,677
1,5059,595
1,5060,268
1,5061,298
1,5063,456
1,5081,582
1,5087,957
1,5088,388
1,5089,468
1,5090,612
1,5091,744
1,5092,841
1,5093,1036
1,5094,547
1,5095,766
1,5096,850
1,5097,495
1,5098,396
1,5102,809
1,5103,432
1,5104,119
1,5105,687
1,5106,340
1,5107,958
1,5108,206
1,5109,488
1,5122,241
1,5157,708
1,5158,381
1,5159,61
1,5182,171
1,5183,164
1,5233,662
1,5238,2053
1,5265,2360
1,5266,963
1,5267,311
1,5286,0.01
1,5288,453
1,5289,778
1,5290,896
1,5291,223
1,5304,591
1,5305,261
1,5306,441
1,5352,218
1,5353,78
1,5405,764
1,5409,286
1,5410,174
1,5411,131
1,5443,681
1,5461,278
1,5464,249
1,5475,1481
1,5476,2015
1,5477,670
1,5478,1050
1,5479,94
1,5480,17
1,5481,427
1,5485,382
1,5506,376
1,5507,1762
1,5508,546
1,5509,0.01
1,5510,167
1,5511,14
1,5512,1504
1,5513,15
1,5514,0.01
1,5515,16
1,5516,877
1,5517,19
1,5518,5
1,5524,321
1,5531,0.01
1,5532,15
1,5553,727
1,5554,555
1,5555,21
1,5556,8
1,5557,5
1,5558,228
1,5563,859
1,5564,769
1,5565,359
1,5582,959
1,5585,570
1,5586,345
1,5587,321
1,5589,237
1,5590,247
1,5591,2396
1,5592,278
1,5593,3055
1,5594,1917
1,5595,1720
1,5599,728
1,5601,935
1,5605,857
1,5606,126
1,5622,593
1,5627,314
1,5628,279
1,5629,891
1,5643,255
1,5663,840
1,5664,323
1,5692,1351
1,5709,294
1,5710,888
1,5713,776
1,5714,757
1,5731,475
1,5732,846
1,5738,596
1,5746,1024
1,5747,916
1,5767,760
1,5785,470
1,5787,722
1,5793,892
1,5800,484
1,5805,354
1,5806,549
1,5807,273
1,5810,299
1,5811,308
1,5813,729
1,5815,574
1,5817,251
1,5818,701
1,5819,888
1,5829,499
1,5830,435
1,5851,690
1,5864,0.01
1,5865,965
1,5884,425
1,5896,561
1,5897,42
1,5901,685
1,5902,767
1,5903,492
1,5920,368
1,5924,2233
1,5925,843
1,5927,1274
1,5928,1987
1,5929,2724
1,5935,508
1,5945,599
1,5951,133
1,5973,542
1,5980,537
1,5981,562
1,5982,468
1,5983,279
1,5991,156
1,6016,393
1,6017,375
1,6038,631
1,6050,260
1,6051,765
1,6056,458
1,6074,1531
1,6075,278
1,6084,133
1,6085,577
1,6095,402
1,6105,551
1,6113,578
1,6118,246
1,6119,837
1,6120,0.01
1,6121,0.01
1,6122,57
1,6137,792
1,6138,764
1,6139,358
1,6140,578
1,6141,230
1,6142,1
1,6143,19
1,6144,0.01
1,6149,177
1,6150,1411
1,6155,308
1,6156,381
1,6157,178
1,6184,759
1,6185,470
1,6187,475
1,6188,689
1,6202,465
1,6203,120
1,6204,24
1,6205,0.01
1,6206,10
1,6207,928
1,6216,470
1,6219,928
1,6221,79
1,6222,532
1,6223,494
1,6256,258
1,6277,683
1,6278,469
1,6279,524
1,6280,567
1,6281,410
1,6282,471
1,6283,488
1,6293,677
1,6308,1225
1,6311,990
1,6312,394
1,6316,197
1,6317,178
1,6320,686
1,6328,599
1,6341,419
1,6347,844
1,6348,266
1,6351,109
1,6354,587
1,6355,0.01
1,6356,5
1,6358,716
1,6366,48
1,6368,136
1,6429,630
1,6432,611
1,6433,473
1,6434,679
1,6435,838
1,6436,694
1,6444,589
1,6450,443
1,6451,551
1,6461,349
1,6464,277
1,6467,481
1,6468,891
1,6469,615
1,6496,749
1,6497,159
1,6517,1056
1,6518,509
1,6527,423
1,6531,703
1,6558,198
1,6560,791
1,6568,231
1,6569,1
1,6570,389
1,6577,368
1,6578,137
1,6579,142
1,6600,322
1,6615,605
1,6616,997
1,6617,700
1,6625,310
1,6626,340
1,6627,663
1,6630,502
1,6636,338
1,6639,560
1,6671,11
1,6677,692
1,6678,634
1,6679,608
1,6680,806
1,6682,92
1,6685,525
1,6687,506
1,6722,301
1,6731,349
1,6732,6
1,6749,952
1,6760,874
1,6761,1060
1,6766,1172
1,6790,85
1,6818,322
1,6824,638
1,6825,707
1,6831,685
1,6853,696
1,6858,81
1,6860,0.01
1,6888,372
1,6889,823
1,6890,506
1,6891,813
1,6901,593
1,6929,1186
1,6931,709
1,6943,39
1,6963,891
1,6975,667
1,6987,36
1,7002,308
1,7010,603
1,7015,307
1,7022,2
1,7039,662
2,25,587
2,26,90
2,27,1936
2,28,1465
2,29,862
2,30,1471
2,31,308
2,32,702
2,33,635
2,34,600
2,35,340
2,36,482
2,37,614
2,38,805
2,39,744
2,40,2097
2,41,467
2,42,660
2,43,835
2,44,861
2,45,711
2,46,875
2,47,939
2,48,805
2,49,975
2,50,1239
2,51,1041
2,52,972
2,53,589
2,54,683
2,55,0.01
2,56,1027
2,57,426
2,206,792
2,222,875
2,223,793
2,224,780
2,225,963
2,226,624
2,227,1111
2,228,38
2,229,788
2,230,738
2,231,818
2,232,637
2,233,609
2,234,964
2,235,1022
2,236,473
2,237,946
2,238,620
2,239,378
2,240,1008
2,241,450
2,242,677
2,243,761
2,244,1185
2,245,405
2,246,590
2,247,351
2,248,0.01
2,249,345
2,250,560
2,251,975
2,252,902
2,253,733
2,254,641
2,255,222
2,256,806
2,344,782
2,345,365
2,582,1727
2,583,1821
2,584,1573
2,612,2981
2,613,2578
2,614,332
2,615,2045
2,689,1230
2,690,1494
2,691,443
2,692,576
2,693,441
2,694,715
2,695,0.01
2,696,873
2,697,0.01
2,698,6
2,699,708
2,700,489.99999999999994
2,701,0.01
2,702,2241
2,703,2807
2,704,2720
2,705,215
2,706,630
2,707,928
2,708,392
2,709,2065
2,752,851
2,753,866
2,754,859
2,755,775
2,756,988
2,761,1740
2,762,2059
2,763,2403
2,796,2694
2,797,2784
2,798,0.01
2,799,3136
2,800,718
2,801,533
2,802,909
2,803,577
2,804,509
2,805,1059
2,806,1512
2,809,705
2,810,884
2,811,867
2,812,794
2,822,659
2,823,1044
2,824,424
2,825,456
2,826,93
2,827,716
2,828,432
2,829,330
2,830,1658
2,831,743
2,832,340
2,833,788
2,834,2
2,835,835
2,849,3515
2,850,2243
2,854,1151
2,855,761
2,856,3132
2,909,954
2,910,291
2,911,772
2,912,913
2,913,851
2,914,903
2,915,588
2,916,309
2,917,776
2,918,0.01
2,919,571
2,920,388
2,921,0.01
2,922,742
2,923,702
2,924,811
2,925,767
2,926,8
2,927,2952
2,928,2860
2,991,1547
2,992,1249
2,993,910
2,994,567
2,995,217
2,996,2995
2,997,2878
2,998,2777
2,999,2858
2,1000,1684
2,1001,1865
2,1031,410
2,1032,619
2,1033,868
2,1100,956
2,1101,1248
2,1153,738
2,1154,917
2,1155,1016
2,1156,984
2,1157,0.01
2,1158,2057
2,1159,1896
2,1160,947
2,1161,1028
2,1162,669
2,1260,1270
2,1261,2620
2,1262,2194
2,1263,975
2,1264,271
2,1265,1918
2,1266,43
2,1267,848
2,1268,0.01
2,1289,626
2,1290,0.01
2,1291,581
2,1292,1017
2,1433,785
2,1434,839
2,1435,868
2,1520,863
2,1521,2301
2,1522,1439
2,1523,2486
2,1524,1023
2,1525,31
2,1526,0.01
2,1532,590
2,1533,1300
2,1534,975
2,1549,770
2,1550,562
2,1555,2208
2,1556,722
2,1557,1781
2,1558,744
2,1559,623
2,1560,486
2,1561,865
2,1562,283
2,1563,637
2,1591,161
2,1593,3186
2,1597,7
2,1635,6
2,1638,12
2,1639,2963.0000000000005
2,1640,15
2,1641,269
2,1642,77
2,1644,6
2,1645,14
2,1647,388
2,1659,1923
2,1660,1963
2,1661,1536
2,1665,651
2,1666,923
2,1667,695
2,1668,949
2,1669,884
2,1670,1048
2,1671,1759
2,1672,5
2,1673,0.01
2,1674,0.01
2,1675,676
2,1676,8
2,1677,910
2,1678,717
2,1679,646
2,1680,792
2,1699,1200
2,1700,865
2,1701,1094
2,1703,317.51874996581546
2,1705,344
2,1706,624
2,1791,677
2,1792,804
2,1793,2260
2,1794,804
2,1795,939
2,1796,87
2,1797,892
2,1798,12
2,1800,752
2,1801,858
2,1802,971
2,1803,2262
2,1810,558
2,1811,654
2,1849,1277
2,1850,1360
2,1851,566
2,1852,977
2,1853,945
2,1864,617
2,1865,748
2,1866,877
2,1867,567
2,1868,710
2,1870,908
2,1874,1062
2,1875,0.01
2,1876,0.01
2,1877,1319
2,1878,799
2,1879,1028
2,1880,727
2,2010,207
2,2011,886
2,2012,1078
2,2013,770
2,2014,1305
2,2026,541
2,2042,1946
2,2043,1017
2,2044,897
2,2045,819
2,2053,748
2,2054,800
2,2055,523
2,2056,352
2,2057,411
2,2058,575
2,2059,615
2,2087,531
2,2088,851
2,2089,932
2,2090,1043
2,2091,0.01
2,2092,897
2,2093,870
2,2094,1321
2,2119,1366
2,2121,561
2,2122,514
2,2123,734
2,2126,581
2,2127,898
2,2139,817
2,2140,1271
2,2141,1372
2,2142,1429
2,2143,885
2,2187,899
2,2188,1086
2,2189,335
2,2360,1175
2,2361,850
2,2362,0.01
2,2363,923
2,2364,588
2,2370,669
2,2371,1088
2,2372,677
2,2524,491
2,2562,670
2,2637,1291
2,2673,573
2,2674,479
2,2679,1406
2,2680,613
2,2681,1567
2,2682,2070
2,2683,720
2,2687,931
2,2693,373
2,2694,193
2,2695,187
2,2696,561
2,2697,1618
2,2698,801
2,2699,803
2,2700,0.01
2,2701,7
2,2702,1629
2,2703,913
2,2704,1642
2,2713,153
2,2715,982
2,2759,643
2,2760,550
2,2761,843
2,2800,0.01
2,2801,0.01
2,2802,877
2,2810,1100
2,2811,677
2,2835,782
2,2836,643
2,2850,110
2,2851,457
2,2852,1820
2,2853,1664
2,2854,8
2,2855,1702
2,2858,457
2,2859,1523
2,2866,2145
2,2867,2096
2,2868,1556.0950000274042
2,2870,885
2,2945,347
2,2946,461
2,2947,672
2,2948,1255
2,2968,1712
2,2969,1560
2,3009,663
2,3010,668
2,3029,882
2,3030,1246
2,3031,691
2,3044,552
2,3045,0.01
2,3046,1788
2,3047,933
2,3048,626
2,3049,605
2,3050,183
2,3051,784
2,3052,974
2,3053,458
2,3054,526
2,3055,737
2,3056,815
2,3057,477
2,3058,1016
2,3059,1764
2,3060,422
2,3061,1727
2,3062,1610
2,3063,793
2,3064,639
2,3065,615
2,3066,857
2,3067,184
2,3076,100
2,3077,201
2,3078,443
2,3079,422
2,3080,309
2,3081,503
2,3082,551
2,3093,786
2,3115,1041
2,3149,712
2,3150,397
2,3186,1329
2,3187,1064
2,3221,359
2,3222,669
2,3223,629
2,3262,1392
2,3333,1142
2,3334,852
2,3335,631
2,3336,286
2,3337,869
2,3338,1804
2,3344,400
2,3345,613
2,3346,766
2,3348,1191
2,3349,618
2,3350,908
2,3352,1054
2,3353,613
2,3354,1179
2,3355,790
2,3359,758
2,3362,647
2,3363,0.01
2,3364,8
2,3365,2002
2,3366,1779
2,3367,12
2,3368,0.01
2,3369,737
2,3370,1010
2,3371,517
2,3372,1146
2,3373,561
2,3374,833
2,3375,787
2,3376,1825
2,3377,1603
2,3378,570
2,3503,982
2,3504,1421
2,3505,1123
2,3506,2174
2,3507,1424
2,3508,144
2,3509,2206
2,3516,921
2,3517,0.01
2,3518,1332
2,3519,1067
2,3530,2014
2,3531,2784
2,3534,526
2,3535,0.01
2,3536,0.01
2,3540,869
2,3541,10
2,3542,588
2,3555,1687
2,3557,636
2,3571,887
2,3572,99
2,3575,891
2,3576,838
2,3577,891
2,3642,1650
2,3643,2049
2,3669,889
2,3670,917
2,3671,610
2,3672,894
2,3673,2127
2,3674,960
2,3675,2551
2,3676,28
2,3677,295
2,3678,627
2,3679,109
2,3680,2802
2,3681,11
2,3682,1757
2,3683,1638
2,3684,649
2,3685,714
2,3687,599
2,3688,2835
2,3689,2717
2,3690,219
2,3744,969
2,3745,2043
2,3771,1056
2,3772,816
2,3773,512
2,3774,780
2,3775,901
2,3782,651
2,3783,946
2,3799,2824
2,3800,410
2,3801,237
2,3802,593
2,3803,658
2,3804,815
2,3821,701
2,3822,603
2,3823,726
2,3886,906
2,3887,465
2,3888,302
2,3889,384
2,3890,1051
2,3891,953
2,3896,779
2,3897,462
2,3924,751
2,3925,772
2,3926,5
2,3927,906
2,3928,786
2,4027,909
2,4030,810
2,4031,678
2,4032,0.01
2,4033,812
2,4034,916
2,4035,529
2,4036,678
2,4092,2482
2,4159,502
2,4160,436
2,4161,836
2,4162,965
2,4174,1443
2,4175,663
2,4176,929
2,4177,1006
2,4178,969
2,4179,616
2,4216,1192
2,4217,957
2,4218,28
2,4219,1559
2,4247,1209
2,4248,546
2,4249,534
2,4262,913
2,4263,646
2,4264,1062
2,4265,1511
2,4266,2206
2,4267,1900
2,4324,458
2,4383,0.01
2,4384,0.01
2,4385,0.01
2,4386,0.01
2,4410,797
2,4411,729
2,4412,577
2,4459,775
2,4460,900
2,4461,556
2,4478,676
2,4537,777
2,4538,874
2,4539,702
2,4540,1743
2,4541,1705
2,4542,1391
2,4554,780
2,4555,573
2,4585,643
2,4586,610
2,4587,731
2,4595,1623
2,4646,2415
2,4647,2562
2,4648,316
2,4649,730
2,4650,1928
2,4651,1591
2,4678,821
2,4687,239
2,4688,1676
2,4689,846
2,4702,953
2,4750,1052
2,4806,598
2,4807,74
2,4808,87
2,4819,610
2,4820,717
2,4821,791
2,4827,739
2,4828,814
2,4832,280
2,4846,848
2,4864,806
2,4866,1580
2,4867,490
2,4868,1868
2,4869,1673
2,4883,76
2,4889,448
2,4890,726
2,4891,863
2,4896,374
2,4897,0.01
2,4981,1084
2,4982,146
2,4994,728
2,4995,31
2,4996,54
2,5101,1124
2,5114,680
2,5118,1032
2,5119,53
2,5134,855
2,5137,1746
2,5180,985
2,5203,867
2,5204,943
2,5205,428
2,5207,501
2,5217,450
2,5218,773
2,5219,649
2,5220,839
2,5221,905
2,5222,216
2,5223,939
2,5224,0.01
2,5225,548
2,5226,517
2,5227,964
2,5228,547
2,5229,561
2,5230,514
2,5231,938
2,5262,982
2,5263,328
2,5282,321
2,5283,476
2,5303,540
2,5332,601
2,5333,507
2,5337,845
2,5338,1142
2,5340,832
2,5341,922
2,5342,912
2,5343,851
2,5344,668
2,5395,925
2,5397,631
2,5398,930
2,5436,3
2,5437,32
2,5444,1071
2,5445,751
2,5446,919
2,5447,410
2,5448,855
2,5467,750
2,5482,1655
2,5491,753
2,5492,921
2,5493,421
2,5497,574
2,5544,9
2,5567,1944
2,5583,792
2,5584,720
2,5647,1470
2,5648,1155
2,5655,896
2,5705,906
2,5706,501
2,5707,1644
2,5740,590
2,5741,508
2,5754,828
2,5755,577
2,5756,681
2,5761,919
2,5762,696
2,5763,836
2,5765,4
2,5766,872
2,5790,606
2,5791,591
2,5792,680
2,5853,389
2,5866,723
2,5895,581
2,5904,1130
2,5905,295
2,5909,1421
2,5918,2051
2,5919,697
2,5921,0.01
2,5922,937
2,5974,812
2,5975,315
2,5977,1118
2,5978,809
2,5979,815
2,5993,940
2,5994,865
2,5998,670
2,5999,621
2,6005,1404
2,6006,0.01
2,6007,0.01
2,6009,832
2,6021,381
2,6022,0.01
2,6023,1037
2,6037,795
2,6044,892
2,6045,139
2,6046,747
2,6047,503
2,6048,565
2,6049,38
2,6052,1344
2,6053,1219
2,6054,1228
2,6062,1773
2,6064,961
2,6070,368
2,6071,615
2,6094,594
2,6097,188
2,6098,550
2,6099,395
2,6100,920
2,6110,870
2,6112,941
2,6126,968
2,6127,673
2,6128,187
2,6132,39
2,6145,429
2,6146,725
2,6147,62
2,6148,1012
2,6160,3446
2,6162,0.01
2,6182,723
2,6200,937
2,6209,888
2,6210,865
2,6211,801
2,6214,704
2,6218,1273
2,6225,526
2,6241,769
2,6242,1252
2,6243,866
2,6252,776
2,6262,0.01
2,6263,0.01
2,6264,793
2,6265,0.01
2,6275,915
2,6296,694
2,6319,0.01
2,6333,802
2,6336,755
2,6338,633
2,6339,566
2,6340,906
2,6380,669
2,6381,437
2,6387,756
2,6388,729
2,6389,0.01
2,6390,0.01
2,6391,794
2,6413,577
2,6422,903
2,6465,637
2,6476,654
2,6490,929
2,6500,0.01
2,6506,8
2,6515,389
2,6516,630
2,6543,406
2,6551,638
2,6556,762
2,6576,664
2,6584,1999
2,6599,897
2,6605,331
2,6606,371
2,6607,646
2,6634,0.01
2,6635,171
2,6655,969
2,6672,399
2,6681,675
2,6683,377
2,6684,481
2,6700,628
2,6708,738
2,6709,706
2,6712,842
2,6713,485
2,6726,0.01
2,6727,0.01
2,6734,763
2,6744,286
2,6756,96
2,6762,493
2,6765,981
2,6785,134
2,6791,769
2,6792,591
2,6793,1006
2,6794,394
2,6798,56
2,6812,667
2,6813,592
2,6814,548
2,6821,832
2,6842,1028
2,6843,503
2,6846,496
2,6862,0.01
2,6865,660
2,6866,526
2,6879,449
2,6882,53
2,6898,445
2,6920,573
2,6921,1967
2,6933,799
2,6934,0.01
2,6935,0.01
2,6941,1077
2,6946,716
2,6980,941
2,6982,1154
2,6986,2
2,7040,279
2,7058,0.01
3,391,1144
3,392,1105
3,393,1270
3,394,1232
3,395,1077
3,410,842
3,411,1265
3,490,436
3,497,524
3,498,588
3,499,611
3,500,616
3,501,391
3,502,207
3,503,206
3,504,268
3,505,218
3,506,99
3,507,1175
3,537,339
3,538,72
3,539,485
3,540,819
3,679,127
3,680,402
3,681,552
3,682,575
3,683,561
3,684,1317
3,685,158
3,686,118
3,687,282
3,688,624
3,745,747
3,746,959
3,747,434
3,748,309
3,749,525
3,750,969
3,836,932
3,837,119
3,838,105
3,839,258
3,862,553
3,863,357
3,864,62
3,974,1212
3,975,445
3,979,666
3,1026,628
3,1029,459
3,1030,107
3,1062,456
3,1087,161
3,1088,187
3,1089,932
3,1090,244
3,1091,887
3,1092,70
3,1093,988
3,1094,785
3,1096,575
3,1097,474
3,1098,224
3,1099,444
3,1164,275
3,1165,185
3,1248,830
3,1249,538
3,1250,430
3,1293,812
3,1294,1179
3,1295,803
3,1296,844
3,1324,783
3,1327,138
3,1328,312
3,1329,570
3,1330,366
3,1331,946
3,1332,248
3,1340,101
3,1366,311
3,1389,848
3,1390,908
3,1391,756
3,1392,921
3,1394,457
3,1395,1038
3,1396,653
3,1397,619
3,1473,292
3,1474,568
3,1475,457
3,1476,80
3,1477,407
3,1478,720
3,1479,660
3,1480,665
3,1583,0.01
3,1584,607
3,1585,723
3,1590,378
3,1592,1699
3,1594,571
3,1595,719
3,1596,1002
3,1598,948
3,1599,572
3,1600,50
3,1601,554
3,1602,2164
3,1603,3374
3,1604,12
3,1605,15
3,1606,688
3,1607,0.01
3,1608,3668
3,1609,2200
3,1610,0.01
3,1611,0.01
3,1612,2686
3,1613,630
3,1614,9
3,1615,187
3,1616,586
3,1617,3582
3,1618,2472
3,1619,0.01
3,1620,3439
3,1621,2145
3,1622,5
3,1623,3006
3,1624,4244
3,1625,0.01
3,1626,48
3,1627,1946
3,1628,735
3,1629,0.01
3,1630,1937
3,1631,1678
3,1632,3193
3,1633,2292
3,1634,1573
3,1636,1375
3,1637,4850
3,1643,0.01
3,1646,0.01
3,1648,1374
3,1649,1146
3,1650,800
3,1651,2746
3,1655,759
3,1656,0.01
3,1657,697
3,1658,1840
3,1695,727
3,1696,122
3,1697,623
3,1698,189
3,1828,821
3,1854,385
3,1855,264
3,1856,173
3,1857,202
3,1858,909
3,1859,777
3,1860,187
3,1861,1881
3,1862,529
3,1863,723
3,1869,1827
3,1871,1661
3,1872,1068
3,1873,803
3,1881,1423
3,1882,2894
3,1883,6115
3,1884,3743
3,1885,1670
3,1896,1043
3,1956,1479
3,1957,2661
3,1968,266
3,1969,0.01
3,1970,1258
3,1971,1107
3,1972,785
3,1973,265
3,1974,4185
3,1975,2153
3,1976,1649
3,1977,1564
3,1978,878
3,1980,827
3,1981,829
3,1993,612
3,1994,873
3,1995,1321
3,1996,7
3,1997,1188
3,1998,0.01
3,1999,1603
3,2000,0.01
3,2001,28
3,2002,1029
3,2003,24
3,2004,549
3,2005,787
3,2006,262
3,2007,730
3,2008,15
3,2009,9
3,2015,1805
3,2016,2040
3,2017,2843
3,2018,2231
3,2019,633
3,2020,1224
3,2021,852
3,2022,4306
3,2023,0.01
3,2024,0.01
3,2025,40
3,2111,947
3,2112,7
3,2113,0.01
3,2114,1375
3,2115,3526
3,2116,362
3,2117,879
3,2118,0.01
3,2120,0.01
3,2124,782
3,2125,2012
3,2128,318
3,2129,3562
3,2130,1048
3,2131,1002
3,2132,709
3,2133,1017
3,2134,871
3,2135,2242
3,2136,3737
3,2144,1915
3,2145,1455
3,2146,3454
3,2147,537
3,2148,136
3,2149,901
3,2150,0.01
3,2151,957
3,2152,0.01
3,2153,672
3,2154,734
3,2297,505
3,2298,402
3,2299,483
3,2300,447
3,2301,196
3,2302,461
3,2303,270
3,2315,479
3,2356,112
3,2357,280
3,2359,1445
3,2365,1453
3,2366,1626
3,2367,1945
3,2368,1847
3,2369,966
3,2373,951
3,2374,1103
3,2375,2013
3,2376,1529
3,2377,2975
3,2378,4869
3,2379,4736
3,2380,2262
3,2381,1663
3,2387,844
3,2563,775
3,2564,344
3,2565,407
3,2566,855
3,2567,1005
3,2568,775
3,2622,781
3,2623,589
3,2624,658
3,2705,1147
3,2706,808
3,2707,1679
3,2708,1132
3,2709,453
3,2710,2458
3,2711,1117
3,2712,1276
3,2714,3557
3,2716,38
3,2717,3985
3,2718,1202
3,2719,13
3,2720,377
3,2721,105
3,2722,813
3,2723,0.01
3,2724,0.01
3,2725,2283
3,2726,0.01
3,2727,0.01
3,2728,0.01
3,2729,0.01
3,2730,0.01
3,2731,1809
3,2732,2098
3,2733,1531
3,2734,1408
3,2735,0.01
3,2736,1965
3,2737,530
3,2738,801
3,2739,931
3,2740,1084
3,2741,835
3,2742,720
3,2743,1389
3,2744,356
3,2745,331
3,2746,645
3,2747,814
3,2748,602
3,2749,285
3,2750,95
3,2751,580
3,2752,836
3,2753,768
3,2754,2399
3,2755,1956
3,2756,940
3,2757,510
3,2758,442
3,2765,1085
3,2766,781
3,2772,506
3,2773,686
3,2774,309
3,2776,1499
3,2777,0.01
3,2778,1014
3,2780,4
3,2795,987
3,2796,1132
3,2803,2436
3,2804,1290
3,2805,908
3,2806,1917
3,2807,617
3,2808,678
3,2809,2472
3,2812,678
3,2821,1326
3,2822,718
3,2823,709
3,2837,1026
3,2838,945
3,2845,215
3,2846,594
3,2847,561
3,2848,1900
3,2849,405
3,2856,849
3,2857,901
3,2860,0.01
3,2861,971
3,2862,1056
3,2863,2
3,2864,617
3,2865,2456
3,2868,341.90499997259576
3,2869,3694
3,2880,2176
3,2938,633
3,2939,1498
3,2940,989
3,2942,1162
3,2943,715
3,2944,2646
3,2951,669
3,2952,643
3,2953,656
3,2954,806
3,2955,742
3,2956,547
3,2957,406
3,2958,904
3,2959,775
3,2960,935
3,2961,899
3,2962,1076
3,2963,18
3,2964,737
3,2965,907
3,2966,895
3,2967,1195
3,2973,1311
3,2974,668
3,2975,1048
3,2976,1463
3,2977,1018
3,2994,1368
3,2997,735
3,2998,759
3,2999,863
3,3227,683
3,3228,1139
3,3229,919
3,3230,1259
3,3248,562
3,3249,630
3,3250,274
3,3251,602
3,3275,292
3,3276,846
3,3277,494
3,3278,507
3,3279,444
3,3280,0.01
3,3281,653
3,3282,776
3,3283,582
3,3284,242
3,3285,448
3,3339,640
3,3340,619
3,3341,585
3,3342,617
3,3343,498
3,3384,504
3,3385,177
3,3386,386
3,3489,235
3,3490,411
3,3491,696
3,3492,244
3,3493,1278
3,3494,629
3,3495,633
3,3496,0.01
3,3497,543
3,3498,363
3,3559,364
3,3569,625
3,3570,514
3,3598,108
3,3599,989
3,3600,682
3,3601,112
3,3639,633
3,3665,402
3,3666,832
3,3667,908
3,3726,8
3,3727,806
3,3728,166
3,3855,716
3,3856,606
3,3857,1019
3,3858,798
3,3859,607
3,3860,655
3,3861,1094
3,3867,154
3,3868,449
3,3869,429
3,3875,516
3,3876,294
3,3877,222
3,3898,398
3,3899,436
3,3900,470
3,3901,414
3,3902,420
3,3903,763
3,3904,492
3,3905,538
3,3906,435
3,3914,934
3,3915,530
3,4061,422
3,4062,650
3,4063,673
3,4064,524
3,4207,541
3,4208,436
3,4209,457
3,4212,641
3,4213,460
3,4214,608
3,4226,998
3,4227,1362
3,4256,1114
3,4257,3650
3,4258,632
3,4259,470
3,4260,413
3,4261,3052
3,4280,756
3,4281,406
3,4296,20
3,4297,662
3,4298,418
3,4299,301
3,4300,582
3,4301,694
3,4313,796
3,4314,958
3,4315,507
3,4316,514
3,4325,527
3,4348,286
3,4349,163
3,4350,603
3,4363,669
3,4364,832
3,4365,621
3,4366,958
3,4367,688
3,4368,826
3,4369,225
3,4370,810
3,4371,658
3,4374,480
3,4375,2179
3,4376,78
3,4377,3263
3,4378,2127
3,4379,3555
3,4380,3462
3,4381,2427
3,4382,2523
3,4387,483
3,4388,844
3,4496,245
3,4497,793
3,4498,690
3,4499,499
3,4500,540
3,4522,1170
3,4523,523
3,4524,488
3,4584,771
3,4599,639
3,4612,237
3,4613,82
3,4661,292
3,4673,789
3,4674,358
3,4675,519
3,4676,1280
3,4677,866
3,4691,137
3,4692,306
3,4693,657
3,4694,631
3,4695,9
3,4696,172
3,4697,191
3,4698,874
3,4761,109
3,4779,639
3,4780,842
3,4784,166
3,4785,399
3,4786,613
3,4787,300
3,4795,486
3,4813,842
3,4814,202
3,4829,558
3,4830,805
3,4831,0.01
3,4833,2295
3,4834,1018
3,4835,615
3,4836,1105
3,4837,1135
3,4838,2962
3,4839,3718
3,4840,881
3,4841,901
3,4843,961
3,4844,1639
3,4845,4
3,4861,507
3,4892,240
3,4893,336
3,4894,0.01
3,4895,17
3,4898,2662
3,4929,1030
3,4930,1032
3,4931,867
3,4932,934
3,4941,3172
3,4942,815
3,4972,558
3,4973,1103
3,4974,18
3,4975,0.01
3,4976,0.01
3,4977,1118
3,4978,1308
3,4979,2396
3,4980,3317
3,4983,1852
3,4984,1449
3,4985,625
3,5014,440
3,5015,215
3,5032,951
3,5033,958
3,5034,555
3,5035,244
3,5036,69
3,5037,935
3,5038,1218
3,5039,974
3,5040,0.01
3,5041,941
3,5042,673
3,5043,1630
3,5075,400
3,5076,355
3,5111,749
3,5112,1193
3,5113,496
3,5120,1473
3,5121,953
3,5123,801
3,5135,820
3,5136,767
3,5140,553
3,5141,782
3,5142,1583
3,5143,1708
3,5148,307
3,5149,666
3,5160,1235
3,5177,959
3,5178,296
3,5179,714
3,5181,0.01
3,5184,891
3,5192,9
3,5193,5
3,5194,10
3,5195,14
3,5196,1
3,5197,400
3,5198,669
3,5199,771
3,5200,274
3,5307,177
3,5308,165
3,5309,169
3,5310,176
3,5351,624
3,5391,754
3,5433,722
3,5434,718
3,5435,72
3,5438,235
3,5439,146
3,5462,303
3,5463,224
3,5486,349
3,5519,147
3,5520,233
3,5521,317
3,5523,1115
3,5525,129
3,5526,170
3,5527,0.01
3,5528,391
3,5535,474
3,5574,96
3,5575,508
3,5576,478
3,5623,487
3,5624,53
3,5625,425
3,5626,0.01
3,5630,0.01
3,5633,2334
3,5634,0.01
3,5635,4850
3,5636,683
3,5637,1513
3,5638,0.01
3,5642,1247
3,5652,663
3,5653,870
3,5654,608
3,5665,749
3,5667,872
3,5668,662
3,5669,371
3,5670,331
3,5671,319
3,5674,654
3,5675,509
3,5729,408
3,5730,469
3,5739,613
3,5760,741
3,5801,987
3,5802,1108
3,5804,108
3,5808,882
3,5809,1658
3,5842,1074
3,5843,1068
3,5868,378
3,5869,1793
3,5870,2911
3,5871,2928
3,5886,3427
3,5887,0.01
3,5888,779
3,5889,1172
3,5890,2377
3,5891,232
3,5892,1699
3,5893,1403
3,5908,750
3,5910,2123
3,5911,859
3,5912,32
3,5913,991
3,5914,1229
3,5915,1407
3,5916,1742
3,5917,974
3,5933,496
3,5942,132
3,5943,317
3,5944,1185
3,5962,720
3,5984,384
3,5985,263
3,5986,256
3,5987,536
3,5992,1644
3,5995,909
3,6000,871
3,6004,1058
3,6008,410
3,6010,773
3,6012,811
3,6013,485
3,6014,486
3,6063,726
3,6091,536
3,6092,314
3,6093,45
3,6106,534
3,6107,571
3,6108,442
3,6109,388
3,6124,390
3,6154,694
3,6159,343
3,6183,719
3,6217,201
3,6226,644
3,6229,45
3,6233,158
3,6235,1412
3,6255,443
3,6271,587
3,6297,132
3,6343,2416
3,6344,1409
3,6346,691
3,6349,854
3,6360,888
3,6367,845
3,6372,3359
3,6374,786
3,6375,866
3,6382,910
3,6406,608
3,6463,898
3,6477,776
3,6478,220
3,6485,1500
3,6486,2758
3,6487,755
3,6503,707
3,6528,107
3,6545,921
3,6546,557
3,6552,730
3,6557,459
3,6566,738
3,6567,1834
3,6580,906
3,6581,894
3,6597,60
3,6608,564
3,6610,523
3,6613,376
3,6642,254
3,6649,816
3,6652,1278
3,6653,9
3,6676,79
3,6692,484
3,6715,1049
3,6717,1183
3,6721,875
3,6736,484
3,6740,766
3,6741,582
3,6742,569
3,6751,929
3,6764,83
3,6768,865
3,6769,949
3,6771,137
3,6772,1418
3,6776,610
3,6800,1288
3,6801,2029
3,6806,1305
3,6808,904
3,6809,1059
3,6810,654
3,6811,327
3,6826,288
3,6840,522
3,6854,194
3,6869,621
3,6877,623.798750020592
3,6880,468
3,6881,852
3,6885,480
3,6887,643
3,6906,14
3,6923,458
3,6939,498
3,6944,3283
3,6950,914
3,6965,914
3,6969,128
3,6970,191
3,6988,348
3,6991,350
3,7013,578
3,7034,12
3,7037,808
3,7041,456
3,7053,22
4,452,1182
4,512,2249
4,513,1011
4,514,1157
4,515,1340
4,516,2214
4,520,2195
4,521,1042
4,527,3411
4,528,2857
4,529,2327
4,530,2881
4,531,1513
4,532,1489
4,533,1393
4,534,477
4,535,2801
4,536,1142
4,600,2012
4,601,1710
4,602,2608
4,603,1346
4,604,2199
4,605,2420
4,607,1725
4,618,1759
4,646,1825
4,647,2444
4,648,2246
4,655,2545
4,656,2720
4,657,1911
4,663,1448
4,664,493
4,665,1857
4,666,1757
4,667,1002
4,668,1005
4,669,2286
4,671,1167
4,672,1117
4,673,1043
4,674,2439
4,675,1236
4,715,2618
4,716,3757
4,717,1299
4,718,1884
4,719,1965
4,724,2641
4,728,1630
4,729,2146
4,730,2327
4,731,1673
4,732,2329
4,733,1505
4,734,1889
4,735,2887
4,736,692
4,737,1114
4,793,2478
4,794,2033
4,795,696
4,807,1952
4,808,836
4,857,1731
4,859,2311
4,867,696
4,868,45
4,872,1372
4,873,1000
4,874,209
4,875,2782
4,876,4012
4,877,1938
4,880,1734
4,881,1814
4,883,2477
4,884,2508
4,885,1170
4,886,2045
4,887,1495
4,888,1431
4,899,1069
4,900,697
4,901,1051
4,984,1983
4,985,1344
4,987,2215.0000000000005
4,988,2882
4,989,1122
4,990,2032
4,1047,945
4,1048,908
4,1052,953
4,1053,559
4,1054,945
4,1055,1677
4,1058,1855
4,1339,374
4,1368,1430
4,1369,1748
4,1370,416.0462499523119
4,1371,2160
4,1372,2016
4,1373,2042
4,1374,1773
4,1375,2594
4,1432,2122
4,1454,2127
4,1458,1425
4,1459,2219
4,1460,1983
4,1461,1853
4,1509,1100
4,1510,1384
4,1514,443
4,1515,1915
4,1516,0.01
4,1517,2399
4,1518,1085
4,1519,2615
4,1552,2154
4,1564,1959
4,1565,2042
4,1686,2089
4,1687,1890
4,1688,1593
4,1689,1728
4,1691,2732
4,1692,1254
4,1693,742
4,1702,1556
4,1703,811.4812500341845
4,1704,2216
4,1709,1764
4,1710,985
4,1711,875
4,1804,2078
4,1805,2577
4,1808,1469
4,1809,1462
4,1847,1875
4,1848,1389
4,1889,2076
4,1927,2175
4,1928,1417
4,1929,1043
4,1930,2036
4,1931,2222
4,1932,1786
4,1933,172
4,2051,2007
4,2052,1721
4,2307,2483
4,2308,988
4,2556,1167
4,2557,1753
4,2558,780
4,2559,1003
4,2560,1524
4,2561,811
4,2638,2215
4,3286,2180
4,3287,2121
4,3288,1820
4,3289,1234
4,3301,957
4,3308,1367
4,3313,1309
4,3314,977
4,3315,2455
4,3316,936
4,3317,3000
4,3318,2019
4,3319,2123
4,3360,1014
4,3361,400
4,3382,946
4,3389,2721
4,3390,2469
4,3391,1996
4,3392,1532
4,3393,1959
4,3395,1511
4,3396,1074
4,3397,1360
4,3417,2315
4,3434,1141
4,3435,2308
4,3436,1756
4,3437,1200
4,3438,1527
4,3439,1891
4,3440,1698
4,3441,1877
4,3443,2347
4,3469,2151
4,3475,965
4,3477,849
4,3478,657
4,3479,1153
4,3481,1247
4,3482,1047
4,3484,1361
4,3485,1907
4,3488,1396
4,3510,504
4,3511,1846
4,3512,1935
4,3513,2131
4,3515,1365
4,3532,702
4,3533,1986
4,3537,1599
4,3587,2027
4,3604,1708
4,3693,1309
4,3695,1527
4,3696,1888
4,3746,2063
4,3747,1608
4,3748,1350
4,3751,1561
4,3752,2105
4,3753,2083
4,3754,1655
4,3755,3218
4,3756,4014
4,3757,2019
4,3758,1521
4,3759,1282
4,3760,634
4,3761,1857
4,3762,762
4,3892,2101
4,3943,2003
4,4047,461
4,4090,1969
4,4091,1358
4,4525,2041
4,4526,2186
4,4527,2523
4,4534,2276
4,4536,657
4,4547,1396
4,4548,2447
4,4549,2073
4,4551,2692
4,4553,1875
4,4560,889
4,4561,2814
4,4568,1882
4,4569,2675
4,4570,3749
4,4572,1477
4,4573,2252
4,4574,1187
4,4576,698
4,4577,3059
4,4578,2482
4,4589,1008
4,4590,717
4,4591,2094
4,4594,839
4,4609,3535
4,4614,2112
4,4615,1860
4,4618,1486
4,4627,2677
4,4628,1024
4,4645,1512
4,4660,1047
4,4759,1241
4,4760,1337
4,4771,2446
4,4772,1300
4,4811,1208
4,4812,150
4,4848,2640
4,4852,1634
4,4853,1898
4,4856,1208
4,4857,591
4,4858,45
4,4860,1410
4,4862,809
4,4863,1687
4,4865,828
4,4877,1379
4,4884,1508
4,4885,2070
4,4887,1940
4,4888,1244
4,4899,2055
4,4933,584
4,4950,1869
4,5100,2679
4,5130,1567
4,5131,941
4,5320,1109
4,5321,1259
4,5323,1977
4,5325,1361
4,5356,1790
4,5363,2227
4,5386,1202
4,5387,1704
4,5388,1070
4,5389,2172
4,5390,1728
4,5393,1803
4,5394,1852.5862500069286
4,5399,1847
4,5459,2092
4,5471,2096
4,5472,3050
4,5742,791
4,5743,1233
4,5751,3384
4,5752,1383
4,5753,1131
4,5759,1513
4,5773,2360
4,5774,1138
4,5778,3077
4,5784,2821
4,5788,1590
4,5789,1862
4,5794,1767
4,5816,1228
4,5834,1954
4,5837,1103
4,5838,1358
4,5840,1284
4,5841,1037
4,5849,1218
4,5850,2136
4,5852,789
4,5862,1241
4,5872,1103
4,5894,494
4,5898,744
4,5899,821
4,5976,519
4,6058,2123
4,6059,1920
4,6077,1352
4,6087,1935
4,6090,2220
4,6101,2050
4,6102,580
4,6103,332
4,6129,1308
4,6130,2010
4,6131,1098
4,6136,1060
4,6196,900
4,6208,726
4,6212,381
4,6213,1802
4,6220,699
4,6267,1731
4,6268,2050
4,6270,1301
4,6272,900
4,6273,1046
4,6274,2067
4,6276,1037
4,6288,1215
4,6289,2859
4,6290,2862
4,6292,1156
4,6315,1395
4,6323,1057
4,6324,812
4,6409,1248
4,6418,1330
4,6419,1514
4,6425,2017
4,6426,1225
4,6504,1373
4,6505,1614
4,6507,1766
4,6508,1220
4,6509,1106
4,6510,1568
4,6511,1369
4,6512,1406
4,6513,1288
4,6514,1249
4,6521,1095
4,6524,1137
4,6526,1137
4,6540,1589
4,6554,1368
4,6572,891
4,6593,1627
4,6603,1475
4,6618,990
4,6665,799
4,6668,731
4,6669,756
4,6670,1539
4,6673,1156
4,6674,1571
4,6690,2618
4,6691,2754
4,6693,747
4,6696,1301
4,6697,562
4,6701,393
4,6707,0.01
4,6737,697
4,6738,948
4,6739,2262
4,6743,1045
4,6745,1422
4,6746,1241
4,6747,1243
4,6748,800
4,6750,1142
4,6759,843
4,6778,827
4,6779,806
4,6780,1166
4,6782,1513
4,6783,1640
4,6784,1635
4,6786,883
4,6787,1511
4,6796,1393
4,6797,1809
4,6820,1628
4,6822,1421
4,6823,951
4,6855,911
4,6856,1476
4,6857,1332
4,6863,1642
4,6886,1686
4,6899,857
4,6900,1290
4,6902,1355
4,6903,1171
4,6908,1891
4,6925,4078
4,6926,1717
4,6928,1757
4,6942,1948
4,6955,753
4,6958,1491
4,6964,614
4,6983,1426
4,6996,1083
4,7001,3634
4,7005,1404
4,7014,116
4,7017,643
4,7018,628
4,7019,2188
4,7029,104
4,7045,947
4,7046,592
4,7047,451
4,7049,1638
4,7054,0.01
5,94,306
5,121,588
5,122,660
5,154,675
5,155,342
5,156,562
5,157,912
5,158,289
5,159,329
5,160,251
5,180,445
5,181,571
5,182,530
5,207,932
5,208,881
5,209,1544
5,210,989
5,211,1071
5,212,1546
5,213,922
5,214,373
5,215,756
5,257,938
5,319,844
5,320,961
5,321,1353
5,322,659
5,323,715
5,324,0.01
5,335,703
5,336,753
5,337,1158
5,346,28
5,347,519
5,348,376
5,364,579
5,365,310
5,366,752
5,367,223
5,380,813
5,381,860
5,382,104
5,383,631
5,447,351
5,448,2225
5,449,804
5,450,1017
5,451,1855
5,453,937
5,454,774
5,455,312
5,456,1659
5,457,739
5,458,1554
5,461,1733
5,462,1766
5,565,1209
5,566,1789
5,567,189
5,569,9
5,571,0.01
5,573,404
5,574,1058
5,576,524
5,577,870
5,578,487
5,579,13
5,580,348
5,581,774
5,595,919
5,621,1006
5,633,87
5,645,816
5,932,321
5,933,360
5,934,652
5,935,2694
5,936,2055
5,937,1865
5,938,1680
5,1002,2256
5,1003,2367
5,1043,432
5,1044,0.01
5,1045,774
5,1046,872
5,1084,622
5,1085,835
5,1086,1258
5,1118,676
5,1119,324
5,1137,1196
5,1138,942
5,1139,1235
5,1200,778
5,1201,998
5,1202,13
5,1203,1353
5,1204,2120
5,1205,952
5,1206,421
5,1207,806
5,1208,352
5,1209,927
5,1210,526
5,1211,490
5,1212,898
5,1213,1024
5,1214,1280
5,1215,542
5,1216,821
5,1217,839
5,1218,241
5,1219,1093
5,1221,1555
5,1338,350
5,1393,857
5,1398,647
5,1399,851
5,1400,921
5,1401,902
5,1402,436
5,1403,331
5,1431,1634
5,1436,761
5,1481,993
5,1482,1358
5,1483,0.01
5,1484,949
5,1485,837
5,1486,0.01
5,1487,990
5,1488,309
5,1489,0.01
5,1490,627
5,1491,544
5,1492,785
5,1493,806
5,1494,1979
5,1495,2134
5,1496,2254
5,1497,1925
5,1498,1955
5,1499,1933
5,1500,2330
5,1501,2112
5,1502,2058
5,1503,962
5,1504,1712
5,1505,2043
5,1506,1914
5,1507,1988
5,1508,829
5,1707,164
5,1708,1651
5,1727,1004
5,1728,644
5,1729,2200
5,1730,1853
5,1731,1176
5,1732,827
5,1733,220
5,1734,2303
5,1735,746
5,1736,920
5,1737,868
5,1738,712
5,1739,1233
5,1740,647
5,1741,1652
5,1742,763
5,1743,2376
5,1744,298
5,1745,2298
5,1746,875
5,1760,631
5,1799,719
5,1817,1507
5,1818,1263
5,1819,720
5,1820,967
5,1821,984
5,1822,520
5,1823,935
5,1824,1032
5,1825,976
5,1826,586
5,1827,1782
5,1886,874
5,1887,724
5,1888,373
5,1890,2115
5,1948,632
5,1949,497
5,1950,626
5,1951,449
5,1952,790
5,1953,553
5,1954,828
5,1955,922
5,1958,48
5,1959,537
5,1960,100
5,1961,418
5,1962,1459
5,1963,919
5,1964,1767
5,1965,778
5,1966,8
5,1967,965
5,1988,1813
5,1989,1367
5,1990,1185
5,1991,832
5,1992,649
5,2030,1015
5,2031,719
5,2095,735
5,2096,1349
5,2097,269
5,2098,962
5,2099,8
5,2100,826
5,2101,241
5,2155,172
5,2168,622
5,2169,511
5,2170,669
5,2171,824
5,2172,24
5,2173,32
5,2174,89
5,2175,363
5,2176,91
5,2177,1630
5,2178,0.01
5,2179,724
5,2180,512
5,2181,972
5,2182,905
5,2183,895
5,2220,276
5,2225,169
5,2226,738
5,2250,281
5,2251,889
5,2252,523
5,2291,1135
5,2329,736
5,2330,1221
5,2331,81
5,2332,927
5,2333,313
5,2334,3161
5,2335,3111
5,2336,1942
5,2337,2779
5,2338,377
5,2339,680
5,2340,879
5,2341,936
5,2348,882
5,2350,495
5,2388,365
5,2389,611
5,2390,748
5,2391,2483
5,2392,2001
5,2393,2437
5,2394,1408
5,2395,432
5,2396,617
5,2397,14
5,2398,931
5,2399,892
5,2400,478
5,2401,1577
5,2402,1921
5,2403,890
5,2404,1071
5,2405,2210
5,2406,1599
5,2407,1906
5,2408,1708
5,2409,1209
5,2410,961
5,2411,1123
5,2412,1368
5,2413,1055
5,2414,1817
5,2415,979
5,2416,859
5,2515,2403
5,2516,2725
5,2517,0.01
5,2518,2264
5,2519,566
5,2520,447
5,2521,2433
5,2522,2153
5,2523,777
5,2525,762
5,2526,445
5,2532,1435
5,2533,1472
5,2534,1228
5,2535,9
5,2536,0.01
5,2537,0.01
5,2538,0.01
5,2539,0.01
5,2540,0.01
5,2541,0.01
5,2542,811
5,2544,0.01
5,2545,0.01
5,2546,0.01
5,2547,865
5,2548,2
5,2549,917
5,2550,512
5,2551,553
5,2552,659
5,2554,829
5,2555,830
5,2600,2501
5,2601,1308
5,2602,960
5,2603,1143
5,2604,1351
5,2605,4
5,2606,576
5,2607,532
5,2608,857
5,2609,2234
5,2610,871
5,2611,773
5,2612,1836
5,2613,1889
5,2614,633
5,2615,2421
5,2616,245
5,2619,45
5,2620,870
5,2621,771
5,2639,814
5,2657,1098
5,2658,944
5,2659,1034
5,2660,825
5,2661,883
5,2672,923
5,2784,615
5,2785,981
5,2786,842
5,2892,2736
5,2893,1334
5,2894,2141
5,2895,398
5,2896,736
5,2897,747
5,2898,689
5,2899,952
5,2900,609
5,2901,2011
5,2902,1687
5,2903,1432
5,2904,2032
5,2905,2344
5,2906,871
5,2907,868
5,2908,542
5,2909,489
5,2910,467
5,2911,497
5,2912,1877
5,2913,2014
5,2914,922
5,2915,777
5,2916,795
5,2917,815
5,2918,678
5,2919,323
5,3090,341
5,3091,0.01
5,3092,0.01
5,3094,257
5,3107,890
5,3108,0.01
5,3109,9
5,3110,584
5,3111,677
5,3112,482
5,3113,474
5,3114,363
5,3116,552
5,3117,373
5,3118,1572
5,3119,1204
5,3120,730
5,3121,1222
5,3122,1056
5,3123,0.01
5,3124,518
5,3127,644
5,3128,974
5,3129,0.01
5,3130,834
5,3131,924
5,3138,279
5,3139,596
5,3140,539
5,3141,469
5,3148,1205
5,3151,1536
5,3152,683
5,3153,655
5,3154,581
5,3155,638
5,3156,396
5,3238,767
5,3239,677
5,3240,1899
5,3258,890
5,3259,0.01
5,3260,0.01
5,3261,0.01
5,3347,837
5,3403,0.01
5,3404,858
5,3405,632
5,3406,751
5,3407,2239
5,3408,2183
5,3409,280
5,3410,99
5,3413,1073
5,3414,5
5,3415,776
5,3416,246
5,3444,1683
5,3453,450
5,3455,128
5,3456,472
5,3457,0.01
5,3458,45
5,3514,1195
5,3525,551
5,3526,0.01
5,3527,882
5,3528,316
5,3568,2012
5,3588,497
5,3589,478
5,3590,746
5,3591,1455
5,3592,623
5,3602,576
5,3603,750
5,3605,813
5,3606,638
5,3607,478
5,3608,0.01
5,3609,883
5,3610,0.01
5,3611,0.01
5,3612,0.01
5,3614,759
5,3623,1203
5,3624,1431
5,3625,1200
5,3626,1050
5,3627,1374
5,3628,1931
5,3629,957
5,3636,542
5,3637,680
5,3638,412
5,3663,6
5,3692,592
5,3700,1151
5,3701,4
5,3702,134
5,3770,1057
5,3794,846
5,3795,1289
5,3796,811
5,3797,0.01
5,3845,938
5,3846,847
5,3847,1027
5,3874,140
5,3883,453
5,3884,952
5,3921,846
5,3922,944
5,3931,926
5,3981,964
5,3982,576
5,3983,2099
5,3984,2567
5,3985,2599
5,3986,962
5,3987,1536
5,3988,506
5,3989,1039
5,3990,769
5,3998,1230
5,3999,1009
5,4000,1075
5,4001,2098
5,4002,1334
5,4003,1434
5,4039,987
5,4040,322
5,4069,1862
5,4070,1343
5,4071,782
5,4072,1185
5,4073,8
5,4077,819
5,4078,920
5,4079,675
5,4080,790
5,4081,894
5,4082,1018
5,4083,707
5,4088,1925
5,4089,1407
5,4145,387
5,4146,343
5,4154,0.01
5,4155,581
5,4156,650
5,4157,611
5,4158,127
5,4187,473
5,4188,110
5,4189,726
5,4190,498
5,4191,728
5,4192,937
5,4195,726
5,4196,833
5,4197,830
5,4198,130
5,4199,531
5,4200,360
5,4201,1211
5,4245,1076
5,4246,735
5,4252,1907
5,4253,258
5,4254,1060
5,4255,718
5,4277,515
5,4278,860
5,4279,807
5,4327,946
5,4328,0.01
5,4329,671
5,4330,463
5,4331,680
5,4332,921
5,4333,675
5,4334,0.01
5,4335,945
5,4336,924
5,4337,1131
5,4338,719
5,4339,1166
5,4340,735
5,4389,783
5,4390,754
5,4391,723
5,4392,1006
5,4393,121
5,4394,0.01
5,4395,664
5,4396,824
5,4397,924
5,4398,380
5,4399,384
5,4400,365
5,4430,804
5,4436,458
5,4451,483
5,4452,0.01
5,4453,0.01
5,4458,2276
5,4473,424
5,4474,664
5,4475,295
5,4476,810
5,4477,4
5,4479,533
5,4480,0.01
5,4495,652
5,4511,1821
5,4512,1507
5,4513,600
5,4514,961
5,4515,359
5,4516,631
5,4517,491
5,4518,829
5,4600,106
5,4601,751
5,4631,742
5,4632,721
5,4652,852
5,4657,740
5,4662,446
5,4663,346
5,4664,1
5,4665,351
5,4671,1281
5,4672,1171
5,4684,49
5,4685,531
5,4703,524
5,4704,226
5,4705,678
5,4706,1027
5,4707,883
5,4708,1503
5,4709,2104
5,4710,902
5,4711,757
5,4712,1030
5,4713,0.01
5,4746,458
5,4758,1760
5,4781,661
5,4782,1091
5,4783,947
5,4815,544
5,4816,1007
5,4818,567
5,4900,844
5,4901,665
5,4902,760
5,4910,366
5,4920,675
5,4921,908
5,4925,700
5,4926,1014
5,4927,822
5,4928,425
5,4934,773
5,4940,672
5,4958,2279
5,4959,35
5,5003,736
5,5006,824
5,5007,912
5,5008,104
5,5025,475
5,5026,15
5,5027,325
5,5028,1155
5,5029,895
5,5030,425
5,5031,818
5,5045,841
5,5046,1600
5,5047,412
5,5048,398
5,5067,2077
5,5068,2023
5,5073,435
5,5074,513
5,5125,746
5,5126,562
5,5127,645
5,5128,604
5,5168,910
5,5169,1856
5,5170,1716
5,5171,885
5,5245,1039
5,5246,721
5,5248,443
5,5249,826
5,5250,187
5,5251,0.01
5,5252,1372
5,5254,708
5,5259,630
5,5260,767
5,5264,18
5,5302,898
5,5346,1647
5,5376,1520
5,5377,638
5,5378,672
5,5379,748
5,5380,556
5,5381,373
5,5382,670
5,5383,762
5,5384,816
5,5394,91.4137499930714
5,5412,0.01
5,5413,654
5,5414,2
5,5415,0.01
5,5416,13
5,5417,0.01
5,5418,148
5,5419,0.01
5,5420,6
5,5421,238
5,5422,4
5,5423,5
5,5424,996
5,5425,0.01
5,5426,8
5,5427,0.01
5,5428,967
5,5449,1015
5,5450,931
5,5473,896
5,5474,923
5,5488,2047
5,5489,1855
5,5490,1217
5,5503,0.01
5,5504,0.01
5,5529,526
5,5547,331
5,5548,9
5,5578,1114
5,5579,989
5,5596,342
5,5604,0.01
5,5607,1961
5,5608,1764
5,5609,880
5,5610,640
5,5611,271
5,5612,2
5,5613,438
5,5614,5
5,5615,272
5,5616,1537
5,5617,0.01
5,5618,0.01
5,5619,0.01
5,5620,0.01
5,5621,0.01
5,5632,598
5,5656,616
5,5657,927
5,5658,950
5,5659,975
5,5660,855
5,5662,1002
5,5673,334
5,5676,824
5,5677,353
5,5678,672
5,5679,453
5,5680,1299
5,5681,12
5,5682,84
5,5691,908
5,5718,0.01
5,5719,1131
5,5720,0.01
5,5721,0.01
5,5727,1045.8899999998978
5,5764,798
5,5795,599
5,5796,568
5,5797,614
5,5798,847
5,5803,854
5,5820,738
5,5821,594
5,5822,305
5,5823,695
5,5824,884
5,5856,1007
5,5857,56
5,5858,969
5,5859,562
5,5860,1063
5,5861,815
5,5873,0.01
5,5876,871
5,5877,835
5,5881,894
5,5882,0.01
5,5883,466
5,5906,2193
5,5907,2543
5,5926,493
5,5947,2324
5,5948,719
5,5949,1896
5,5950,5
5,5959,876
5,5960,15
5,5961,2501
5,5966,2305
5,5967,0.01
5,5968,0.01
5,5969,0.01
5,5970,0.01
5,5971,0.01
5,5972,0.01
5,6002,907
5,6028,429
5,6035,574
5,6036,1168
5,6066,114
5,6067,942
5,6068,719
5,6069,863
5,6072,631
5,6073,434
5,6080,857
5,6081,766
5,6082,828
5,6086,445
5,6114,0.01
5,6115,0.01
5,6116,0.01
5,6117,0.01
5,6151,10
5,6152,136
5,6153,314
5,6169,820
5,6189,590
5,6190,857
5,6191,1659
5,6192,893
5,6193,829
5,6236,628
5,6237,818
5,6238,758
5,6254,244
5,6301,1162
5,6302,850
5,6303,0.01
5,6304,715
5,6310,1612
5,6318,10
5,6335,714
5,6337,2001
5,6361,26
5,6369,8
5,6378,1019
5,6398,11
5,6399,17
5,6414,1097
5,6420,829
5,6424,55
5,6427,400
5,6428,754
5,6443,18
5,6454,720
5,6462,864
5,6466,1058
5,6475,668
5,6480,5
5,6481,2
5,6484,337
5,6488,546
5,6492,591
5,6499,904
5,6501,681
5,6502,697
5,6532,1072
5,6533,902
5,6534,626
5,6535,559
5,6536,595
5,6549,575
5,6550,604
5,6611,598
5,6612,789
5,6621,25
5,6622,774
5,6632,0.01
5,6637,566
5,6638,817
5,6663,587
5,6664,7
5,6702,0.01
5,6706,922
5,6714,0.01
5,6716,2
5,6723,477
5,6725,0.01
5,6752,855
5,6753,351
5,6754,704
5,6789,548
5,6803,2046
5,6804,54
5,6807,369
5,6816,431
5,6817,0.01
5,6828,729
5,6829,981
5,6845,578
5,6847,451
5,6849,17
5,6850,0.01
5,6851,2
5,6852,0.01
5,6859,320
5,6861,477
5,6864,1121
5,6871,0.01
5,6872,0.01
5,6873,1069
5,6878,508
5,6909,346
5,6910,634
5,6911,418
5,6913,407
5,6914,53
5,6915,635
5,6916,0.01
5,6927,486
5,6930,10
5,6947,615
5,6961,675
5,6967,1052
5,6977,710
5,6979,980
5,6981,902
5,7007,0.01
5,7008,20
5,7011,489
5,7012,93
5,7016,471
5,7032,986
5,7042,303
5,7050,0.01
5,7051,6
6,60,923
6,61,944
6,98,826
6,99,462
6,100,442
6,101,774
6,106,0.01
6,115,2108
6,116,902
6,117,1950
6,118,2117
6,119,2051
6,120,2130
6,132,957
6,161,2404
6,162,1376
6,163,1790
6,164,727
6,165,838
6,183,2636
6,184,1388
6,185,1128
6,186,875
6,187,1146
6,277,2357
6,278,2457
6,279,2067
6,280,2808
6,281,1457
6,282,1146
6,283,1421
6,284,1320
6,285,1633
6,286,1543
6,287,11
6,288,2063
6,289,819
6,290,613
6,291,732
6,296,183
6,297,26
6,298,429
6,299,407
6,300,371
6,313,892
6,314,1433
6,315,1633
6,316,1622
6,317,1947
6,318,1987
6,326,66
6,330,1094
6,331,556
6,332,993
6,333,0.01
6,334,782
6,338,1988
6,339,1576
6,340,1427
6,341,1152
6,342,1274
6,343,382
6,349,808
6,350,1574
6,351,262
6,352,1226
6,353,617
6,354,1391
6,355,1553
6,356,3005
6,357,1295
6,358,1833
6,359,1102
6,360,2057
6,361,2883
6,368,2921
6,369,1871
6,370,3946
6,371,1544
6,372,988
6,373,693
6,374,266
6,375,932
6,376,1083
6,377,3028
6,378,830
6,379,3093
6,384,759
6,385,728
6,386,753
6,387,411
6,388,1454
6,389,1327
6,390,1488
6,407,1295
6,408,418
6,409,299
6,412,1093
6,413,427
6,414,865
6,415,680
6,416,689
6,417,362
6,418,660
6,419,493
6,434,102
6,478,774
6,479,228
6,494,713
6,495,320
6,496,726
6,560,208
6,561,852
6,562,762
6,563,824
6,568,2251
6,570,173
6,572,961
6,575,338
6,616,152
6,631,770
6,634,413
6,635,761
6,740,255
6,741,514
6,742,852
6,743,610
6,744,267
6,757,725
6,758,575
6,759,151
6,760,795
6,813,1004
6,814,854
6,815,643
6,816,618
6,817,285
6,818,892
6,819,632
6,820,886
6,821,0.01
6,841,465
6,842,628
6,843,226
6,844,525
6,845,274
6,846,1057
6,847,1081
6,848,634
6,851,1904
6,852,499
6,853,600
6,865,738
6,866,964
6,906,527
6,907,715
6,939,357
6,940,325
6,941,671
6,942,557
6,943,434
6,944,587
6,945,758
6,946,345
6,948,705
6,949,918
6,950,1036
6,951,838
6,952,795
6,953,311
6,954,836
6,955,316
6,956,289
6,957,607
6,968,765
6,973,529
6,1042,850
6,1072,607
6,1073,1013
6,1150,399
6,1151,546
6,1152,709
6,1163,474
6,1342,464
6,1343,421
6,1344,284
6,1358,620
6,1359,455
6,1409,596
6,1410,358
6,1411,739
6,1412,956
6,1413,358
6,1414,68
6,1415,539
6,1416,679
6,1437,747
6,1511,826
6,1512,0.01
6,1513,3
6,1527,367
6,1528,914
6,1529,653
6,1530,996
6,1531,311
6,1543,422
6,1548,383
6,1551,309
6,1694,698
6,1712,748
6,1713,388
6,1714,380
6,1715,604
6,1716,870
6,1717,833
6,1718,514
6,1719,630
6,1720,375
6,1721,372
6,1756,1465
6,1757,1334
6,1758,1446
6,1759,390
6,1761,1610
6,1762,1660
6,1763,793
6,1764,1441
6,1765,2018
6,1766,587
6,1767,1884
6,1768,0.01
6,1769,1906
6,1770,8
6,1771,1
6,1772,1289
6,1785,322
6,1786,450
6,1787,1522
6,1788,1036
6,1789,585
6,1790,466
6,1806,1454
6,1807,1717
6,1891,413
6,1892,718
6,1893,289
6,1897,2053
6,1898,1521
6,1899,631
6,1900,1341
6,1902,339
6,1903,512
6,1906,626
6,1907,382
6,1910,2510
6,1911,1724
6,1912,3267
6,1913,1860
6,1914,447
6,1915,244
6,1916,972
6,1917,1103
6,1918,1020
6,1919,1122
6,1937,1148
6,1938,719
6,1939,692
6,1940,754
6,1941,811
6,1942,675
6,1943,498
6,1944,7
6,1945,119
6,1946,2
6,1947,9
6,1985,1758
6,1986,1533
6,2032,2910
6,2033,1949
6,2034,427
6,2035,2058
6,2036,2020
6,2041,879
6,2062,1005
6,2063,777
6,2084,395
6,2085,572
6,2086,924
6,2107,1315
6,2108,1237
6,2109,1436
6,2110,896
6,2137,743
6,2138,537
6,2161,723
6,2254,695
6,2255,892
6,2256,1869
6,2257,1641
6,2258,2861
6,2259,0.01
6,2260,44
6,2261,0.01
6,2262,50
6,2263,1856
6,2264,14
6,2265,0.01
6,2266,1839
6,2267,421
6,2268,1215
6,2269,0.01
6,2270,615
6,2271,2016
6,2272,1481
6,2273,691
6,2274,841
6,2275,873
6,2276,1141
6,2277,1546
6,2278,997
6,2279,1074
6,2280,579
6,2281,819
6,2282,749
6,2283,2011
6,2284,36
6,2285,2244
6,2286,0.01
6,2287,272
6,2288,2939
6,2289,1863
6,2290,1377
6,2292,1800
6,2293,2055
6,2294,826
6,2295,806
6,2296,591
6,2351,751
6,2352,385
6,2353,377
6,2426,693
6,2460,23
6,2461,1991
6,2462,2366
6,2543,1432
6,2553,932
6,2579,1013
6,2580,2397
6,2581,949
6,2582,1332
6,2583,2023
6,2584,0.01
6,2585,1949
6,2586,9
6,2587,12
6,2588,8
6,2589,0.01
6,2640,1446
6,2641,1514
6,2642,3
6,2643,614
6,2644,679
6,2645,659
6,2650,595
6,2651,711
6,2652,595
6,2653,610
6,2654,695
6,2874,697
6,2875,593
6,2876,0.01
6,2877,759
6,2878,1599
6,2879,673
6,2884,2010
6,2921,948
6,2922,321
6,2923,557
6,2924,859
6,2925,615
6,2926,415
6,2927,612
6,2928,397
6,2929,62
6,2930,934
6,2931,1516
6,2932,2073
6,2933,621
6,2934,1541
6,2935,1669
6,2980,914
6,2981,353
6,2988,448
6,3018,689
6,3019,603
6,3020,894
6,3070,426.68374999310845
6,3071,2334
6,3072,2596
6,3073,1780
6,3074,1277
6,3075,960
6,3095,389
6,3096,700
6,3097,478
6,3098,738
6,3099,970
6,3100,695
6,3101,2563
6,3102,986
6,3103,1271
6,3104,1234
6,3105,2286
6,3106,2288
6,3126,2858
6,3132,1305
6,3133,1218
6,3134,699
6,3135,438
6,3136,507
6,3137,25
6,3157,1086
6,3158,949
6,3159,1188
6,3160,1002
6,3161,1294
6,3162,2494
6,3233,881
6,3234,4054
6,3235,1967
6,3236,2305
6,3237,2034
6,3245,367
6,3246,181
6,3247,337
6,3252,379
6,3253,2083
6,3254,3009
6,3255,923
6,3256,2895
6,3257,2673
6,3351,483
6,3356,517
6,3357,215
6,3358,647
6,3379,776
6,3380,664
6,3381,823
6,3401,888
6,3412,433
6,3429,485
6,3431,819
6,3432,885
6,3433,341
6,3668,832
6,3686,541
6,3691,2159
6,3776,1044
6,3777,329
6,3778,831
6,3779,830
6,3780,337
6,3781,490
6,3826,708
6,3907,737
6,3908,452
6,3909,694
6,3935,631
6,3955,1929
6,3956,625
6,3957,773
6,3958,450
6,3959,0.01
6,3967,939
6,3969,1201
6,3970,494
6,3971,691
6,3975,290
6,3976,290
6,3977,851
6,4004,1123
6,4005,1742
6,4006,385
6,4007,632
6,4008,521
6,4045,346
6,4046,1784
6,4084,403
6,4085,303
6,4086,834
6,4096,367
6,4097,565
6,4098,797
6,4109,1498
6,4110,1179
6,4111,1402
6,4112,1692
6,4113,893
6,4114,963
6,4115,903
6,4116,0.01
6,4131,734
6,4132,459
6,4133,414
6,4134,1687
6,4168,1009
6,4169,941
6,4170,892
6,4250,586
6,4251,332
6,4268,809
6,4269,929
6,4270,841
6,4271,967
6,4272,0.01
6,4273,752
6,4288,12
6,4289,142
6,4290,999
6,4291,11
6,4292,886
6,4293,971
6,4294,2199
6,4295,1485
6,4413,715
6,4414,311
6,4415,841
6,4422,693
6,4431,336
6,4432,344
6,4433,3165
6,4434,2412
6,4435,2307
6,4448,1007
6,4449,1029
6,4467,1738
6,4468,1476
6,4470,337
6,4471,209
6,4481,1775
6,4482,1038
6,4483,994
6,4484,2767
6,4485,1691
6,4486,1939
6,4487,1258
6,4488,2168
6,4489,829
6,4490,606
6,4491,435
6,4492,557
6,4493,0.01
6,4494,921
6,4501,700
6,4502,531
6,4506,415
6,4507,817
6,4508,723
6,4519,600
6,4520,679
6,4535,390
6,4544,861
6,4564,981
6,4565,774
6,4633,509
6,4634,714
6,4635,733
6,4636,537
6,4637,786
6,4638,651
6,4639,535
6,4640,970
6,4686,866
6,4690,275
6,4748,335
6,4749,583
6,4766,1292
6,4768,260
6,4788,633
6,4789,626
6,4790,754
6,4791,457
6,4792,8
6,4817,1529
6,4825,271
6,4826,714
6,4870,334
6,4871,327
6,4903,453
6,4907,1526
6,4908,976
6,4909,0.01
6,4911,1810
6,4912,943
6,4913,2005
6,4914,1233
6,4915,308
6,4916,0.01
6,4917,353
6,4918,0.01
6,4919,4
6,4922,732
6,4923,446
6,4924,673
6,4938,1806
6,4939,501
6,4947,826
6,4948,630
6,4951,986
6,4956,1003
6,4957,386
6,4990,390
6,4991,888
6,5001,333
6,5002,616
6,5011,246
6,5012,957
6,5058,2005
6,5161,316
6,5162,715
6,5163,9
6,5164,718
6,5165,37
6,5166,17
6,5167,0.01
6,5172,0.01
6,5173,823
6,5236,1035
6,5237,2107
6,5243,890
6,5244,21
6,5247,920
6,5255,1715
6,5256,3014
6,5257,798
6,5258,1921
6,5261,2534
6,5269,2028
6,5270,1381
6,5284,2259
6,5285,1089
6,5287,1197
6,5292,383
6,5293,189
6,5294,705
6,5295,2248
6,5296,800
6,5297,789
6,5298,830
6,5299,1046
6,5300,1654
6,5301,1456
6,5334,353
6,5335,916
6,5336,311
6,5345,823
6,5358,724
6,5359,773
6,5360,757
6,5361,438
6,5371,570
6,5372,900
6,5373,495
6,5440,517
6,5441,816
6,5442,0.01
6,5522,690
6,5530,307
6,5545,891
6,5546,2008
6,5559,1805
6,5602,36
6,5603,13
6,5639,976
6,5640,944
6,5644,0.01
6,5645,732
6,5646,554
6,5693,600
6,5699,1932
6,5700,579
6,5711,1618
6,5712,3197
6,5715,178
6,5716,709
6,5717,850
6,5722,632
6,5723,970
6,5724,946
6,5725,1338
6,5726,2205
6,5727,714.1100000001022
6,5728,384
6,5736,556
6,5737,558
6,5745,379
6,5748,939
6,5749,220
6,5750,2311
6,5769,500
6,5770,532
6,5786,653
6,5799,312
6,5825,70
6,5826,644
6,5827,447
6,5828,431
6,5854,229
6,5855,740
6,5874,1072
6,5878,444
6,5879,12
6,5880,0.01
6,5885,0.01
6,5900,357
6,5930,1129
6,5931,207
6,5932,663
6,5941,482
6,5946,718
6,5952,775
6,5953,350
6,5954,728
6,5955,1935
6,5956,439
6,5965,483
6,5990,37
6,6011,0.01
6,6025,1150
6,6026,626
6,6027,1229
6,6029,1226
6,6057,228
6,6076,72
6,6165,1589
6,6166,949
6,6167,774
6,6168,944
6,6186,1744
6,6201,800
6,6215,1053
6,6224,267
6,6227,902
6,6228,160
6,6232,1697
6,6244,4
6,6246,778
6,6248,687
6,6249,358
6,6250,0.01
6,6253,1323
6,6284,0.01
6,6325,375
6,6326,426
6,6327,1044
6,6329,382
6,6330,407
6,6342,62
6,6345,159
6,6379,706
6,6392,1077
6,6393,991
6,6394,719
6,6395,1231
6,6407,115
6,6408,1471
6,6437,0.01
6,6439,281
6,6452,718
6,6472,386
6,6498,1177
6,6519,693
6,6544,864
6,6561,1657
6,6562,708
6,6587,0.01
6,6588,946
6,6589,1421
6,6590,1733
6,6591,847
6,6628,596
6,6633,1459
6,6643,0.01
6,6658,830
6,6659,0.01
6,6661,568
6,6662,593
6,6686,589
6,6705,306
6,6710,115
6,6711,646
6,6718,542
6,6719,500
6,6720,2
6,6724,1229
6,6729,1840
6,6733,1607
6,6735,160
6,6767,597
6,6799,1535
6,6815,1062
6,6832,1040
6,6833,554
6,6874,730
6,6875,2117
6,6876,582
6,6883,707
6,6907,222
6,6917,336
6,6922,2435
6,6932,0.01
6,6945,1164
6,6948,481
6,6951,2293
6,6953,392
6,6962,939
6,6966,204
6,6971,4
6,6972,1397
6,6992,318
6,6997,87
6,6999,407
6,7025,11
6,7028,795
6,7031,23
6,7033,6
6,7048,64
6,7052,0.01
6,7055,16
7,508,1858
7,509,752
7,510,1994
7,511,2074
7,517,3178
7,518,551
7,519,3083
7,522,1532
7,523,1528
7,524,1525
7,525,1249
7,526,1707
7,596,1974
7,606,1104
7,608,2048
7,617,2939
7,619,2058
7,620,2751
7,658,1213
7,659,1951
7,660,1844
7,661,1431
7,662,1634
7,670,2201
7,710,2463
7,713,973
7,714,1837
7,720,1907
7,721,2012
7,722,1682
7,723,2288
7,725,1344
7,726,1726
7,727,1719
7,858,2860
7,878,1672
7,879,1850
7,882,1827
7,898,1099
7,986,1361
7,1049,754
7,1050,712
7,1051,757
7,1056,1045
7,1057,553
7,1236,1785
7,1237,1333
7,1238,1790
7,1239,2546
7,1240,1195
7,1241,1594
7,1242,3
7,1243,1887
7,1244,1243
7,1245,2325.999999945634
7,1246,561
7,1247,1014
7,1269,1717
7,1270,604
7,1271,910
7,1272,43
7,1273,1403
7,1274,892
7,1311,901
7,1312,575
7,1313,609
7,1314,1428
7,1315,1499
7,1316,1980
7,1317,823
7,1318,611
7,1319,1887
7,1320,1473
7,1321,1552
7,1367,1991
7,1370,1984.9537500476881
7,1438,118
7,1439,2453
7,1440,800
7,1441,431
7,1442,681
7,1443,13
7,1444,1239
7,1445,330
7,1446,1990
7,1447,942
7,1448,783
7,1449,0.01
7,1450,1386
7,1451,790
7,1452,1257
7,1453,1458
7,1455,1209
7,1456,1460
7,1457,1276
7,1553,2498
7,1554,3098
7,1685,2242
7,1690,1073
7,1844,1782
7,1845,2561
7,1846,2020
7,2309,1312
7,2675,2421
7,2676,2659
7,2677,1861
7,2678,2591
7,2684,1374
7,2685,1438
7,2686,1555
7,2688,704
7,2689,583
7,2762,2428
7,2763,2673
7,2764,1995
7,2813,660
7,2814,2944
7,2815,2037
7,2816,2425
7,2817,2331
7,2818,2925
7,2819,2104
7,2824,1628
7,2825,1693
7,2826,1704
7,2827,2135
7,2828,822
7,2829,794
7,2830,661
7,2831,846
7,2832,663
7,2833,571
7,2834,551
7,2949,3042
7,2950,1746
7,2991,1996
7,2992,2654
7,2993,2887
7,2995,530
7,2996,793
7,3000,1964
7,3001,1267
7,3002,1027
7,3003,796
7,3004,2051
7,3005,852
7,3006,734
7,3007,377
7,3008,390
7,3011,271
7,3012,2318
7,3013,922
7,3014,1299
7,3015,1293
7,3302,1167
7,3303,1863
7,3304,1759
7,3305,1242
7,3306,2474
7,3307,1823
7,3309,2182
7,3310,1961
7,3311,955
7,3312,2602
7,3388,2089
7,3394,1211
7,3418,857
7,3419,904
7,3420,2243
7,3421,1792
7,3422,1162
7,3423,1504
7,3442,2218
7,3468,1117
7,3470,1399
7,3471,991
7,3472,1484
7,3473,1211
7,3474,1510
7,3476,1363
7,3480,2352
7,3483,3176
7,3486,2071
7,3487,1672
7,3543,896
7,3544,174
7,3545,674
7,3546,11
7,3547,637
7,3548,542
7,3549,0.01
7,3550,1859
7,3551,1094
7,3552,1565
7,3553,923
7,3554,230
7,3556,1434
7,3573,1996
7,3574,494
7,3578,717
7,3579,0.01
7,3580,0.01
7,3581,673
7,3582,1930
7,3583,1810
7,3584,1343
7,3585,1443
7,3586,1579
7,3694,716
7,3699,2114
7,3737,2049
7,3738,132
7,3739,1896
7,3740,1474
7,3741,1838
7,3742,879
7,3743,1269
7,3749,1546
7,3750,1180
7,3763,660
7,3764,691
7,3805,1389
7,3806,1919
7,3807,696
7,3808,1718
7,3809,1454
7,3810,1767
7,3811,1654
7,3812,786
7,3813,1327
7,3814,8
7,3815,9
7,3816,5
7,3817,13
7,3818,0.01
7,3819,785
7,3820,36
7,3923,1057
7,3929,839
7,3930,1712
7,4193,649
7,4194,2028
7,4282,584
7,4283,3026
7,4302,1489
7,4303,786
7,4304,870
7,4305,653
7,4306,654
7,4307,748
7,4308,919
7,4309,2649
7,4310,910
7,4311,2400
7,4312,1334
7,4317,1524
7,4318,1260
7,4319,1132
7,4320,600
7,4321,1844
7,4322,505
7,4323,649
7,4342,1143
7,4343,727
7,4346,927
7,4347,870
7,4359,1060
7,4360,744
7,4361,589
7,4362,410
7,4372,1595
7,4532,2524
7,4533,1481
7,4550,2039
7,4552,1180
7,4557,2547
7,4558,2713
7,4559,2932
7,4562,1955
7,4571,818
7,4575,2679
7,4579,1293
7,4580,1558
7,4581,1879
7,4582,2093
7,4583,2179
7,4602,305
7,4603,2118
7,4604,2504
7,4605,1901
7,4606,27
7,4607,893
7,4608,846
7,4610,2931
7,4611,1913
7,4617,2336
7,4623,1548
7,4624,2213
7,4625,1589
7,4626,2235
7,4644,2186
7,4658,857
7,4659,745
7,4722,2132
7,4723,752
7,4724,990
7,4725,1274
7,4726,1058
7,4727,0.01
7,4728,14
7,4729,13
7,4730,1851
7,4731,0.01
7,4732,0.01
7,4733,0.01
7,4734,10
7,4735,12
7,4736,0.01
7,4737,0.01
7,4738,754
7,4739,1406
7,4740,1073
7,4751,1034
7,4752,8
7,4753,1294
7,4754,0.01
7,4755,0.01
7,4756,870
7,4757,918
7,4769,2158
7,4770,1933
7,4796,1757
7,4797,1566
7,4798,1391
7,4799,1969
7,4800,1523
7,4801,642
7,4802,1209
7,4803,1647
7,4804,1025
7,4805,742
7,4809,720
7,4810,2299
7,4849,2927
7,4850,3022
7,4851,1304
7,4854,3783
7,4855,2195
7,4859,1588
7,5110,835
7,5124,701
7,5144,667
7,5145,4
7,5146,650
7,5147,715
7,5150,1817
7,5151,574
7,5174,408
7,5175,314
7,5176,950
7,5188,853
7,5189,1822
7,5190,1117
7,5191,1895
7,5201,1512
7,5206,510
7,5311,1133
7,5312,3685
7,5313,2098
7,5314,1912
7,5315,1158
7,5316,1231
7,5317,2047
7,5318,2223
7,5319,2218
7,5324,1886
7,5339,809
7,5354,1136
7,5355,869
7,5364,1378
7,5365,1740
7,5367,2030
7,5368,1073
7,5369,1498
7,5374,1135
7,5375,1781
7,5385,2542
7,5396,1743
7,5400,832
7,5401,1258
7,5402,754
7,5403,738
7,5404,392
7,5406,615
7,5407,722
7,5408,1590
7,5451,958
7,5452,1933
7,5454,1406
7,5455,1330
7,5456,654
7,5457,1062
7,5458,1207
7,5460,1977
7,5465,522
7,5466,810
7,5468,2584
7,5469,2007
7,5470,1205
7,5494,259
7,5495,0.01
7,5496,1089
7,5498,1970
7,5499,743
7,5500,106
7,5501,6
7,5502,0.01
7,5539,511
7,5540,554
7,5541,1219
7,5542,950
7,5543,44
7,5641,866
7,5649,2720
7,5650,664
7,5651,1427
7,5666,2495
7,5672,2059
7,5744,1997
7,5758,1075
7,5771,1703
7,5772,870
7,5776,1691
7,5777,1439
7,5779,1478
7,5780,1792
7,5781,692
7,5812,637
7,5831,1900
7,5832,453
7,5833,142
7,5835,2191
7,5836,2583
7,5844,1179
7,5845,890
7,5846,1368
7,5847,2132
7,5848,741
7,5867,1592
7,5875,2458
7,5989,1372
7,6055,613
7,6065,326
7,6078,785
7,6088,1314
7,6089,1597
7,6096,1652
7,6111,164
7,6133,666
7,6134,1369
7,6135,1260
7,6164,1254
7,6230,1704
7,6231,2
7,6234,670
7,6257,1857
7,6258,27
7,6259,0.01
7,6260,870
7,6261,916
7,6266,1739
7,6269,1442
7,6285,914
7,6286,813
7,6287,1601
7,6294,1876
7,6307,1139
7,6309,775
7,6313,847
7,6314,2044
7,6321,490
7,6322,544
7,6383,1268
7,6384,1039
7,6385,1440
7,6410,1633
7,6411,1238
7,6412,1038
7,6417,762
7,6423,1522
7,6438,1883
7,6440,1261
7,6441,917
7,6442,52
7,6445,514
7,6446,131
7,6479,403
7,6482,851
7,6520,1537
7,6522,974
7,6523,1248
7,6525,1679
7,6530,1697
7,6538,2009
7,6539,685
7,6547,1531
7,6548,1723
7,6553,505
7,6592,1484
7,6594,1858
7,6595,1240
7,6596,1670
7,6604,3615
7,6609,178
7,6614,638
7,6619,1759
7,6620,831
7,6623,544
7,6624,0.01
7,6629,530
7,6644,566
7,6645,1050
7,6646,631
7,6647,784
7,6648,1178
7,6650,731
7,6651,778
7,6667,1713
7,6675,1182
7,6688,936
7,6689,1082
7,6694,576
7,6695,1908
7,6757,1802
7,6758,1689
7,6763,57
7,6770,209
7,6781,1255
7,6788,1178
7,6795,1894
7,6819,1587
7,6827,984
7,6830,1736
7,6844,1561
7,6904,643
7,6905,2090
7,6912,911
7,6919,290
7,6924,1240
7,6936,1716
7,6937,1154
7,6940,2611
7,6954,1450
7,6959,630
7,6960,1018
7,6973,656
7,6976,698
7,6985,1474
7,6994,1047
7,6998,1485
7,7006,1500
7,7021,1361
7,7024,1061
7,7030,949
7,7036,1442
7,7038,0.01
7,7043,0.01
7,7056,1662
