GEOID,POP,X,Y
55001950100,3242,-89.75327268634646,44.20223849858787
55001950201,1386,-89.88559749096615,44.00700052731039
55001950203,935,-89.72933326772232,44.11924731956185
55001950204,1646,-89.92855809028319,44.07998200000000
55001950400,4491,-89.74469669639589,43.94054827155151
55001950501,1418,-89.89551362521571,43.88124599293692
55001950502,3775,-89.75087954992563,43.82141356992593
55001950700,3761,-89.68826655954251,43.72310135797172
55003940000,2066,-90.69172611405502,46.51900233461193
55003950300,2735,-90.87717919890082,46.57363430963500
55003950400,2267,-90.90649759478303,46.57258754038497
55003950500,2212,-90.84773455408006,46.39384578017760
55003950600,1356,-90.71454071146256,46.25391385917228
55003950700,2043,-90.60183340592496,46.08343634285104
55003950800,3348,-90.61805304124054,46.92714429109969
55003990000,0,-90.28220860765073,46.92257400000000
55005000100,3931,-91.77583228227650,45.59390140622065
55005000200,4079,-92.07872662588684,45.56539240749228
55005000300,4182,-92.03008993028334,45.44806230549894
55005000400,5669,-91.84453695210871,45.46755600590731
55005000500,4677,-91.75565416347584,45.49072734866169
55005000601,2466,-91.71837173765161,45.47467643653244
55005000602,3689,-91.72179446776018,45.50955597498655
55005000800,5527,-91.64059955357607,45.46566023713166
55005000900,4961,-91.96754801423002,45.29461586628189
55005001001,1935,-91.70817145303533,45.28081706528793
55005001003,1607,-91.65836716566889,45.33688088314169
55005001004,3988,-91.60668822419206,45.32257722386304
55007960100,3241,-90.92102750700037,46.89065826707176
55007960200,1902,-91.32506663493703,46.69966813736819
55007960300,3671,-91.00445982574425,46.67389264743425
55007960401,2080,-91.41704184669125,46.45326744061611
55007960402,3094,-91.10581458523065,46.45542790858560
55007960600,2232,-91.25181188090872,46.24449923514682
55007990000,0,-91.19438067616255,46.96789364623260
55009000100,2596,-88.01983820102194,44.54532482661239
55009000200,6093,-88.03896858508631,44.53440275416032
55009000302,4722,-88.07382475806038,44.51964157638155
55009000303,2806,-88.06405663516308,44.53608026520639
55009000401,4880,-88.05115284934384,44.52694747966800
55009000402,2206,-88.06287537034872,44.51432239006137
55009000500,2949,-88.03340678071825,44.51998703329478
55009000600,3822,-88.05366031308061,44.50789994829712
55009000700,4896,-88.04103878038835,44.50746687095941
55009000800,1653,-88.03004761451099,44.50151197919285
55009000900,4008,-87.99614895271493,44.52265152348136
55009001000,1504,-88.01387039534326,44.51103401388800
55009001100,2113,-87.99240923305804,44.51157249035837
55009001200,2196,-88.00164631709490,44.50931506665891
55009001300,2943,-88.01118777474599,44.50197395558953
55009001400,3925,-87.99874054236157,44.49805865251609
55009001600,6696,-87.98283699735141,44.48881709118064
55009001701,3719,-87.97212700493540,44.51730608388262
55009001702,3519,-87.95824476704716,44.51055474400986
55009001801,5835,-87.91565951904734,44.51431606409012
55009001802,6515,-87.93826078880075,44.54361766206683
55009002001,8553,-87.95937273661632,44.49791496774339
55009002002,5166,-87.95646836681775,44.48044674423372
55009002003,3858,-87.91374607952575,44.48767017237561
55009010100,6506,-88.04300740441397,44.44975456571886
55009010201,4601,-88.06980172394267,44.44097549999999
55009010202,5453,-88.09336140613060,44.43330363773021
55009010300,7289,-88.03747176667365,44.41553751934437
55009020100,5817,-87.84075771744233,44.58497028346130
55009020203,7028,-87.99972507555356,44.62701471798731
55009020204,5792,-88.10161806809084,44.63601978403787
55009020502,5425,-88.04209467438666,44.56857857880217
55009020504,6270,-88.13294105686840,44.57485309575801
55009020505,5400,-88.08933920029385,44.56349297819880
55009020506,2855,-88.09268806668788,44.58565426346082
55009020600,5632,-87.82629195494121,44.40028978643237
55009020702,7600,-87.94675680924246,44.38867819949522
55009020703,7598,-87.92114572186227,44.45836731277446
55009020704,8337,-87.98637798343700,44.45997259661932
55009020800,2351,-88.01683815103432,44.48840517104287
55009020900,2800,-88.02195752724958,44.47853607265558
55009021000,2841,-88.03896363297518,44.46854185167756
55009021200,5102,-88.02313080909508,44.45982863922666
55009021301,2954,-88.07242779315338,44.49962758677778
55009021302,6209,-88.10163547282826,44.49518215203968
55009021303,3776,-88.06225004999463,44.47988583892073
55009021304,2206,-88.09020607816097,44.47393039912443
55009021400,8174,-88.08493512785826,44.34718745009360
55009021500,3248,-88.02417243834192,44.27718031095121
55009021600,6441,-88.18887055856575,44.63140130978280
55009940002,4698,-88.12597151902482,44.51575514234234
55009940003,3715,-88.10400390939635,44.52275808927429
55009940004,2817,-88.08976300109516,44.52216029393185
55009940005,7279,-88.16105073713868,44.54046863110092
55009940006,4378,-88.16242021596516,44.43168257564747
55009940007,3808,-88.12210925812698,44.40405663306598
55009940008,6105,-88.12770852750269,44.45093002597694
55009980000,1062,-88.03659447448180,44.47045777106197
55011960100,2622,-91.68757453694431,44.48400161052898
55011960200,2979,-91.65603524167163,44.57601560652784
55011960300,2050,-91.95986087166975,44.45927764344614
55011960400,2471,-91.79324059541885,44.33640306937399
55011960500,3195,-91.65437669607122,44.20493753677285
55013970400,4323,-92.19696814869282,46.00712810381506
55013970600,2082,-92.13695675074047,45.79030430848577
55013970700,2600,-92.38609062161325,45.88038989807537
55013970800,2468,-92.44831708222790,45.79347502165646
55013970900,3036,-92.64506101021944,45.83947494785790
55013971000,2017,-92.68547977793455,45.70214031103978
55015020100,4912,-88.10353352536477,44.19744641965788
55015020200,3840,-88.13344998988052,44.10730863984467
55015020303,3762,-88.39347720250049,44.23858214131946
55015020304,3591,-88.37230421847676,44.23962280953892
55015020306,7047,-88.31310553634349,44.17338097562835
55015020308,4943,-88.36350272787526,44.20607123174763
55015020400,3459,-88.30164134161926,44.02122092760629
55015020500,5155,-88.19168331482943,44.05957966604883
55015020600,5076,-88.09942120915254,43.93432105489189
55015020700,4448,-88.33312189004566,44.23250783227810
55015020800,6209,-88.36948268727546,44.22968825624933
55017010100,3142,-91.46921773249375,44.87070356209547
55017010200,7331,-91.41723137678549,44.89458394086106
55017010300,5494,-91.41134065284751,44.93492725796660
55017010400,5490,-91.54113262990161,44.93796474611892
55017010500,5854,-91.35916197448611,44.94938984320476
55017010700,7892,-91.31717958709159,44.90907168525823
55017010800,7428,-91.09905530612953,44.91334352342441
55017010900,5131,-91.01470010181198,45.12889132772312
55017011001,3404,-91.16876663000271,45.10808215082206
55017011002,4091,-91.29654669912257,45.06822007887105
55017011100,4216,-91.40252413960057,45.21309134232726
55017011200,6824,-91.52435538574517,45.06745291059698
55019950100,4923,-90.36777369335586,44.97897151016127
55019950200,4657,-90.52108562094936,44.95319198157824
55019950300,4705,-90.79037361479462,44.96974337274924
55019950400,4021,-90.73740749881408,44.81438526192475
55019950500,4920,-90.43436697092298,44.78998280690637
55019950600,4773,-90.43472933998814,44.56364048418214
55019950700,3542,-90.60046469587232,44.59958642300267
55019950800,3118,-90.74051497028553,44.57908854921943
55021970100,4099,-89.12386810472877,43.54924414421767
55021970200,5921,-89.30238056722749,43.55355979384084
55021970300,4046,-89.61566734288238,43.60303086219474
55021970401,2968,-89.50392334198786,43.57562148438971
55021970402,3878,-89.45687472523282,43.52561915507709
55021970500,4334,-89.45028044831119,43.56258013586842
55021970600,4818,-89.47856420665414,43.51490347196798
55021970700,4386,-89.43264503734768,43.42354947018912
55021970800,5770,-89.59460224086018,43.32073611659676
55021970900,4823,-89.46226565446479,43.34942384491013
55021971000,3937,-89.26309968326424,43.39003709715659
55021971100,3733,-89.11959355606209,43.36093638129112
55021971200,5777,-89.04166414737963,43.32217922170409
55023960100,2869,-90.79722744360147,43.35094782367748
55023960200,2324,-91.03449510366903,43.32923841022880
55023960300,2510,-90.88145379211993,43.18316106643830
55023960400,2942,-91.04493689887089,43.07297326060278
55023960500,1747,-91.14627778399252,43.05419731369289
55023960600,3721,-91.13141513505266,43.03252714629721
55025000100,2813,-89.47545313893298,43.08294138138578
55025000201,2179,-89.47699440027699,43.06776441180109
55025000202,3120,-89.49343792123035,43.06838175155908
55025000204,5436,-89.51243616016932,43.06787824809791
55025000205,5271,-89.50053779522962,43.08068888400852
55025000301,3718,-89.45953318871844,43.07203696650373
55025000302,2176,-89.46072666108306,43.06481702866026
55025000401,3705,-89.44834889660648,43.05470725608068
55025000402,2641,-89.46391742152346,43.05146562776106
55025000406,3882,-89.52479271383767,43.04398234232180
55025000407,5712,-89.49020061664343,43.04041137054018
55025000408,1989,-89.48803240668275,43.05360795224603
55025000409,4422,-89.50957804388968,43.04032232483395
55025000410,1790,-89.51103966706435,43.05600786070241
55025000501,4893,-89.47151230141007,43.03450729669954
55025000504,7139,-89.51565447783805,43.02376972600066
55025000505,3931,-89.49221668687024,43.02262933040998
55025000506,3535,-89.47984260442372,43.02277149745260
55025000600,5821,-89.45785002068318,43.02568878117466
55025000700,3359,-89.44512430612384,43.04260049855495
55025000800,3933,-89.44380096692018,43.06805385947924
55025000901,2246,-89.42280286718889,43.06515980946408
55025000902,5695,-89.42602826579176,43.07023226919743
55025001000,2518,-89.43051716548011,43.05872991015482
55025001101,5511,-89.40739083340428,43.07056259785375
55025001102,4556,-89.41115593868471,43.07578711587626
55025001200,6436,-89.40698246410221,43.06293912745964
55025001300,2399,-89.39154325659578,43.05414716408129
55025001401,6037,-89.38712951423358,43.04459173586559
55025001402,5429,-89.42228385346934,43.04088676875877
55025001404,5312,-89.43484126882919,43.02064233675191
55025001405,3380,-89.40711905090019,43.01686060637969
55025001501,2377,-89.35129109054455,43.04767200604100
55025001502,5614,-89.35045258095315,43.03596176326439
55025001603,6733,-89.39542934193415,43.07340249993610
55025001604,6598,-89.39222652011590,43.07662494690587
55025001605,3324,-89.38963413937422,43.06757997261992
55025001606,7514,-89.39563388204790,43.07013923068116
55025001704,4154,-89.38609925595941,43.07291642562638
55025001706,2788,-89.38210275321548,43.07570227045932
55025001707,1680,-89.38235698758733,43.07903917511286
55025001802,3705,-89.37444966840127,43.08730364214897
55025001804,4431,-89.36454959099098,43.09192450000000
55025001901,4232,-89.36588086902870,43.08267680062060
55025001902,2805,-89.35455502776693,43.09123761979032
55025002000,6332,-89.33978232037001,43.09802055716648
55025002100,4761,-89.35497767989474,43.10430617796398
55025002200,4313,-89.36237042753086,43.12110369406658
55025002301,3189,-89.37868058669171,43.13248253100897
55025002302,1851,-89.40035167701252,43.13764865765845
55025002401,3387,-89.37762829411862,43.14432502391175
55025002402,3756,-89.36325188897025,43.13759036695711
55025002500,2409,-89.33953271916491,43.13154782248041
55025002601,1847,-89.32437548074741,43.11126787410623
55025002602,6036,-89.31355119512551,43.13825889448783
55025002603,5409,-89.30131362203491,43.11765224044122
55025002700,3427,-89.32283558824062,43.09431703738957
55025002800,2196,-89.31807394855156,43.07683980516763
55025002900,3315,-89.31730367751383,43.05927078170520
55025003001,4775,-89.29970575842545,43.09166209517868
55025003002,3558,-89.30262661554275,43.10224443658856
55025003100,6228,-89.29423417980325,43.06522893912566
55025003200,2436,-89.43254936874359,43.08334230966553
55025010100,2135,-89.44889048535461,43.07911459670338
55025010200,1335,-89.37187187968651,43.11284033516485
55025010300,3804,-89.33619934638250,43.06736259617687
55025010400,3569,-89.33423359497154,43.05565096962384
55025010501,4132,-89.29313755407816,43.03647387967303
55025010503,5090,-89.26787593587072,43.00524158366027
55025010504,3591,-89.29709656404364,43.01725405690590
55025010600,5111,-89.31988861750781,42.97794574144635
55025010701,6351,-89.44396273523886,42.99701223653425
55025010702,9079,-89.45897879760642,42.97696718625033
55025010801,6654,-89.51746914719153,43.00507829146484
55025010802,5415,-89.55484819848455,43.00159327112263
55025010903,4530,-89.55136486466931,43.03058960932312
55025010905,5288,-89.52980640923182,43.06877350000000
55025010906,4849,-89.55511181900684,43.07145942118321
55025010907,5614,-89.58043581382526,43.02169983931427
55025010908,5221,-89.56334766436888,43.13981375920648
55025011000,4566,-89.50504336092409,43.09078189796516
55025011101,5107,-89.49829887491785,43.10113126111376
55025011103,5382,-89.46027998077300,43.12276379980835
55025011104,4415,-89.49681305477360,43.12609404246079
55025011201,3967,-89.37108386972182,43.17445584214951
55025011202,6464,-89.49346966363132,43.17098706993810
55025011301,7366,-89.45385259878248,43.20174517361120
55025011302,3035,-89.43671217335792,43.18447209768039
55025011403,2925,-89.25707220187735,43.09473731263271
55025011404,7833,-89.29652281942938,43.18121736967694
55025011405,4990,-89.27303758749365,43.13592505708603
55025011406,4865,-89.27621779215701,43.09442761237904
55025011407,1929,-89.26170870706287,43.05878696489079
55025011504,4989,-89.25211079002968,43.18348974457039
55025011505,4400,-89.22534973846336,43.18654307834556
55025011506,6815,-89.24297368464654,43.16884066022452
55025011507,5397,-89.24434464925621,43.20122034127957
55025011508,4288,-89.23322255741084,43.21354260966740
55025011600,7398,-89.19451140551556,43.19504958476681
55025011700,4431,-89.14656490299896,43.19275450000000
55025011800,5828,-89.06852792675156,43.19649245653071
55025011900,7172,-89.07122494506945,43.02203477698434
55025012002,4864,-89.18697307068396,43.01339713447955
55025012003,6548,-89.21603341322565,43.09241298754822
55025012004,2676,-89.18382228346550,43.08907858028653
55025012100,2834,-89.11380321674707,42.88651482746029
55025012201,1945,-89.19805412030520,42.92964977336961
55025012202,6751,-89.23708646954016,42.92835560006524
55025012300,5765,-89.21476688564650,42.90030245269238
55025012400,4980,-89.36423040802778,42.88785824318703
55025012501,6657,-89.36102409740870,42.92472514790936
55025012502,6958,-89.40547232454503,42.93740094465712
55025012600,4460,-89.66206425278072,42.90084630492580
55025012700,4215,-89.80408978041510,43.03162800000000
55025012800,8313,-89.72598086889792,42.99915536180166
55025012900,3929,-89.66245829491879,43.16804507363814
55025013000,4708,-89.64348527353329,43.12125098209700
55025013100,4845,-89.77540028581861,43.17960441298378
55025013201,3879,-89.48361275807774,43.25173467455377
55025013202,8000,-89.29781287239059,43.23743206355188
55025013301,5104,-89.32007534903346,43.24502346270783
55025013302,5472,-89.35384514737143,43.24844428230842
55025013700,7107,-89.54116333340261,42.97213035585580
55025991702,0,-89.41981572378081,43.10540360358952
55025991703,0,-89.35834346809195,43.06840064892464
55027960100,6240,-88.45935426033385,43.56259705888861
55027960200,3006,-88.64922380366208,43.55098058579631
55027960300,8155,-88.74860415869689,43.61798725433199
55027960400,4426,-88.82011608900383,43.51896131219287
55027960500,4078,-88.93999507275539,43.59098273206282
55027960600,4046,-88.94088494572546,43.46039166216493
55027960700,4698,-88.83875549898087,43.47696629965751
55027960800,3588,-88.82245454462539,43.46275948687360
55027960900,4364,-88.83286938445524,43.44579924830894
55027961000,4590,-88.84866752335016,43.45120568004739
55027961100,4389,-88.70223170614844,43.39499207898576
55027961200,3436,-88.62106330383666,43.46876849415087
55027961300,5373,-88.54534480994394,43.49621568592337
55027961400,4033,-88.50802538410947,43.42759569671183
55027961500,5261,-88.47813350121960,43.28451279454392
55027961600,4278,-88.59516517086594,43.28103311219959
55027961700,3137,-88.74618968367386,43.26371184664864
55027961800,4471,-88.90143514751128,43.30672952187643
55027961900,5548,-88.73027055476706,43.20812317391071
55027962000,2279,-88.71494756493543,43.20059530131734
55029100100,2554,-86.98943454456001,45.31257703327729
55029100300,2975,-87.25868760600947,45.17916943900227
55029100400,3118,-87.25085128173450,45.03552904120389
55029100500,3601,-87.46198354588986,44.93771850000000
55029100600,3356,-87.48673367781761,44.72482940646655
55029100700,4894,-87.33470674703126,44.84468684486515
55029100800,5554,-87.35316151606082,44.81762329825331
55029100900,1775,-87.46086114355798,44.83982609715464
55029101000,2239,-87.62493497357482,44.82182916954159
55029990000,0,-86.81537345389525,45.01675236834144
55031020300,2918,-92.08299765697211,46.72627109634824
55031020400,3228,-92.06506155069687,46.71622261200668
55031020500,2906,-92.09002479775233,46.71340006635995
55031020600,4226,-92.10515170702310,46.71139895713822
55031020700,4230,-92.15521363966859,46.68984455318541
55031020800,3492,-92.08460785857046,46.67798801931546
55031020900,2291,-92.04745728341983,46.70048235552937
55031021000,1863,-91.99351058981931,46.66979242371352
55031021100,2139,-92.11106746106998,46.73455454383559
55031030101,4164,-91.78511354878012,46.60818935849013
55031030102,2083,-91.64565574469515,46.58696844044535
55031030200,5247,-92.08570587965046,46.56120123712189
55031030301,3143,-92.04894443388187,46.32693203223005
55031030302,2365,-91.67231861081375,46.31343536944721
55031990000,0,-91.73710560910172,46.76748119247195
55033970100,3903,-91.87678267253590,45.12890875156702
55033970200,4783,-92.02569040237876,45.01273497914916
55033970300,6129,-91.77370676066863,44.97482506685249
55033970400,6601,-91.76458773979273,44.79951617057660
55033970500,6813,-91.90892774713006,44.90856055075848
55033970600,4043,-92.02641031781562,44.79737637199452
55033970700,6875,-91.92520186041290,44.84725913066657
55033970801,2790,-91.92558946915284,44.87119595579978
55033970802,3503,-91.89891040148977,44.86619252099424
55035000100,5094,-91.03179311472036,44.71461310258853
55035000200,4834,-91.24082858025911,44.71961373779889
55035000301,3883,-91.33658788299546,44.83560821733129
55035000302,8369,-91.40052247122954,44.74894550000396
55035000401,2637,-91.42662450196977,44.80970516515413
55035000402,5814,-91.42868535073481,44.79892101052206
55035000501,4940,-91.48787063304118,44.84508448284346
55035000502,4939,-91.45418295107211,44.84478554435960
55035000600,4900,-91.48778201657930,44.82285976848875
55035000700,5110,-91.47928219571155,44.80447646558611
55035000801,3779,-91.48077052574801,44.78785906780752
55035000802,3944,-91.48259058320104,44.77365886057033
55035000803,6265,-91.45096156707241,44.77699298114092
55035000900,5056,-91.51555356398873,44.78370215807393
55035001101,2041,-91.49904090962806,44.80929738579304
55035001200,5318,-91.51869733988990,44.80720768847348
55035001300,5689,-91.55699860307422,44.82014999924184
55035001401,3449,-91.53546093383380,44.82784795498738
55035001402,3989,-91.51922292066159,44.82530982784720
55035001500,3859,-91.59582492938756,44.81574635914041
55035001600,6547,-91.53752543754558,44.67523145112600
55035001700,5254,-91.50166695278092,44.79763476171520
55037190101,1234,-88.48425587767505,45.94337332572163
55037190102,1465,-88.21564026983701,45.88002971969382
55037190200,1859,-88.40225002983203,45.79532704822608
55039040100,4118,-88.43189976095103,43.79081794646629
55039040200,2835,-88.44807622513737,43.79236778367397
55039040300,5954,-88.47087007204591,43.78740355521345
55039040400,2877,-88.46994250323850,43.77369144051667
55039040500,3933,-88.44824594466706,43.77835426860996
55039040700,5522,-88.48968824077618,43.75556715259755
55039040800,4506,-88.43963595457495,43.76754235624864
55039040900,3380,-88.42752032999245,43.77189130990568
55039041000,3013,-88.43382197663411,43.75863970388396
55039041101,4999,-88.42237161994819,43.73868944623938
55039041102,5171,-88.41176335196263,43.79131499830315
55039041300,6919,-88.46719523177416,43.81874268279064
55039041400,5848,-88.59495888882105,43.82938204124002
55039041500,3346,-88.80008702476425,43.85090237252225
55039041600,5831,-88.86012853796144,43.85203816881645
55039041700,3881,-88.78495406056292,43.73501169383255
55039041800,4922,-88.70483251633921,43.67670103405530
55039041901,3733,-88.49982859841387,43.67274571252240
55039041902,3397,-88.26235018689117,43.67804025576875
55039042001,3036,-88.34009411153853,43.75334413546664
55039042002,6397,-88.34304280435275,43.83292835186811
55039042100,4547,-88.24779225693635,43.84506406591710
55039042200,5989,-88.28055907188866,43.58688308367964
55041950100,1322,-88.83559237742885,45.81674092919860
55041950200,2532,-88.57507152828164,45.51064630869205
55041950300,2669,-88.79593700511190,45.56434110882493
55041950400,2656,-88.93713619171241,45.50431575924630
55043960100,3770,-90.51688336825471,43.07774517393138
55043960200,4464,-90.63127946994989,43.14933005257124
55043960300,4441,-90.68481426374488,43.02395675365079
55043960400,3373,-90.95755893815645,42.95807117233597
55043960500,3630,-90.86807599893504,42.80680256696216
55043960600,3871,-90.58202037053853,42.84780814281780
55043960700,4130,-90.71261802453894,42.85251421079211
55043960800,2990,-90.63353279840184,42.70854771484776
55043960900,5062,-90.45423445997139,42.73818563206360
55043961000,7538,-90.49160370561854,42.74787016048788
55043961100,4372,-90.55929860037735,42.63139289114000
55043961200,4297,-90.53333587377450,42.54990475074984
55045960100,6670,-89.48775458382680,42.78723798902890
55045960200,5953,-89.72023380486485,42.77113239651838
55045960300,4878,-89.52395208567840,42.65703277859761
55045960400,4359,-89.66772785738794,42.61214830518774
55045960500,3843,-89.66155753642433,42.58531150873624
55045960600,3262,-89.61614673363323,42.58588107943902
55045960700,3828,-89.76324123602919,42.60303450000000
55045960800,4300,-89.39370234758945,42.56443560143784
55047100100,3175,-88.93861628978449,43.95881885175256
55047100200,3052,-88.96674245189712,43.97682096355408
55047100300,3068,-89.06527931763699,43.90706756566914
55047100400,2803,-88.93937712523366,43.83135489701210
55047100500,3128,-89.14600104226621,43.73989989405861
55047100600,3792,-88.99349456461914,43.70750254106753
55049950100,3858,-90.01131204333996,43.09343020909053
55049950200,3002,-90.30531066045135,43.10579130724148
55049950300,3062,-90.31366330731090,42.92144399037929
55049950400,5407,-90.11489000196185,42.95167516660437
55049950500,4842,-89.94808841654333,42.92252020226342
55049950600,3538,-90.15623228455227,42.86422827764258
55051180100,2616,-90.21257830218407,46.43473564574608
55051180200,1352,-90.36971006606802,46.36668866442298
55051180300,2169,-90.10035584073428,46.13973997229810
55051990000,0,-90.41650727521898,46.69297669560542
55053960100,4293,-90.57425705346985,44.28237839298044
55053960200,3286,-90.86209967932285,44.41132653294468
55053960300,4302,-91.05380287028292,44.45699763125003
55053960400,4497,-91.02613714743183,44.20553072412643
55053960500,4767,-90.85611920404875,44.29686041591192
55055100100,5396,-88.70872092986842,43.16786688557637
55055100200,3586,-88.71739171093790,43.19189128105513
55055100301,3737,-88.75004008649169,43.17366232713617
55055100302,2358,-88.74808644373948,43.19372485187495
55055100400,5921,-88.88947520377772,43.14790000460975
55055100500,6837,-88.90005512876449,43.06776847174683
55055100601,1656,-88.96569676127100,43.06306007866691
55055100602,3437,-88.92780698134271,42.98549762199865
55055100700,4982,-88.76546550762767,43.05348261708910
55055100800,4038,-88.59829600588702,43.04540911580713
55055100900,3801,-88.70078178472374,42.95996599904031
55055101000,3678,-88.81049299250373,43.01941534560901
55055101100,4373,-88.81633794547867,42.99337111624389
55055101201,2277,-88.93671986901703,42.89377909081140
55055101202,1678,-88.81009457161623,42.87898552577433
55055101300,6017,-88.85904077752797,42.94185038976109
55055101400,3355,-88.85176829239964,42.91263145425884
55055101500,3976,-88.83016027673131,42.93911050000000
55055101600,6844,-88.64986908070726,42.88162392044065
55055101701,1434,-88.72454915019239,43.11869344702048
55055101702,5519,-88.60868660400446,43.15781796505591
55057100100,2819,-90.14338539654426,44.13549469797070
55057100200,3586,-90.21926073958893,43.86486115998292
55057100301,1450,-90.09247653868646,43.97308626663567
55057100302,2087,-90.00580925018433,43.94407392525380
55057100400,5134,-90.03527014100951,43.84124319063981
55057100500,4186,-90.08760897348894,43.78880123140421
55057100600,3270,-90.23750560281832,43.69925799522053
55057100700,4186,-89.98575290787252,43.70419532582239
55059000101,1793,-87.81351112732300,42.64586279025964
55059000102,3863,-87.83189347440177,42.65091421881740
55059000300,5167,-87.81860457233124,42.60753177732750
55059000400,3603,-87.83524037746808,42.60701526795487
55059000501,2794,-87.83185881321383,42.62053523497369
55059000502,2713,-87.84077712252845,42.62271021632744
55059000601,6496,-87.90776584252835,42.62949028943509
55059000603,3779,-87.86439561856106,42.61150357769822
55059000604,3898,-87.85411600602504,42.62509791316791
55059000700,5369,-87.86319258244639,42.59569423526520
55059000800,2763,-87.84076540118463,42.59518922567077
55059000900,4058,-87.83109582071693,42.59222125026217
55059001000,2623,-87.81721320346261,42.58528094470601
55059001100,3502,-87.83351452881818,42.58054562920519
55059001200,4020,-87.84735945646763,42.58279096561808
55059001300,3981,-87.86948864400311,42.58488377094280
55059001401,2612,-87.86413885086451,42.57284636487933
55059001402,4570,-87.87596605517632,42.57513078981913
55059001500,3709,-87.85232561812460,42.57063416326966
55059001600,3350,-87.83424063485009,42.57456388944712
55059001700,2697,-87.83510533223331,42.56885364265711
55059001800,2201,-87.82193009348713,42.57092836530614
55059001900,2351,-87.81320228842652,42.56838501043244
55059002000,5731,-87.82716013782037,42.51805969132216
55059002100,4983,-87.82777421544297,42.54922821966203
55059002200,3570,-87.83391440505150,42.56221735009483
55059002300,5706,-87.84558001090247,42.55006440458742
55059002400,4644,-87.86207942614141,42.55157976487778
55059002500,3352,-87.88026808858126,42.55148734308845
55059002603,4909,-87.93872107901490,42.57489628191831
55059002604,3939,-87.90536018357744,42.57433947217658
55059002605,5916,-87.92117988618170,42.53049464095944
55059002606,4624,-87.87174309042420,42.51586906345165
55059002700,6533,-88.01086494888369,42.53881340948114
55059002801,3410,-88.24584175401034,42.58233815310046
55059002802,2803,-88.06974200144712,42.62624488162319
55059002903,3197,-88.15671445225283,42.56403816848694
55059002904,5300,-88.14477125619865,42.52388325021727
55059002905,3776,-88.09345014265747,42.56993779364397
55059002906,5247,-88.09005034214101,42.52383100469878
55059003001,4541,-88.28262866270580,42.52651701840563
55059003002,5058,-88.22510720840914,42.52243557866419
55059990000,0,-87.42210745854757,42.57948179749519
55061960100,3227,-87.44687112527181,44.60681312567095
55061960200,2506,-87.51560948756116,44.61517999625077
55061960401,5116,-87.63737154889645,44.49939518596893
55061960402,3785,-87.67813313894196,44.60244403955974
55061960500,5929,-87.63695097552561,44.39323602938353
55061990000,0,-87.16030082537230,44.50088670069026
55063000100,4715,-91.22832129703377,43.85746640263088
55063000200,4997,-91.23814303982464,43.83637842081000
55063000300,2495,-91.26882730865026,43.83027034854068
55063000401,2498,-91.24391507569436,43.80745123725755
55063000402,3135,-91.24247771107817,43.81817325710438
55063000500,5272,-91.22906381689873,43.82295555679016
55063000600,2125,-91.20734287463259,43.81919200729123
55063000700,4453,-91.20496486373312,43.80282380653606
55063000800,3013,-91.23362332396947,43.80705493244876
55063000900,3870,-91.24658695568768,43.78811312585288
55063001000,3661,-91.23473869481228,43.79260645191085
55063001101,2155,-91.22564265605713,43.79078301624944
55063001102,4064,-91.21859597105997,43.77250128218346
55063001200,4207,-91.21110645841803,43.78398320293389
55063010101,5766,-91.02191711627533,43.98501825677319
55063010102,5112,-91.07079510316355,43.90106852840494
55063010202,8261,-91.31475564738584,43.95507937636243
55063010203,1961,-91.30737097896444,43.93752600723237
55063010204,5235,-91.25230223266932,43.94909436929812
55063010205,5387,-91.20785181904878,44.00787538401462
55063010300,4462,-91.25927849830185,43.86718865089227
55063010401,5712,-91.15664650797774,43.90592676252569
55063010403,5757,-91.22990122716693,43.89429376749529
55063010404,3927,-91.23742304272646,43.91133458910128
55063010500,5733,-91.19757745368474,43.87258790567829
55063010600,3756,-91.15244436637850,43.83568492920222
55063010700,5744,-91.17243611514753,43.75668548560259
55063010800,3311,-91.00892476687339,43.80767957018004
55065970100,2954,-89.95804003989583,42.74449469982235
55065970200,3970,-90.17761926204334,42.74784589799049
55065970300,3426,-90.32967235476755,42.68783568995545
55065970400,3050,-90.29593558533313,42.55499877383760
55065970500,3211,-90.00793607511704,42.58945979257015
55067960101,1163,-89.04119034000756,45.39053858696229
55067960102,1499,-89.28511233164912,45.37981544766782
55067960300,2466,-89.24841415516239,45.20913157766333
55067960400,3864,-89.03126428705961,45.11141384067114
55067960500,1821,-88.83177749570530,45.25664208550423
55067960600,4450,-89.16389721610189,45.14638797965046
55067960700,4228,-89.13722828775285,45.14411494118095
55069960100,2283,-89.54989062697020,45.49613316094281
55069960200,2634,-89.71955086888821,45.48271505422589
55069960300,1851,-89.88482546854112,45.50485712522178
55069960400,1883,-89.90454624551803,45.29634257662818
55069960500,1914,-89.58717379268138,45.39648226465230
55069960600,4438,-89.55517228958102,45.20181694554441
55069960700,3845,-89.67467221712445,45.27781587773222
55069960800,3468,-89.73083259256008,45.18437354290354
55069960900,2637,-89.69703840186067,45.18555309089680
55069961000,3462,-89.66334585609664,45.17143297000301
55071000100,5731,-87.64671183490221,44.13171384870546
55071000200,2432,-87.67979493831579,44.12805877523813
55071000300,5649,-87.71096504367262,44.11460315637918
55071000400,4194,-87.65286102401910,44.10086970205467
55071000500,2731,-87.67478028168108,44.09363455116971
55071000600,5459,-87.70719327957508,44.07307496628310
55071000700,6037,-87.67406910423033,44.05279893644301
55071000800,4145,-87.65627999349256,44.06531010334274
55071005100,2231,-87.55641199075906,44.16624344897625
55071005200,4477,-87.60012001076693,44.17208625405034
55071005300,2006,-87.56937364861614,44.15437578235506
55071005400,2971,-87.59901679171737,44.14361121867647
55071010100,4405,-87.58802855312105,44.24220299248342
55071010200,5721,-87.75577349524737,44.25248480844901
55071010300,4378,-87.94278240787500,44.16799852796750
55071010400,6083,-87.90203884267947,44.05184869538741
55071010500,3562,-87.75234080449586,44.05681944014387
55071010600,5056,-87.86011238636839,43.93866311678659
55071010700,4091,-88.01074851493469,43.91313335890215
55071990000,0,-87.31048630579953,44.10471673813652
55073000100,3118,-89.62822019964167,44.96262641857760
55073000200,2766,-89.60952101067139,44.96935381466301
55073000300,5198,-89.59672606999425,44.99093709034318
55073000400,6219,-89.64116200687758,44.98365111561832
55073000500,2992,-89.64709290397883,44.96491872905423
55073000601,1925,-89.65641234171417,44.95191848431862
55073000602,3795,-89.63897719584043,44.94560763147886
55073000700,5771,-89.60400971390239,44.95297093523332
55073000800,3557,-89.62381139120949,44.93186919773214
55073000900,2189,-89.61741409420391,44.91415387091735
55073001000,3673,-89.62004354115426,44.88180118817793
55073001103,5313,-89.56939120506551,44.91436413960538
55073001104,6112,-89.58882310408616,44.89255897751785
55073001105,2487,-89.54552550968367,44.98469716770693
55073001106,6358,-89.53875687283129,44.89199533076964
55073001202,5622,-89.75886841113589,44.82027826722265
55073001203,5244,-89.60518043685965,44.84613557456596
55073001204,4215,-89.59095226059991,44.81067229155332
55073001300,7302,-89.68297841096057,44.90126359177876
55073001401,3702,-89.73714690911625,44.98371500000000
55073001402,3565,-89.78231155818924,44.98443104688666
55073001500,4281,-89.62419610461359,45.06070169122413
55073001600,6194,-89.35762922386382,44.98809643625508
55073001700,3593,-89.35702662959505,44.76990982062559
55073001800,5565,-89.80602847030416,44.74416415309753
55073001900,5963,-89.90289212874987,44.90129499221251
55073002000,3836,-90.08145714164101,44.81523933201582
55073002101,4349,-90.25983169800686,44.77498295394195
55073002102,2792,-90.14422712427157,44.72691998537636
55073002200,3540,-90.21719591072275,44.93160692387637
55073002301,3328,-90.09685249202582,45.04638316742856
55073002302,3449,-89.89899305588332,45.03244001296224
55075960100,3008,-87.91747720217155,45.67697172468737
55075960200,3796,-88.16885251354893,45.55251747602737
55075960600,2462,-87.94772679153147,45.35819602934218
55075960700,3301,-88.17904601507458,45.26991977574900
55075960800,2813,-87.98964819842169,45.24619704214135
55075960900,2661,-87.76142612329454,45.23724514739683
55075961000,4027,-87.97908072662013,45.11177695393231
55075961100,5348,-87.83417042358211,45.04636028222166
55075961200,2733,-87.69799225718718,45.02403328395798
55075961300,3093,-87.68092713164991,45.10251893937421
55075961400,4839,-87.63789056973398,45.07577559149256
55075961500,3791,-87.54879741174378,45.07682399535641
55075990000,0,-87.63607402428697,44.95350599186124
55077960100,2762,-89.37862727831246,43.93907481920817
55077960200,2544,-89.33790550968170,43.84069943996066
55077960300,4069,-89.31800738902751,43.72949552588918
55077960400,2631,-89.48000054211890,43.69916507365957
55077960500,3586,-89.53860289602328,43.81339486984805
55078940101,1351,-88.66093860186594,44.87693226655102
55078940103,1342,-88.72211117813512,45.01966126674832
55078940104,1562,-88.54878741983096,44.88761000673986
55079000101,4535,-88.00919445380023,43.18510854190963
55079000102,3711,-88.01167531056427,43.16464358136785
55079000201,5272,-88.04724410015980,43.17994956382697
55079000202,6109,-88.04130700782940,43.16038594361385
55079000301,1377,-88.06021394225652,43.13631836441402
55079000302,2874,-88.04650367389934,43.13922722320269
55079000303,1820,-88.04588242935350,43.12968528078002
55079000304,3435,-88.02644617882106,43.14364069062803
55079000400,2555,-88.05554030747406,43.11096011938373
55079000501,3343,-88.04340208389009,43.11539231026615
55079000502,4296,-88.03128730731702,43.12480634312726
55079000600,6158,-88.00190572517157,43.14010291535287
55079000700,3572,-87.99007879764171,43.15588255553463
55079000800,4906,-87.97372760554569,43.14065053280940
55079000900,3534,-87.95566886622758,43.14970170537331
55079001000,3336,-87.95348920387863,43.12465220621582
55079001100,2648,-87.96901423517896,43.12768967049453
55079001200,2888,-87.98620117813876,43.12617659838967
55079001300,3684,-87.99843349310623,43.12678356086133
55079001400,2280,-88.01656969102875,43.13090095355244
55079001500,3176,-88.01520145341470,43.12375407774343
55079001600,2786,-88.01599664625087,43.11588641551001
55079001700,4399,-88.01621221941076,43.10855887398757
55079001800,2256,-87.99853793338893,43.11584734002380
55079001900,3260,-87.98367416056333,43.11568631275350
55079002000,2319,-87.96815686506451,43.11562713239228
55079002100,2228,-87.95315716159800,43.11552964042680
55079002200,1802,-87.93356055920130,43.11467820193997
55079002300,3919,-87.93621709045544,43.10598612504896
55079002400,2150,-87.95188712934453,43.10640398348890
55079002500,2041,-87.96218034675725,43.10796401795557
55079002600,2659,-87.96193529736097,43.10066833061153
55079002700,1984,-87.97176829425068,43.10082708316015
55079002800,2121,-87.97141960179503,43.10830622010788
55079002900,2146,-87.98131890014636,43.10834118836241
55079003000,3712,-87.99619059972781,43.10851035068328
55079003100,3415,-87.98607018197058,43.10091760950867
55079003200,2662,-88.00111190332962,43.10115851318132
55079003300,5117,-88.01730596471573,43.10104538891096
55079003400,5745,-88.02438474541501,43.09349862888413
55079003500,3213,-87.99830121345728,43.09363216522879
55079003600,1697,-87.98321131047302,43.09273622569594
55079003700,2305,-87.98336380858748,43.08546039085839
55079003800,2060,-87.97214525997919,43.08623172815189
55079003900,2587,-87.96214672778459,43.08620296905466
55079004000,2475,-87.97205176465188,43.09346138088360
55079004100,2493,-87.95678358909740,43.09411619239592
55079004200,2689,-87.94544781912357,43.09516548192217
55079004300,4931,-87.93221079847285,43.09479954795918
55079004400,2682,-87.90607864427542,43.08927992918714
55079004500,2179,-87.92226909280365,43.08550885273907
55079004600,2683,-87.93210862518518,43.08569057128717
55079004700,3599,-87.94761508403001,43.08577276497719
55079004800,3525,-87.96230228541833,43.07703029981621
55079004900,4256,-87.97231517837569,43.07706140646427
55079005000,4591,-87.98327608363140,43.07665137061554
55079005100,3369,-87.99758051225231,43.08265606498443
55079005200,1660,-88.01242471669610,43.08625864046898
55079005300,2022,-88.01242724510530,43.07892286499864
55079005400,3660,-88.02259793763456,43.08247833209361
55079005500,3333,-88.03284923869121,43.08238870201985
55079005600,2065,-88.02758884703609,43.07105053716594
55079005700,2393,-88.01309828042005,43.07138813895278
55079005800,3358,-87.99994616264166,43.07230337264969
55079005900,3408,-87.98523574181864,43.06821109094539
55079006000,2428,-87.97554005338510,43.06794792919244
55079006100,2216,-87.96847508743319,43.06791249255230
55079006200,2339,-87.96097127317813,43.06790278211442
55079006300,1910,-87.95227517814972,43.07635647293602
55079006400,1962,-87.94234792120106,43.07421796101190
55079006500,2068,-87.94229465621468,43.07973314569369
55079006600,2292,-87.93135214787495,43.07539916737763
55079006700,1094,-87.92040407919171,43.07437828580608
55079006800,2164,-87.92500216564065,43.07968330153863
55079006900,2147,-87.91078185484398,43.07979537795246
55079007000,2507,-87.91122456691105,43.07424564741142
55079007100,1838,-87.90149576854805,43.07383574480740
55079007200,2727,-87.89788218566956,43.07774139450042
55079007300,2949,-87.88807709522007,43.07791435867282
55079007400,3512,-87.87216856026156,43.07804312132331
55079007500,2669,-87.87772470529592,43.07106137143668
55079007600,3304,-87.87859550815352,43.06399734451529
55079007700,4035,-87.88844446058499,43.06390233406628
55079007800,3475,-87.88801504097161,43.07075279640483
55079007900,2212,-87.89678573819738,43.06595063644119
55079008000,1792,-87.90282982858874,43.06748028403997
55079008100,1238,-87.90743836663570,43.06747178242628
55079008400,951,-87.92332577705194,43.06758301312063
55079008500,1159,-87.92987149100701,43.06776123235220
55079008600,1131,-87.93517868394586,43.06762170696131
55079008700,1174,-87.93997027151079,43.06781604220147
55079008800,1826,-87.94617084193811,43.06788838569610
55079008900,1271,-87.95337828160544,43.06706338265172
55079009000,2396,-87.96108378827991,43.06035586826382
55079009100,2218,-87.96852807931801,43.06067538777224
55079009200,1638,-87.97560474376984,43.06069020352284
55079009300,2368,-87.98314517662354,43.06074601910353
55079009400,2421,-87.98309571212421,43.05334793884559
55079009500,1995,-87.97535357359465,43.05300938142170
55079009600,2187,-87.96491454306437,43.05277602431934
55079009700,1785,-87.95262113132807,43.05393954393825
55079009800,1575,-87.95409571439180,43.05977801232714
55079009900,1162,-87.94630313847632,43.06027385846031
55079010600,1114,-87.90749884401592,43.06013616739422
55079010700,2341,-87.90095084318401,43.05976780047760
55079010800,2660,-87.88985460593621,43.05734876194659
55079011000,3418,-87.89726049329369,43.05006133070029
55079011100,1641,-87.90155963606702,43.04933924859107
55079011200,2711,-87.89756438447989,43.05547624743091
55079011300,2941,-87.90713297348746,43.04890662077656
55079011400,1500,-87.91065749340206,43.05269478593151
55079012200,2149,-87.95271099746377,43.04866661330189
55079012300,1047,-87.96195339851785,43.04358411550671
55079012400,2478,-87.97678535016112,43.04580543582583
55079012500,1904,-87.97655406009146,43.03708657714355
55079012600,2213,-87.99442499360553,43.03403729198153
55079012700,1307,-88.01227821883981,43.02967775050201
55079012800,3052,-88.03146210991785,43.03058932665932
55079012900,3002,-87.99989163807346,43.02813671141480
55079013000,1804,-87.98767117773689,43.02770041786412
55079013300,1002,-87.96206431189363,43.03483590906558
55079013400,2313,-87.95358098389249,43.03479960923022
55079013500,1901,-87.95261175458032,43.04014804125690
55079013600,2033,-87.95275146180172,43.04369530219924
55079013700,1459,-87.94529507115773,43.04229910440593
55079014100,2103,-87.92097269512564,43.04863569754874
55079014300,2549,-87.90101536607193,43.04273146487160
55079014400,3282,-87.90784050474325,43.04241339320117
55079014600,3257,-87.93032606097644,43.04237843116766
55079014700,3694,-87.93550823825828,43.04220407343998
55079014800,2484,-87.94019968610313,43.04212319730085
55079014900,1418,-87.94481830631912,43.03704436930173
55079015700,2943,-87.92777267333119,43.02166300254520
55079015800,2631,-87.93761762215745,43.02166004335164
55079015900,3590,-87.94736694162226,43.02159667667188
55079016000,3084,-87.95725893496751,43.02137485495662
55079016100,3169,-87.95946584203156,43.01609049380914
55079016200,3296,-87.94745090497229,43.01660574306663
55079016300,4779,-87.93762276609125,43.01573288117456
55079016400,4220,-87.92775063766713,43.01665684130319
55079016500,2362,-87.91153368954141,43.01579270538793
55079016600,1757,-87.91393479292873,43.01001648208001
55079016700,3114,-87.92209519615140,43.01030116217473
55079016800,3025,-87.92935001476529,43.01036042538266
55079016900,3823,-87.93770786691601,43.00951912878763
55079017000,5697,-87.94752595831416,43.01041839505708
55079017100,2780,-87.95807005706354,43.01057276802350
55079017200,2589,-87.95619028915470,43.00289462630719
55079017300,3706,-87.94876644870560,43.00366545592068
55079017400,2878,-87.93829830750524,43.00476616470882
55079017500,4034,-87.92965116914723,43.00287441595476
55079017600,2798,-87.92236058458199,43.00280871964311
55079017900,2879,-87.90504955139605,42.99877843152656
55079018000,2726,-87.89452175299968,43.01096492590688
55079018100,1589,-87.88465488836829,42.99870051669137
55079018200,1563,-87.87368812146619,42.99249817018023
55079018300,2260,-87.89286450357193,42.99136139414753
55079018400,1300,-87.90417459794335,42.99170629342955
55079018500,1661,-87.91439741364853,42.98441913847893
55079018600,2672,-87.92255649030287,42.99557541492150
55079018700,3597,-87.92991431929327,42.99558323714798
55079018800,2023,-87.94058387220419,42.99929641424372
55079018900,1696,-87.95322543157390,42.99566374353778
55079019000,4758,-87.96787759743182,42.99549636690818
55079019100,3685,-87.96549422952394,42.98216557023178
55079019200,3455,-87.98583501398822,42.99282711088605
55079019300,2806,-87.99613641996496,42.99497386455406
55079019400,3679,-88.02755652283732,42.98457777773778
55079019500,3243,-88.02769793063187,42.97732480287010
55079019600,3602,-88.00769667860737,42.98465721292815
55079019700,5644,-88.00741819314337,42.97570820088924
55079019800,5158,-87.98973306172594,42.98207880954098
55079019900,3802,-87.98236288676176,42.97317501322183
55079020000,3658,-87.95273622891658,42.98405381663188
55079020100,3807,-87.94099671151751,42.98848250650425
55079020200,3483,-87.94112496274377,42.97752763601436
55079020300,4156,-87.92658964502920,42.97924266566616
55079020400,3266,-87.93008526334515,42.98834002978027
55079020500,3074,-87.92272370739032,42.98832149698949
55079020600,3325,-87.90444286865900,42.98103378209626
55079020700,4145,-87.89282848148169,42.98039272305547
55079020800,2920,-87.87636384165170,42.98530412613891
55079020900,2559,-87.90186271439912,42.97013349361227
55079021000,2122,-87.89994309443287,42.96277540645025
55079021100,1385,-87.91444561665239,42.97014938371969
55079021200,2093,-87.92102397970307,42.96529389885040
55079021300,1670,-87.93887198658828,42.97022460452578
55079021400,3432,-87.93891859934858,42.96295946531001
55079021500,2969,-87.94398270844280,42.95209848582684
55079021600,4686,-87.92487479107940,42.95225693593810
55079021700,6241,-87.91310582434221,42.94054695862235
55079021800,2187,-87.95694931789775,42.94079572978432
55079030100,4378,-87.89837117441414,43.18198628970159
55079035100,2306,-87.89285438974701,43.15380754716065
55079035200,4628,-87.90707355261485,43.16012018776598
55079040100,1602,-87.93527424275604,43.17163435071408
55079050101,6061,-87.98493301200917,43.17681818788385
55079050103,3509,-87.96805308645220,43.18259406640334
55079050104,2937,-87.96673332691057,43.16098201718212
55079060101,4106,-87.92535667685249,43.13950573121992
55079060102,3262,-87.93975763262986,43.14865575537884
55079060200,5989,-87.91877608918128,43.11144849999999
55079070100,4666,-87.90763710810164,43.12061695402944
55079070200,5389,-87.89189502627411,43.11338445938005
55079070300,4899,-87.90379980789615,43.10631426834278
55079080100,2781,-87.89773985879226,43.09554801245075
55079080200,3745,-87.88773900113478,43.09424908663826
55079080300,3900,-87.87475471213743,43.08999157662820
55079080400,3433,-87.88848889519059,43.08594042736610
55079090100,4118,-88.04833983145183,43.09734121057692
55079090200,2249,-88.05196217961081,43.08193520267955
55079090300,3613,-88.05154814375524,43.06739042078235
55079090600,4647,-88.05435751026359,43.03796716803061
55079090700,3234,-88.02545440835938,43.05919390146370
55079090800,2351,-88.01754834664929,43.06307231695293
55079090900,3674,-88.00876866903019,43.06318250000000
55079091000,4402,-87.99705667282475,43.06433297973124
55079091100,4252,-88.00381885448955,43.05493775234083
55079091200,5371,-88.00389166159215,43.04670926749552
55079091300,3703,-88.00975183391877,43.03786828315020
55079091400,2124,-87.99384787955105,43.04032106826740
55079100100,3852,-87.98598627892889,43.01659889280023
55079100200,3821,-87.99137932268556,43.01460946708210
55079100300,2884,-88.00317150928068,43.01734511327558
55079100400,2718,-88.01166617883979,43.01702071578725
55079100500,3476,-88.02670162819101,43.01326387545375
55079100600,2033,-88.02237054926771,43.02035155287483
55079100700,2857,-88.03788638179219,43.02130251152843
55079100800,2914,-88.05710799818451,43.02365348032595
55079100900,3744,-88.05213898221018,43.00960332122721
55079101000,5161,-88.05763621651394,42.99173567812568
55079101100,1779,-88.04276746667439,42.99420930845760
55079101200,3040,-88.02772900149026,42.99180210535895
55079101300,3096,-88.02769676124366,42.99907745746915
55079101400,3686,-88.02735561869855,43.00631514166693
55079101500,4511,-88.00744959770496,43.00713598665369
55079101600,4603,-87.98879747773411,43.00309310130608
55079101700,3468,-88.00697190294738,43.00173437379684
55079101800,2682,-88.00969811004440,42.99373426158535
55079110100,4114,-87.97098434702441,43.01243746949174
55079120101,4482,-88.04814255218660,42.95916395754891
55079120102,3930,-88.04967404855695,42.97409844816912
55079120201,3666,-88.01868977561682,42.96737976307676
55079120202,3234,-87.99868275576155,42.96584939356265
55079120203,3916,-88.00776562675034,42.95694827770281
55079120300,2134,-87.97376425514048,42.98091064837851
55079120400,6760,-87.96553507200414,42.96669564726179
55079120501,4076,-87.96682247814910,42.94073299390834
55079120502,5350,-87.96510713382413,42.95304571654994
55079130100,4865,-88.04407853387866,42.94275110103737
55079130200,2855,-88.05887537505596,42.93733231567486
55079140100,3197,-88.01886344042266,42.93744580372326
55079140201,5694,-87.99911306588723,42.93902104939407
55079140202,5963,-87.98155975680969,42.93442432607393
55079150100,9519,-87.97759712334300,42.91424118382581
55079150301,6039,-88.05345108921487,42.89784018106700
55079150303,5010,-88.02312527080585,42.88960908215972
55079150304,3991,-88.02756053995469,42.91518537201194
55079160101,4344,-87.89402152370863,42.91116129439248
55079160102,2595,-87.92320163698326,42.91676848161310
55079160202,7596,-87.87217546861073,42.88137933118143
55079160203,6654,-87.91638879880313,42.89402704183453
55079160205,3368,-87.92468350716591,42.87958722191780
55079160206,1942,-87.94395788568933,42.87989335583139
55079160301,5523,-87.86497620403118,42.85524543279519
55079160302,4475,-87.92475024214166,42.85939439955757
55079170100,2595,-87.84893075602820,42.91958171610140
55079170200,3750,-87.87263724562850,42.92275376395349
55079170300,2713,-87.87538996201511,42.90955365209435
55079170400,3200,-87.87342678768054,42.89848248246452
55079170500,2420,-87.85764758194465,42.89760299296406
55079170600,3513,-87.86321416841714,42.90771272443625
55079170700,2604,-87.84797283652804,42.90256235096400
55079180100,2970,-87.84722359667674,42.95102174390665
55079180200,4503,-87.85506992101070,42.95465467376631
55079180300,3534,-87.87007046469820,42.95190095970599
55079180400,2704,-87.85633588550553,42.93709205881824
55079180500,4493,-87.87471526238380,42.93725893303843
55079185100,4438,-87.86132413399794,42.97607303499123
55079185200,4723,-87.88194506818330,42.96770165791263
55079185300,4649,-88.04263070766547,43.04987794188659
55079185400,1271,-87.93769059620513,43.06023664308927
55079185500,1420,-87.92624875741473,43.06017631837473
55079185600,1636,-87.91469069426167,43.06026722405620
55079185700,2158,-87.91471207910126,43.06752585202626
55079185800,1410,-87.94265168919861,43.05386839388683
55079185900,1031,-87.93229166076260,43.05383765473955
55079186000,1711,-87.92039854146346,43.05395695749496
55079186100,2021,-87.94279316345623,43.04865238225523
55079186200,1382,-87.93244814250681,43.04856605376163
55079186300,3749,-87.91799930703083,43.04061666453395
55079186400,1423,-87.93038898902952,43.03695268228457
55079186500,2217,-87.91302892727244,43.02319911273116
55079186600,2310,-87.91354512368130,43.00137413052154
55079186800,1736,-87.95064799610303,43.02814301069944
55079186900,2502,-87.89065793958321,43.05164400000000
55079187000,3895,-87.88728258423221,43.05530775911076
55079187200,5724,-88.00768978380793,42.86381137019776
55079187300,6533,-87.96563027145967,42.88715968516826
55079187400,3976,-87.90773336972640,43.03220716396625
55079980000,3,-87.88153308058659,43.04961650406855
55079990000,0,-87.47788193719644,43.01760354841296
55081950100,4533,-90.46178187633345,44.08436939575250
55081950200,5237,-90.75379257372846,44.04656882926906
55081950300,6693,-90.85900482994667,43.94015571136461
55081950400,4506,-90.79262939141753,43.94798242544191
55081950500,6309,-90.53173824216340,43.98463026715439
55081950600,4227,-90.48593065766519,43.98766877128289
55081950700,4608,-90.38966539599393,43.88076250287347
55081950800,4385,-90.57055407754129,43.82930394811196
55081950900,5776,-90.79842309559439,43.81684388637657
55083100300,2938,-88.51192366385862,45.27464477432346
55083100500,2301,-88.31057022162634,45.12682361965877
55083100600,2770,-88.42202052144768,44.98700026463563
55083100700,2803,-88.30532357515824,44.93331565327104
55083100800,2559,-88.11680098903487,44.98251534369534
55083100900,2887,-87.88447948781025,44.95539686241906
55083101000,4113,-87.93264516879844,44.88484761374320
55083101100,4691,-88.03396018475246,44.82822561078238
55083101200,4204,-88.18647603787390,44.89535326600936
55083101301,5329,-88.14616992974386,44.69714183036893
55083101302,4370,-88.13858844622332,44.76431142166254
55083990000,0,-87.84054834052827,44.78160040234303
55085970101,1804,-89.10806695095944,45.81701189419447
55085970103,1065,-89.24085911169706,45.52565603383783
55085970104,2540,-89.20107935677973,45.70260622037820
55085970400,2944,-89.36659174386735,45.60922793408112
55085970500,1788,-89.51517942161404,45.60423345878550
55085970601,1983,-89.51440679420257,45.68441333513876
55085970603,1985,-89.42653057525311,45.71128220003103
55085970604,1842,-89.42806865854195,45.81960836147768
55085970800,2389,-89.61047640639670,45.86221132456824
55085970900,2582,-89.69184014763347,45.77076260014209
55085971001,1320,-89.84805574870626,45.65566227430828
55085971002,2693,-89.91026416844637,45.82092002648074
55085971100,2013,-89.68603076063431,45.59921024512528
55085971300,2077,-89.72104929910985,45.85950396606365
55085971400,3980,-89.39742453868332,45.63308681866861
55085971500,4840,-89.38027486556226,45.65462088338806
55087010100,2814,-88.40622385572331,44.26474230039891
55087010200,4175,-88.42610925591488,44.26754809882589
55087010300,2467,-88.41102783678419,44.26871413547300
55087010501,2505,-88.38590601509098,44.26989351282705
55087010502,1943,-88.39486274780619,44.26125735005792
55087010601,3623,-88.36796959456025,44.26494052496105
55087010602,4081,-88.36588309245950,44.25226077609488
55087010700,4713,-88.38953402742432,44.25061862772755
55087010800,1446,-88.41281775984886,44.24866890507329
55087010900,2240,-88.43203342420180,44.24895233687626
55087011001,2744,-88.45451963123733,44.25449223446019
55087011002,2763,-88.42980352369705,44.25558620452484
55087011101,4921,-88.42586778931589,44.28971087669191
55087011103,3524,-88.44828220688574,44.29155729746454
55087011104,3859,-88.45229804843324,44.27394755533224
55087011200,2987,-88.42591432078046,44.27677156995794
55087011300,3129,-88.40581284499868,44.27666547758465
55087011400,5454,-88.40561570804631,44.28947817731265
55087011501,3348,-88.38647304694433,44.27906127512757
55087011502,4565,-88.36141505872315,44.28722952395716
55087011600,7390,-88.34073591362608,44.25846121112245
55087011700,2696,-88.33044673620427,44.27279680270806
55087011800,1945,-88.31483812139884,44.27920527491494
55087011901,3138,-88.32303316347131,44.29168836839576
55087011902,4614,-88.29854037778186,44.28650330987828
55087012000,6669,-88.30804002736078,44.25820026973662
55087012101,4192,-88.26584147034961,44.25785640440886
55087012102,4239,-88.28399313337665,44.26607947397461
55087012200,1965,-88.27479377062812,44.27707595602293
55087012300,1616,-88.26097301792230,44.28383928977072
55087012400,3091,-88.26771503834311,44.29359174844537
55087012503,3836,-88.40509263786920,44.31379465816953
55087012504,4094,-88.37432889333475,44.31355722162571
55087012505,5511,-88.45898256724522,44.31163634744121
55087012506,4464,-88.48138535776727,44.26567465940674
55087012602,5308,-88.64672233244143,44.28124035286421
55087012603,5489,-88.53050384920518,44.31428452095124
55087012604,4759,-88.52943713177547,44.27073439287224
55087012700,6648,-88.66793707583184,44.38688536453213
55087012800,7874,-88.51436346078989,44.43077263534109
55087012902,3764,-88.43547645927876,44.37231693784448
55087012903,3455,-88.28241096824256,44.38509359828872
55087012904,3077,-88.32825402191355,44.36461885142091
55087013100,5937,-88.32148769604088,44.51742884833794
55087013200,3807,-88.57748919984552,44.53251529920367
55087013300,9247,-88.24275841817474,44.31675632407593
55087940000,4579,-88.24249306577438,44.47744139637310
55089610101,4357,-87.98074621298338,43.49885540652493
55089610102,3871,-87.85846743093916,43.50036297903896
55089620100,5796,-87.98058999766040,43.41139154449830
55089630100,2664,-87.87578872031456,43.38899215747252
55089630201,4565,-87.87462380426670,43.43097770819778
55089630202,6055,-87.90133825858670,43.38614007290228
55089640101,3141,-87.95599451253986,43.31303032884388
55089640102,2909,-87.96180479995837,43.32928526525803
55089640201,2460,-87.90442713982483,43.33039083798927
55089640202,6357,-87.94139452220999,43.32339140912700
55089650102,2721,-87.99794161892117,43.30307609818944
55089650103,2269,-87.97449619862383,43.29986983906684
55089650104,4369,-87.98334179590788,43.31394195710409
55089650200,5128,-87.98424576326792,43.28588426378740
55089650300,6305,-88.02282423060032,43.32853355092484
55089660100,3290,-87.97845719858491,43.23614871920560
55089660201,4511,-88.03371682737054,43.23559695879008
55089660202,6658,-87.96687375016052,43.24893052384486
55089660301,5787,-87.94020583297778,43.23449943036329
55089660303,5133,-87.94775059858982,43.20789368757025
55089660304,3157,-87.90944540564909,43.20573779410608
55089990000,0,-87.49925016988863,43.36071607439126
55091950100,3973,-91.80863127716108,44.63816245452789
55091950200,3345,-92.11718622722569,44.54980178168573
55093960100,2837,-92.19653770723814,44.77860363694801
55093960200,6174,-92.45967061036772,44.80972077117764
55093960300,5707,-92.59252653246091,44.85647951424217
55093960400,5964,-92.63623962345902,44.84535545471496
55093960500,7977,-92.72289353255314,44.79016967236743
55093960600,4988,-92.54544600566405,44.65531008581459
55093960700,4873,-92.44550664019623,44.73382260051341
55093960800,3692,-92.28767375416231,44.64554110670727
55095960100,3741,-92.31617985783487,45.64996655878638
55095960200,3812,-92.63967281291632,45.60066817519630
55095960301,1935,-92.62007670696310,45.51508666891625
55095960302,2246,-92.44723766711095,45.51761541105272
55095960303,1217,-92.26268027466622,45.50703351801039
55095960500,2832,-92.31011560393524,45.40205813722673
55095960600,2218,-92.45770485144112,45.44151993983316
55095960701,3821,-92.58201949997290,45.43141563835837
55095960702,2109,-92.61747969364238,45.37422765494582
55095960800,6858,-92.66325471412794,45.27990708764297
55095960901,3065,-92.49649133973600,45.33534179556538
55095960902,2397,-92.49803363551551,45.25123166886541
55095961000,4852,-92.35323669319297,45.26298804854950
55095961100,3874,-92.22639869502414,45.30106853034811
55097960100,4619,-89.34940191030698,44.59744314664948
55097960200,4758,-89.68621299456913,44.60941824612683
55097960300,4059,-89.59296937281830,44.54208414576267
55097960400,6595,-89.56052047209971,44.53554915298704
55097960500,7185,-89.51677313794359,44.55687990035938
55097960600,5497,-89.35153074017876,44.46251571025173
55097960701,5502,-89.51537547064274,44.45884866213287
55097960702,3484,-89.50858385611926,44.49678972336973
55097960800,5246,-89.54774508823337,44.50687340387382
55097960900,3135,-89.56427364092585,44.51869113407535
55097961000,2268,-89.58194373578263,44.52200120598345
55097961101,3904,-89.64789909430540,44.48198362606702
55097961102,2984,-89.58320661027653,44.50145565464020
55097961200,6257,-89.62355751816207,44.34877181660680
55097961300,4884,-89.37783432009070,44.32993238290134
55099970100,2652,-90.31046421498884,45.86252053427215
55099970200,2679,-90.40309274025098,45.94959330215988
55099970400,1843,-90.57176496176339,45.70703115061346
55099970500,2171,-90.26601270902347,45.70748775601749
55099970600,2246,-90.20823324362979,45.54052795195651
55099970700,2463,-90.48254863379691,45.48138696333767
55101000200,4902,-87.77916595549564,42.71578600186015
55101000400,3804,-87.78508989213415,42.73549845591805
55101000500,4825,-87.80125710650142,42.72199367661973
55101000600,5640,-87.81164403143705,42.72045155157705
55101000700,5662,-87.80536777704934,42.70341493569530
55101000800,4526,-87.79901319062456,42.68581992898024
55101000901,3714,-87.83333702127720,42.70217456247624
55101000903,4150,-87.82681670425143,42.68316638357766
55101000904,5283,-87.84693447023791,42.68167857980424
55101001001,2736,-87.84235517980186,42.71247085567100
55101001002,2687,-87.83105576384921,42.71391535751560
55101001003,3847,-87.82116767282675,42.71442288979075
55101001101,3916,-87.83172984604441,42.72266241380547
55101001102,2434,-87.83471113243436,42.73052571266086
55101001201,3689,-87.81820353139916,42.75988948432042
55101001202,6758,-87.81724596000147,42.74061670530689
55101001301,3728,-87.79416774872310,42.75107563543202
55101001302,4021,-87.78089833227723,42.74714852908448
55101001401,3606,-87.79767828357120,42.76307572346951
55101001402,3396,-87.77797017777539,42.76320925505641
55101001501,3790,-87.81784983130848,42.82303228199024
55101001504,3062,-87.78885800050043,42.79110459488540
55101001505,4282,-87.77037640499968,42.78288746864798
55101001506,4122,-87.80510031730782,42.79042639113386
55101001507,2854,-87.82481338541602,42.78797744925283
55101001601,6193,-87.90047229274603,42.80279073700770
55101001602,3129,-87.85699550212513,42.77018805623732
55101001701,3715,-87.86747088402873,42.69509780694379
55101001702,6998,-87.89777947312332,42.69525237711569
55101001703,4578,-87.92328884081084,42.72021177822056
55101001705,5828,-87.85437057957384,42.74715498700641
55101001706,3916,-87.86201829883120,42.72888783933889
55101001801,5076,-88.04615625760965,42.68772746215546
55101001802,2976,-88.00600291257315,42.71832682894202
55101001900,3926,-88.01180615291038,42.80033736733269
55101002001,2934,-88.17294375794894,42.82164217151522
55101002002,4982,-88.12262261146635,42.79634768868622
55101002100,3343,-88.13148608370003,42.71375430675307
55101002401,5964,-88.28412796016478,42.69302163361847
55101002402,5320,-88.25731118979286,42.68358298401742
55101002600,5810,-88.24034099027638,42.64772319260359
55101002701,3932,-88.21243675124776,42.77400732849524
55101002702,6305,-88.24232700380566,42.73220293923683
55101002800,6022,-88.25175138602224,42.80211945334270
55101002900,4407,-87.79239593787776,42.71899400000000
55101980000,939,-88.08109208298659,42.69193769796738
55101990000,0,-87.41468919558194,42.75391972589217
55103970100,2763,-90.42303736978496,43.50944257203249
55103970200,4572,-90.43537855677549,43.38345445716173
55103970300,2468,-90.38878101924186,43.35504041706714
55103970400,3454,-90.37078272621740,43.32724713899501
55103970500,4047,-90.43421922003547,43.24539010663512
55105000100,899,-89.02428205886547,42.68354514243121
55105000200,2851,-89.01111009646880,42.68315104834402
55105000300,2854,-89.02436447511781,42.67412144340366
55105000400,3700,-89.04154889451176,42.67737816453705
55105000500,4347,-89.04294249109222,42.70100322116247
55105000600,3364,-89.02224944909199,42.69674181206440
55105000700,3939,-88.99385578126903,42.71022719001996
55105000800,3928,-89.00181857176892,42.69534095546295
55105000900,2878,-88.99206986519512,42.68425696672877
55105001000,3380,-89.01239481778852,42.66512254828287
55105001100,5423,-89.04425976976755,42.65795271107080
55105001201,5709,-89.09181168069003,42.64202051756103
55105001202,6280,-89.06790312883112,42.73140106970619
55105001302,6499,-88.93861442332062,42.64143718815650
55105001303,4990,-88.94175295561304,42.73338896224310
55105001305,3560,-88.96995426260645,42.72078198219594
55105001306,5142,-88.97151124531823,42.70605146441176
55105001400,5871,-89.01894009547840,42.62308389112226
55105001500,2321,-89.02766382920765,42.50092665454842
55105001600,4694,-89.04802099073100,42.50188331823466
55105001700,5096,-89.04542604992083,42.51588054327659
55105001800,4249,-89.02678328937937,42.51752767228255
55105001900,2688,-89.01718429892109,42.50671814931780
55105002000,3837,-89.06442808751581,42.50687310677247
55105002100,3766,-89.05862488603429,42.53038607067011
55105002200,2296,-89.09028645252057,42.54580792439994
55105002300,1870,-89.02899946262261,42.53277358596851
55105002400,3663,-89.02601556314346,42.56135614568844
55105002500,2646,-89.01592778414482,42.53708363925337
55105002601,5470,-88.99944265267807,42.55435116094382
55105002602,4175,-88.94471114873546,42.53670949510839
55105002700,2490,-89.24622686625231,42.54842280424603
55105002800,5164,-89.23989144444540,42.66679017857503
55105002901,3762,-89.25633327581150,42.78397315724915
55105002902,4972,-89.33388950166065,42.77747541134873
55105003001,5323,-89.07201154032774,42.83562944441898
55105003002,5692,-89.11317968378874,42.80168801840362
55105003101,2786,-88.98113518384025,42.79556439320458
55105003102,4953,-88.93387736541985,42.80623445691037
55105003200,2577,-88.83713209894569,42.72326429201193
55105003300,3583,-88.83370323282193,42.54763561862891
55107960100,3496,-90.92352651624023,45.52811176325646
55107960200,1993,-91.40985964949998,45.50159887178167
55107960300,2287,-91.30055205143273,45.36850790817635
55107960400,2905,-91.06690366780738,45.38549100317360
55107960500,3507,-91.08965345400203,45.46577013173768
55109120100,2038,-92.75764480195056,44.97514914471763
55109120201,6018,-92.73425558022325,44.97765720854400
55109120202,5344,-92.66158657860727,44.98708770926046
55109120300,5777,-92.72518270087166,45.00311935259959
55109120401,7148,-92.69878346124419,45.14309084437382
55109120402,4340,-92.70286100196515,45.05215956733444
55109120501,6382,-92.57462831634443,45.11670152635310
55109120502,6338,-92.50639030526416,45.12310091629324
55109120601,2866,-92.47372990156704,45.07053353424728
55109120602,5533,-92.45209748909548,45.16993835016537
55109120700,4766,-92.20221755089769,45.03397890052005
55109120801,3733,-92.37653877539292,44.96588466194989
55109120802,5150,-92.31722177066951,44.99087580902828
55109120901,4582,-92.60291796138090,44.87949585541840
55109120904,4443,-92.52047329209812,44.91341401964290
55109120905,7179,-92.71977133126147,44.95379913129155
55109120906,3966,-92.71381886971490,44.89919776237322
55109121000,7933,-92.49673720483767,44.99253798520147
55111000101,1458,-89.68127945218745,43.53053990666125
55111000102,1759,-89.77149114309965,43.58523074550760
55111000103,2776,-89.80103733002089,43.55586657800203
55111000104,1530,-89.79139699751677,43.61643776979904
55111000200,5169,-89.92650719678709,43.56617495556105
55111000301,3629,-89.74260792081996,43.45239066187488
55111000302,1400,-89.75693980217420,43.47219442942333
55111000303,2358,-89.80003601950136,43.48069284258486
55111000401,5572,-89.71096219680931,43.48316765978412
55111000402,3252,-89.64933552430863,43.46346899645715
55111000500,3645,-89.74343565945054,43.38742463551127
55111000601,1577,-89.89594229193500,43.36329342905471
55111000602,1958,-89.72303997280875,43.28547249923568
55111000603,3368,-89.75404387337456,43.29762472087132
55111000700,2874,-89.76176146741577,43.25984393345696
55111000800,3929,-89.99849198276301,43.21904074915206
55111000901,2250,-90.09212904745058,43.50474991478614
55111000902,1414,-90.11382421954809,43.58838532607403
55111000903,1291,-90.22399747835222,43.60371088066066
55111001002,3094,-89.98362002940409,43.51911768699841
55111001003,2086,-90.02210417269556,43.55095585638517
55111001004,3042,-89.97928687242857,43.54541392795807
55111001005,2095,-89.99783839526575,43.54687471153527
55111001100,4237,-90.07135095736413,43.34655282186420
55113100300,4925,-91.48168390009893,46.00773174142454
55113100400,2557,-91.46812578982329,45.79332400380994
55113100501,1647,-91.11557726660899,46.05568095675019
55113100502,2204,-91.41201203516968,46.08517045444817
55113100700,1767,-91.20677415133696,45.76499555254261
55113100800,1753,-90.88841925708091,45.79777550840791
55113940001,2045,-91.28459991755908,45.88942543514960
55113940002,1176,-91.37752174388248,45.91295195710497
55115100100,2784,-88.36855027839192,44.80447780699591
55115100200,1776,-88.50474697720496,44.81983882088105
55115100300,3697,-88.63439338643008,44.81939764579395
55115100400,4407,-88.58694390263264,44.78517348130621
55115100500,5100,-88.57162146651710,44.77094216720502
55115100600,4162,-88.85955184028576,44.85447625101562
55115100700,3074,-89.03874209713342,44.85016059753117
55115100800,4567,-89.16061951475832,44.85062948025187
55115100900,3732,-88.76847222267196,44.72245610926086
55115101000,3674,-88.42141942672062,44.73323043537685
55115101100,3908,-88.41897949135314,44.64616036305097
55117000100,3650,-87.70433197866717,43.77143474766186
55117000201,2908,-87.71838339281179,43.76475589756199
55117000202,4415,-87.71852705297172,43.77949218928936
55117000300,7248,-87.74274290720439,43.77287012116236
55117000400,4344,-87.74642932142623,43.75330909308830
55117000500,3627,-87.72281442730254,43.75696100076326
55117000800,5299,-87.71288112521852,43.74189139368141
55117000900,5538,-87.74548578349813,43.72538616217437
55117001000,7545,-87.72968889234117,43.71517310947775
55117001100,3750,-87.70890089319813,43.71570964811633
55117010100,1429,-87.80548910582407,43.85771105149856
55117010200,4718,-87.86134500807401,43.82657727630220
55117010300,3080,-87.98168255894058,43.84816911317262
55117010400,2989,-88.09856448978204,43.80396301244366
55117010502,3798,-87.94842147846229,43.76535633395081
55117010503,3526,-87.97315771925305,43.73407498395822
55117010504,4440,-88.00842619348616,43.75690856239861
55117010601,5517,-87.82690351914960,43.72627975688061
55117010602,4373,-87.86364725204774,43.76450916003571
55117010700,9192,-87.77131574999318,43.76858682057163
55117010800,3676,-87.75541768769902,43.67235479123548
55117010900,3100,-87.86035502596135,43.67439103792272
55117011000,2715,-87.98031521517228,43.67446279586528
55117011100,3664,-88.10028788277832,43.62996328181264
55117011200,3511,-87.98071239617614,43.58678942409924
55117011301,4409,-87.79145508212976,43.59575220551794
55117011302,3024,-87.87089996049163,43.58549893147690
55117011400,2549,-87.70427758310743,43.75403081878083
55117990000,0,-87.41723978074913,43.71881884218217
55119960100,4190,-90.17164669187527,45.25160777064878
55119960200,1990,-90.56497125500549,45.28938345526203
55119960300,2873,-90.77849415856402,45.15198156315342
55119960400,4602,-90.42990443760118,45.16385309651611
55119960500,2926,-90.35489461034422,45.13418308682032
55119960600,3332,-90.37737682117086,45.07593597433454
55121100100,3423,-91.27590998796596,44.50146709908009
55121100200,3346,-91.42196667513365,44.52323227541775
55121100300,2555,-91.44347672133449,44.33930145536932
55121100400,4050,-91.27278645377760,44.38886027021815
55121100500,3038,-91.27130143118274,44.24970136067746
55121100600,4858,-91.48747456424388,44.21468150871388
55121100700,5599,-91.44222458721816,44.07876061456039
55121100800,3891,-91.25059305859747,44.12633613545573
55123960100,4399,-90.42683321853657,43.64087326840060
55123960200,4319,-90.65778722888771,43.64041600448122
55123960300,4509,-90.84048798044208,43.64844320592753
55123960400,5017,-90.88124827771928,43.55965632111277
55123960500,3583,-90.86509781613867,43.48219931129174
55123960600,4800,-91.02662001358470,43.62666205488636
55123960700,4087,-91.18248161057369,43.57486883485720
55125940000,3573,-89.87985305802751,45.97234827906640
55125950201,2952,-89.21000891634573,46.07250668868777
55125950202,1481,-89.05418877385614,46.00133420223600
55125950501,3060,-89.37344049193885,45.93741109981487
55125950502,3191,-89.22718456465512,45.89792941421350
55125950601,2693,-89.74483687426380,46.11929141462392
55125950602,1738,-89.49383191072083,46.12287252030594
55125950700,4359,-89.61007986819442,45.94574957817188
55127000102,2633,-88.34892855618727,42.79030598907053
55127000103,2758,-88.40885674264250,42.78277524473933
55127000104,3510,-88.39156915749557,42.82075738412713
55127000201,3681,-88.49091979698507,42.77548784369447
55127000202,2888,-88.39556383862940,42.70919196477447
55127000301,3038,-88.67582144929824,42.78809277465054
55127000303,3457,-88.57022258045296,42.76549868255444
55127000304,2864,-88.65796237883029,42.70833322026309
55127000400,4007,-88.71813944853641,42.82985702709122
55127000501,4092,-88.75339921717865,42.83911030948160
55127000502,3771,-88.76093486042539,42.82397399313616
55127000600,5496,-88.71905251880132,42.57889751060751
55127000701,4200,-88.66011916196173,42.63906113245907
55127000702,4652,-88.63711045146533,42.64057792711191
55127000801,1810,-88.58174298392009,42.63430586693529
55127000802,2707,-88.61674534014250,42.60270314537123
55127000901,6115,-88.56557643286666,42.67560392411979
55127000902,3587,-88.53002086216199,42.67186767545896
55127001000,5036,-88.40530315695457,42.63277446761784
55127001501,3485,-88.50443451343247,42.60727667942978
55127001503,2369,-88.43037993496489,42.60329277139425
55127001504,3044,-88.47284491668316,42.59628654928934
55127001603,2923,-88.55629009360506,42.57812477008128
55127001605,4180,-88.42259550935101,42.58038016891291
55127001606,2462,-88.47543614582992,42.56648205032921
55127001607,3656,-88.55044071094719,42.54460581276571
55127001608,2819,-88.59930420016873,42.53152454825736
55127001701,5918,-88.34922887783702,42.55372132507082
55127001702,5320,-88.50320786126258,42.52500181902606
55129950100,2116,-91.76518108076795,46.08419089502488
55129950200,1870,-91.90792932842274,45.96919512261382
55129950300,2925,-91.63887678164267,45.83698729357299
55129950501,2753,-91.83267219272591,45.83609613819689
55129950502,2292,-91.76851793707547,45.73045572844339
55129950600,4667,-91.94750027991370,45.76320279943666
55131400102,3691,-88.14120776750975,43.43866763595705
55131400103,3645,-88.10093205839841,43.49847789431407
55131400104,5949,-88.09623864234915,43.40817389584689
55131410100,5427,-88.22093886281763,43.51378960239774
55131420104,5177,-88.22955531352581,43.45413558363866
55131420105,4544,-88.17600725506092,43.44275219715629
55131420106,3490,-88.20632038377742,43.44425155002125
55131420107,3412,-88.20349083821968,43.38274088310819
55131420108,2435,-88.25812756192811,43.40204034943375
55131420200,5545,-88.19322324406049,43.41259304020155
55131420300,5765,-88.17060685584521,43.41137708503494
55131420401,2417,-88.18224713496623,43.42545013274574
55131420402,2085,-88.20016417006572,43.43038007811185
55131430100,5646,-88.34119468630955,43.45637550603705
55131440103,5181,-88.38388310074363,43.34470396225687
55131440104,6507,-88.38913360362369,43.30045950391339
55131440105,3843,-88.32724734549070,43.32550896008942
55131440106,3825,-88.35958581117927,43.23749036296952
55131440200,3856,-88.37771887339208,43.31669468689702
55131450103,5477,-88.13145758100782,43.34597392819905
55131450105,3014,-88.23601328792338,43.34162612532543
55131450106,6144,-88.26585136145428,43.30906179477822
55131450107,3587,-88.17825597705024,43.30289627832897
55131450108,3202,-88.10967764724562,43.30120006188145
55131460101,6320,-88.25602332768673,43.24465599109637
55131460102,5419,-88.21197655532018,43.22196577231568
55131470100,5790,-88.13296322856752,43.24354503750842
55131470202,6124,-88.11286868779233,43.20668843212918
55131470203,5028,-88.09830536756743,43.22828439222639
55131470204,4216,-88.08335494838906,43.20649841528651
55133200101,4513,-88.13400027032107,43.17896405888289
55133200102,5440,-88.11340161145435,43.18117700036471
55133200103,3017,-88.09234614526227,43.17725492912905
55133200201,3639,-88.11900526898980,43.15932979258143
55133200202,4493,-88.07917971580076,43.16635226186544
55133200300,5288,-88.16092139800554,43.14710223401531
55133200400,7375,-88.10183948772877,43.13416448281789
55133200500,6069,-88.10602312528682,43.11190264080667
55133200600,1787,-88.07124626089519,43.10843788628304
55133200700,4168,-88.09766519818726,43.09676767789538
55133200801,5308,-88.18264238795867,43.07981525732730
55133200803,4806,-88.14622943558057,43.09321451703725
55133200804,4192,-88.14712927689368,43.07298704117023
55133200901,4364,-88.08298164891920,43.07725977379512
55133200902,4326,-88.10937741584056,43.07275669646262
55133201001,2557,-88.08503766877121,43.04075579786850
55133201002,4057,-88.08772836158660,43.05255587207952
55133201101,5233,-88.11262028684320,43.03692764390340
55133201102,3167,-88.08272961582352,43.02460399590219
55133201201,2064,-88.18289758815037,43.04934788644104
55133201203,3485,-88.13630530235102,43.03666548071529
55133201204,2736,-88.15502146251391,43.02577755641512
55133201205,4313,-88.15202089456294,43.05064947229730
55133201300,4821,-88.15945709322030,42.99837199085525
55133201402,4760,-88.07802306870893,43.00200117427275
55133201403,4308,-88.10771619202386,43.00976207424212
55133201404,3850,-88.10878763303224,42.99225467250853
55133201504,6084,-88.07906477029842,42.93991083884573
55133201505,2820,-88.11932807642845,42.96345749338989
55133201506,5564,-88.10378093714718,42.95188529660710
55133201507,3455,-88.07883748096663,42.96840196872311
55133201508,2976,-88.07838164637258,42.98273809468443
55133201600,5466,-88.16462475382355,42.95446720831146
55133201701,4597,-88.14248394292676,42.91652969223103
55133201703,5666,-88.11856363842820,42.90706253879308
55133201704,5307,-88.16919150036586,42.88579032931111
55133201800,1540,-88.11069960893364,42.92523607970573
55133201900,6402,-88.10804782483535,42.87358649800419
55133202001,5291,-88.26607404461765,42.89066750872586
55133202002,4077,-88.21494875280510,42.87712973018088
55133202101,4211,-88.29412850065832,42.96391023160702
55133202102,4799,-88.26017757199833,42.94849669483395
55133202103,3388,-88.21218764937333,42.95812762786478
55133202201,4211,-88.27668669660999,43.00072873275387
55133202203,2230,-88.26018266273731,42.99913066187297
55133202204,3437,-88.25008084532230,43.00865827429989
55133202301,4576,-88.24840162456850,42.98147501709560
55133202303,3398,-88.23193973633018,42.97349091112843
55133202304,3134,-88.23217862861657,42.99544860725528
55133202400,5018,-88.21338157903087,42.99389347120889
55133202500,4088,-88.20376103842538,43.00689939821284
55133202600,2887,-88.23114735602726,43.00633592624038
55133202700,1844,-88.23176906082075,43.01201040828527
55133202800,3827,-88.21360217977005,43.01975831742228
55133202901,4250,-88.19650750898978,43.03477266848863
55133202902,3420,-88.18228612212275,43.02219279097074
55133203000,2298,-88.23164113633489,43.03580431368667
55133203103,4516,-88.24690702811482,43.02277398733353
55133203104,3164,-88.26405577422702,43.03930205071500
55133203105,3385,-88.28728905770053,43.04253444948618
55133203106,3554,-88.26805532064492,43.01699964305811
55133203107,3892,-88.28326457318758,43.02848800718949
55133203200,4210,-88.31330184672422,43.07073770535102
55133203303,3712,-88.28846317703147,43.10248060454225
55133203304,5588,-88.23265913651548,43.09831396093750
55133203305,4685,-88.27244827420915,43.06138571753050
55133203307,3068,-88.23268720209316,43.05970121633108
55133203308,3342,-88.21949511207053,43.07541998383491
55133203402,3941,-88.22767731475294,43.12284710090940
55133203403,5770,-88.20434552162206,43.15457331249215
55133203404,3587,-88.20427004113959,43.12479882375029
55133203405,4252,-88.30690288381389,43.13791659068337
55133203406,6885,-88.25413397398867,43.16276612826901
55133203501,3921,-88.35451092598107,43.16844250353318
55133203502,2676,-88.37061034167479,43.12532444097820
55133203601,4072,-88.34699025819985,43.10986299629430
55133203602,5940,-88.33059508235625,43.09598931287285
55133203702,4796,-88.37158994413450,43.03423759240079
55133203703,3430,-88.40703441154479,43.08409069924756
55133203704,4766,-88.37329649128321,43.07289268824816
55133203802,6125,-88.37077249999454,42.89138147265992
55133203803,4033,-88.39268805560111,42.94564319254233
55133203805,4996,-88.33366316881465,43.00508927665834
55133203806,2834,-88.33884223102991,42.96573772588529
55133203901,4884,-88.34976166056502,42.86809592869588
55133203902,4345,-88.31878140218522,42.86664261896170
55133204002,5545,-88.48246903839508,42.88728025307474
55133204003,3894,-88.50756809071810,42.99962744818109
55133204004,4227,-88.45811159365317,42.97058259724376
55133204100,5365,-88.47805967248698,43.05926185687057
55133204201,2896,-88.50542713417411,43.10618651463201
55133204202,4294,-88.52291418687315,43.10039448761398
55133204301,6697,-88.48010051311685,43.12479805306411
55133204302,4030,-88.48323774931293,43.09225322721952
55133204400,2242,-88.51732941122202,43.13449949592503
55133204501,2664,-88.46666633650605,43.17002507399417
55133204503,3466,-88.44037007446893,43.11876887598090
55133204504,2892,-88.41182361303962,43.12179900000000
55135100100,3719,-88.76172548697198,44.63680887763345
55135100200,2758,-88.97200222715941,44.59580464315813
55135100300,3741,-89.16216386585782,44.50879477261834
55135100400,4516,-89.00122675831585,44.48460932008409
55135100500,2841,-89.16768896724884,44.37812567282396
55135100600,4989,-89.10905970411592,44.28839531647626
55135100700,3375,-88.97348359294479,44.33439677931511
55135100800,4720,-88.82514779487116,44.30237652060427
55135100900,6051,-88.76471744081499,44.39325993881352
55135101000,6349,-89.08989221480302,44.35542862601674
55135101100,5028,-88.77713950303823,44.61892118993485
55135101200,3725,-88.85773674719486,44.41431499797490
55137960100,2959,-88.98888138671144,44.17038944202618
55137960201,1207,-89.18605763100256,44.19910669997818
55137960202,2666,-89.13180508341985,44.11267139664729
55137960300,3331,-89.41966622568532,44.19953396987168
55137960400,3490,-89.48336650704201,44.06856204473883
55137960600,2027,-89.19710600300124,44.02699683583504
55137960700,4425,-89.01647017635359,44.02710321580182
55137960800,4415,-89.31256030595904,44.06817053182739
55139000100,2895,-88.52383720998695,44.01249139925334
55139000200,2612,-88.52398946495863,44.02144313732268
55139000300,4120,-88.46347424749838,44.01610293680289
55139000400,3047,-88.53541553680741,44.04288252573000
55139000501,2838,-88.54063589397632,44.01890862238427
55139000502,3424,-88.53582097907193,44.02763926680316
55139000700,4777,-88.55152970570916,44.02703165017343
55139000800,3131,-88.55355868746291,44.03583045944139
55139000900,3389,-88.56057962809828,44.04717865740277
55139001000,2620,-88.57247459715657,44.03320150151344
55139001100,4255,-88.57157788362666,44.01839555755741
55139001200,2054,-88.55207887775680,44.01468269864371
55139001300,2699,-88.56960811403682,44.00445501598976
55139001400,3866,-88.56182879109487,43.99245201882404
55139001500,3092,-88.53557327069500,43.99566210054607
55139001600,4154,-88.47320453354979,44.07483139205471
55139001700,5336,-88.59037560703381,44.07602231301875
55139001801,5446,-88.61305938197954,43.99645626227138
55139001803,6075,-88.61328358336543,44.02112829678178
55139001804,4725,-88.61687784668722,44.04496442571297
55139001900,5332,-88.52409222654863,43.93740246604388
55139002001,3105,-88.71173473004283,44.05292821308567
55139002002,4204,-88.70396452831447,43.96555251384689
55139002100,3608,-88.82515165587405,44.03157366020239
55139002201,5134,-88.70482639639594,44.11325877294426
55139002202,2997,-88.76086962182285,44.20288156417359
55139002300,5691,-88.57704128116467,44.16628060775069
55139002401,5045,-88.48299554998566,44.21669982969377
55139002402,5657,-88.50107672154247,44.22910069332738
55139002500,4876,-88.42455738926893,44.23852566811690
55139002601,3918,-88.44475547495577,44.22547994230828
55139002602,4585,-88.41457438528785,44.22504196421057
55139002700,2426,-88.45180600514759,44.21215233269091
55139002800,4569,-88.42114139179468,44.20823588994017
55139002900,2212,-88.45324960597077,44.20475779120407
55139003000,1641,-88.44107216710334,44.19772838035917
55139003100,2046,-88.43590468780368,44.19012807047612
55139003200,2353,-88.43084449967536,44.17786044898808
55139003300,2608,-88.46524943557058,44.18048467714129
55139003400,4259,-88.47968619619338,44.18513587821582
55139003500,2871,-88.47505558667449,44.16351543271710
55139003600,4191,-88.43492181762041,44.16289547687299
55139003701,3813,-88.49233053183843,44.16656934709638
55139003703,6371,-88.50791480605216,44.16101231244179
55139003704,3663,-88.45070051834587,44.13026215021713
55141010100,4552,-89.96060474464912,44.59767748492357
55141010200,4800,-90.11356875767414,44.64421477251567
55141010300,2878,-90.16786604282434,44.66614176609888
55141010400,3459,-90.16018917990158,44.64299827042973
55141010500,3236,-90.19004276897873,44.64780855287729
55141010600,4527,-90.18142408960146,44.67548973173719
55141010700,5085,-90.21606970131707,44.58708260731461
55141010800,2744,-90.19764039702090,44.38231934593554
55141010900,3951,-89.98817997653553,44.38607376030493
55141011000,5695,-89.76791705982517,44.41479569292513
55141011100,3536,-89.81136565181531,44.46005343510141
55141011200,3964,-89.88057793710882,44.38490548485566
55141011300,4477,-89.83387096393527,44.36272407487455
55141011400,5754,-89.80326474087187,44.36615561222094
55141011500,5975,-89.75836437514251,44.36510031346052
55141011600,5037,-89.80883295203475,44.29256105325115
55141011700,4537,-89.89546775616441,44.32940485603373
