+, 261637160, 261637090
+, 261637130, 261639930
+, 261637140, 261639930
+, 261637110, 2616310000
+, 261637110, 2616310690
+, 261637110, 261639170
+, 26041150, 26089100
+, 26041150, 2608920
+, 26041150, 2608930
+, 26041150, 2608970
+, 26041150, 2608990
+, 26041170, 26089100
+, 26041170, 2608920
+, 26041170, 2608930
+, 26041170, 2608970
+, 26041170, 2608990
+, 2615310, 26089100
+, 2615310, 2608920
+, 2615310, 2608930
+, 2615310, 2608970
+, 2615310, 2608990
+, 26153100, 26089100
+, 26153100, 2608920
+, 26153100, 2608930
+, 26153100, 2608970
+, 26153100, 2608990
+, 26153120, 26089100
+, 26153120, 2608920
+, 26153120, 2608930
+, 26153120, 2608970
+, 26153120, 2608990
+, 2615390, 26089100
+, 2615390, 2608920
+, 2615390, 2608930
+, 2615390, 2608970
+, 2615390, 2608990
+, 26097100, 26097110
+, 26097100, 26097160
+, 2609730, 2609750
+, 26097100, 26031140
+, 26097100, 2603120
+, 26097100, 2603130
+, 26097100, 2603160
+, 26097100, 2603170
+, 2609730, 26031140
+, 2609730, 2603120
+, 2609730, 2603130
+, 2609730, 2603160
+, 2609730, 2603170
+, 2603360, 2603360
+, 26033160, 26033160